# Height [m];Temperature [K];Wind Speed [m/s];Relative Humidity [%]
0.000000000000000000e+00;2.858950875862931866e+02;0.000000000000000000e+00;0.000000000000000000e+00
7.142857142857143060e+01;2.856836346388863035e+02;-4.254289738520530828e-02;0.000000000000000000e+00
1.428571428571428612e+02;2.854661722377043134e+02;-7.817006608816198798e-02;0.000000000000000000e+00
2.142857142857142776e+02;2.852428493383706609e+02;-1.067487857825723391e-01;0.000000000000000000e+00
2.857142857142857224e+02;2.850138127639985441e+02;-1.281564493565066354e-01;0.000000000000000000e+00
3.571428571428571672e+02;2.847792072274681914e+02;-1.422803707441076537e-01;0.000000000000000000e+00
4.285714285714285552e+02;2.845391753535350858e+02;-1.490175941139688931e-01;0.000000000000000000e+00
5.000000000000000000e+02;2.842938577007673189e+02;-1.482747044141863590e-01;0.000000000000000000e+00
5.714285714285714448e+02;2.840433927833153120e+02;-1.399676392740847874e-01;0.000000000000000000e+00
6.428571428571428896e+02;2.837879170925132257e+02;-1.240215022626168506e-01;0.000000000000000000e+00
7.142857142857143344e+02;2.835275651183138166e+02;-1.003703775034366780e-01;0.000000000000000000e+00
7.857142857142857792e+02;2.832624693705578238e+02;-6.895714564664726098e-02;0.000000000000000000e+00
8.571428571428571104e+02;2.829927604000773727e+02;-2.973330119722095502e-02;0.000000000000000000e+00
9.285714285714285552e+02;2.827185668196367487e+02;1.734122879990560376e-02;0.000000000000000000e+00
1.000000000000000000e+03;2.824400153247087815e+02;7.229826471806248545e-02;0.000000000000000000e+00
1.071428571428571558e+03;2.821572307140899056e+02;1.351615529504048840e-01;0.000000000000000000e+00
1.142857142857142890e+03;2.818703359103533899e+02;2.059469431547962248e-01;0.000000000000000000e+00
1.214285714285714221e+03;2.815794519801418687e+02;2.846625641420189590e-01;0.000000000000000000e+00
1.285714285714285779e+03;2.812846981543013953e+02;3.713089984073109084e-01;0.000000000000000000e+00
1.357142857142857110e+03;2.809861918478554230e+02;4.658794553052265641e-01;0.000000000000000000e+00
1.428571428571428669e+03;2.806840486798225243e+02;5.683599428678273169e-01;0.000000000000000000e+00
1.500000000000000000e+03;2.803783824928755735e+02;6.787294382661951397e-01;0.000000000000000000e+00
1.571428571428571558e+03;2.800693053728463724e+02;7.969600569152747171e-01;0.000000000000000000e+00
1.642857142857142890e+03;2.797569276680741268e+02;9.230172202220402466e-01;0.000000000000000000e+00
1.714285714285714221e+03;2.794413580086002753e+02;1.056859821976988689e+00;0.000000000000000000e+00
1.785714285714285779e+03;2.791227033252094998e+02;1.198440393388961800e+00;0.000000000000000000e+00
1.857142857142857110e+03;2.788010688683186800e+02;1.347705266763286946e+00;0.000000000000000000e+00
1.928571428571428669e+03;2.784765582267131094e+02;1.504594737823255812e+00;0.000000000000000000e+00
2.000000000000000000e+03;2.781492733461333273e+02;1.669043226674916669e+00;0.000000000000000000e+00
2.071428571428571558e+03;2.778193145477112012e+02;1.840979437415205311e+00;0.000000000000000000e+00
2.142857142857143117e+03;2.774867805462560568e+02;2.020326516383388782e+00;0.000000000000000000e+00
2.214285714285714221e+03;2.771517684683949483e+02;2.207002209055847430e+00;0.000000000000000000e+00
2.285714285714285779e+03;2.768143738705627470e+02;2.400919015584178862e+00;0.000000000000000000e+00
2.357142857142857338e+03;2.764746907568471102e+02;2.601984344976622676e+00;0.000000000000000000e+00
2.428571428571428442e+03;2.761328115966879864e+02;2.810100667922817763e+00;0.000000000000000000e+00
2.500000000000000000e+03;2.757888273424311478e+02;3.025165668261888818e+00;0.000000000000000000e+00
2.571428571428571558e+03;2.754428274467381925e+02;3.247072393093848319e+00;0.000000000000000000e+00
2.642857142857143117e+03;2.750948998798539264e+02;3.475709401534334386e+00;0.000000000000000000e+00
2.714285714285714221e+03;2.747451311467293635e+02;3.710960912112665433e+00;0.000000000000000000e+00
2.785714285714285779e+03;2.743936063040059139e+02;3.952706948813239141e+00;0.000000000000000000e+00
2.857142857142857338e+03;2.740404089768564404e+02;4.200823485760230902e+00;0.000000000000000000e+00
2.928571428571428442e+03;2.736856213756869352e+02;4.455182590545643251e+00;0.000000000000000000e+00
3.000000000000000000e+03;2.733293243127004075e+02;4.715652566200669860e+00;0.000000000000000000e+00
3.071428571428571558e+03;2.729715972183196868e+02;4.982098091810379437e+00;0.000000000000000000e+00
3.142857142857143117e+03;2.726125181574760177e+02;5.254380361771739949e+00;0.000000000000000000e+00
3.214285714285714221e+03;2.722521638457581616e+02;5.532357223694964965e+00;0.000000000000000000e+00
3.285714285714285779e+03;2.718906096654263251e+02;5.815883314948179006e+00;0.000000000000000000e+00
3.357142857142857338e+03;2.715279296812923349e+02;6.104810197845415232e+00;0.000000000000000000e+00
3.428571428571428442e+03;2.711641966564632185e+02;6.398986493477933912e+00;0.000000000000000000e+00
3.500000000000000000e+03;2.707994820679531927e+02;6.698258014188886555e+00;0.000000000000000000e+00
3.571428571428571558e+03;2.704338561221611599e+02;7.002467894691264405e+00;0.000000000000000000e+00
3.642857142857143117e+03;2.700673877702182608e+02;7.311456721829229899e+00;0.000000000000000000e+00
3.714285714285714221e+03;2.697001447232017313e+02;7.625062662982715622e+00;0.000000000000000000e+00
3.785714285714285779e+03;2.693321934672205202e+02;7.943121593115404444e+00;0.000000000000000000e+00
3.857142857142857338e+03;2.689635992783702250e+02;8.265467220465987808e+00;0.000000000000000000e+00
3.928571428571428896e+03;2.685944262375588778e+02;8.591931210882782111e+00;0.000000000000000000e+00
4.000000000000000000e+03;2.682247372452059153e+02;8.922343310801656102e+00;0.000000000000000000e+00
4.071428571428571558e+03;2.678545940358118855e+02;9.256531468867304824e+00;0.000000000000000000e+00
4.142857142857143117e+03;2.674840571924033839e+02;9.594321956197811474e+00;0.000000000000000000e+00
4.214285714285714675e+03;2.671131861608509439e+02;9.935539485292570916e+00;0.000000000000000000e+00
4.285714285714286234e+03;2.667420392640627256e+02;1.028000732758351710e+01;0.000000000000000000e+00
4.357142857142856883e+03;2.663706737160532612e+02;1.062754742962970766e+01;0.000000000000000000e+00
4.428571428571428442e+03;2.659991456358886808e+02;1.097798052795519830e+01;0.000000000000000000e+00
4.500000000000000000e+03;2.656275100615096108e+02;1.133112626253024580e+01;0.000000000000000000e+00
4.571428571428571558e+03;2.652558209634316881e+02;1.168680328889587905e+01;0.000000000000000000e+00
4.642857142857143117e+03;2.648841312583246577e+02;1.204482938893175081e+01;0.000000000000000000e+00
4.714285714285714675e+03;2.645124928224709038e+02;1.240502158026732182e+01;0.000000000000000000e+00
4.785714285714286234e+03;2.641409565051040431e+02;1.276719622433640033e+01;0.000000000000000000e+00
4.857142857142856883e+03;2.637695721416293964e+02;1.313116913307498201e+01;0.000000000000000000e+00
4.928571428571428442e+03;2.633983885667245772e+02;1.349675567426243283e+01;0.000000000000000000e+00
5.000000000000000000e+03;2.630274536273226431e+02;1.386377087550595633e+01;0.000000000000000000e+00
5.071428571428571558e+03;2.626568141954801945e+02;1.423202952686846245e+01;0.000000000000000000e+00
5.142857142857143117e+03;2.622865161811259895e+02;1.460134628213966579e+01;0.000000000000000000e+00
5.214285714285714675e+03;2.619166045446978046e+02;1.497153575875063503e+01;0.000000000000000000e+00
5.285714285714286234e+03;2.615471233096609467e+02;1.534241263633153984e+01;0.000000000000000000e+00
5.357142857142856883e+03;2.611781155749152958e+02;1.571379175391277982e+01;0.000000000000000000e+00
5.428571428571428442e+03;2.608096235270878651e+02;1.608548820576948657e+01;0.000000000000000000e+00
5.500000000000000000e+03;2.604416884527125262e+02;1.645731743590926754e+01;0.000000000000000000e+00
5.571428571428571558e+03;2.600743507502988336e+02;1.682909533120332668e+01;0.000000000000000000e+00
5.642857142857143117e+03;2.597076499422879579e+02;1.720063831316089775e+01;0.000000000000000000e+00
5.714285714285714675e+03;2.593416246869003885e+02;1.757176342834700478e+01;0.000000000000000000e+00
5.785714285714286234e+03;2.589763127898706330e+02;1.794228843744356539e+01;0.000000000000000000e+00
5.857142857142856883e+03;2.586117512160763567e+02;1.831203190295377681e+01;0.000000000000000000e+00
5.928571428571428442e+03;2.582479761010557127e+02;1.868081327554988036e+01;0.000000000000000000e+00
6.000000000000000000e+03;2.578850227624193394e+02;1.904845297906420143e+01;0.000000000000000000e+00
6.071428571428571558e+03;2.575229257111540164e+02;1.941477249412357864e+01;0.000000000000000000e+00
6.142857142857143117e+03;2.571617186628200784e+02;1.977959444042705073e+01;0.000000000000000000e+00
6.214285714285714675e+03;2.568014345486433854e+02;2.014274265766690064e+01;0.000000000000000000e+00
6.285714285714286234e+03;2.564421055265017912e+02;2.050404228509306392e+01;0.000000000000000000e+00
6.357142857142856883e+03;2.560837629918078164e+02;2.086331983972078064e+01;0.000000000000000000e+00
6.428571428571428442e+03;2.557264375882869274e+02;2.122040329318164353e+01;0.000000000000000000e+00
6.500000000000000000e+03;2.553701592186530718e+02;2.157512214721793598e+01;0.000000000000000000e+00
6.571428571428571558e+03;2.550149570551818101e+02;2.192730750782033056e+01;0.000000000000000000e+00
6.642857142857143117e+03;2.546608595501822947e+02;2.227679215800886681e+01;0.000000000000000000e+00
6.714285714285714675e+03;2.543078944463663618e+02;2.262341062925725765e+01;0.000000000000000000e+00
6.785714285714286234e+03;2.539560887871193131e+02;2.296699927156061705e+01;0.000000000000000000e+00
6.857142857142856883e+03;2.536054689266701700e+02;2.330739632214637425e+01;0.000000000000000000e+00
6.928571428571428442e+03;2.532560605401619114e+02;2.364444197282861637e+01;0.000000000000000000e+00
7.000000000000000000e+03;2.529078886336243954e+02;2.397797843600569578e+01;0.000000000000000000e+00
7.071428571428571558e+03;2.525609775538495114e+02;2.430785000930119466e+01;0.000000000000000000e+00
7.142857142857143117e+03;2.522153509981677075e+02;2.463390313884823968e+01;0.000000000000000000e+00
7.214285714285714675e+03;2.518710320241296472e+02;2.495598648121708152e+01;0.000000000000000000e+00
7.285714285714286234e+03;2.515280430590911180e+02;2.527395096398603869e+01;0.000000000000000000e+00
7.357142857142857792e+03;2.511864059097026427e+02;2.558764984495577011e+01;0.000000000000000000e+00
7.428571428571428442e+03;2.508461417713048718e+02;2.589693877000685518e+01;0.000000000000000000e+00
7.500000000000000000e+03;2.505072712372293893e+02;2.620167582960074171e+01;0.000000000000000000e+00
7.571428571428571558e+03;2.501698143080065790e+02;2.650172161392392667e+01;0.000000000000000000e+00
7.642857142857143117e+03;2.498337904004804386e+02;2.679693926667557591e+01;0.000000000000000000e+00
7.714285714285714675e+03;2.494992183568315625e+02;2.708719453749841577e+01;0.000000000000000000e+00
7.785714285714286234e+03;2.491661164535082946e+02;2.737235583305293929e+01;0.000000000000000000e+00
7.857142857142857792e+03;2.488345024100670742e+02;2.765229426673494117e+01;0.000000000000000000e+00
7.928571428571428442e+03;2.485043933979222288e+02;2.792688370703643841e+01;0.000000000000000000e+00
8.000000000000000000e+03;2.481758060490066384e+02;2.819600082454981305e+01;0.000000000000000000e+00
8.071428571428571558e+03;2.478487564643429835e+02;2.845952513761540814e+01;0.000000000000000000e+00
8.142857142857143117e+03;2.475232602225261473e+02;2.871733905661225705e+01;0.000000000000000000e+00
8.214285714285713766e+03;2.471993323881182505e+02;2.896932792689242930e+01;0.000000000000000000e+00
8.285714285714286234e+03;2.468769875199566286e+02;2.921538007035843876e+01;0.000000000000000000e+00
8.357142857142856883e+03;2.465562396793739595e+02;2.945538682568397348e+01;0.000000000000000000e+00
8.428571428571429351e+03;2.462371024383335794e+02;2.968924258717836295e+01;0.000000000000000000e+00
8.500000000000000000e+03;2.459195888874787670e+02;2.991684484229367058e+01;0.000000000000000000e+00
8.571428571428572468e+03;2.456037116440969044e+02;3.013809420777581849e+01;0.000000000000000000e+00
8.642857142857143117e+03;2.452894828599995947e+02;3.035289446445852235e+01;0.000000000000000000e+00
8.714285714285713766e+03;2.449769142293190214e+02;3.056115259070089962e+01;0.000000000000000000e+00
8.785714285714286234e+03;2.446660169962208613e+02;3.076277879446816144e+01;0.000000000000000000e+00
8.857142857142856883e+03;2.443568019625352292e+02;3.095768654405573628e+01;0.000000000000000000e+00
8.928571428571429351e+03;2.440492794953046882e+02;3.114579259745676865e+01;0.000000000000000000e+00
9.000000000000000000e+03;2.437434595342516275e+02;3.132701703037282925e+01;0.000000000000000000e+00
9.071428571428572468e+03;2.434393515991644108e+02;3.150128326286800018e+01;0.000000000000000000e+00
9.142857142857143117e+03;2.431369647972034613e+02;3.166851808466635987e+01;0.000000000000000000e+00
9.214285714285713766e+03;2.428363078301267990e+02;3.182865167909269388e+01;0.000000000000000000e+00
9.285714285714286234e+03;2.425373890014380720e+02;3.198161764565652021e+01;0.000000000000000000e+00
9.357142857142856883e+03;2.422402162234536434e+02;3.212735302127956771e+01;0.000000000000000000e+00
9.428571428571429351e+03;2.419447970242941039e+02;3.226579830016643058e+01;0.000000000000000000e+00
9.500000000000000000e+03;2.416511385547964892e+02;3.239689745231866880e+01;0.000000000000000000e+00
9.571428571428572468e+03;2.413592475953497001e+02;3.252059794069220544e+01;0.000000000000000000e+00
9.642857142857143117e+03;2.410691305626553174e+02;3.263685073699787864e+01;0.000000000000000000e+00
9.714285714285713766e+03;2.407807935164096875e+02;3.274561033614572381e+01;0.000000000000000000e+00
9.785714285714286234e+03;2.404942421659130218e+02;3.284683476933209789e+01;0.000000000000000000e+00
9.857142857142856883e+03;2.402094818766030642e+02;3.294048561577042733e+01;0.000000000000000000e+00
9.928571428571429351e+03;2.399265176765139813e+02;3.302652801306535224e+01;0.000000000000000000e+00
1.000000000000000000e+04;2.396453542626619253e+02;3.310493066622976244e+01;0.000000000000000000e+00
1.007142857142857247e+04;2.393659960073581772e+02;3.317566585534585499e+01;0.000000000000000000e+00
1.014285714285714312e+04;2.390884469644482238e+02;3.323870944186879228e+01;0.000000000000000000e+00
1.021428571428571377e+04;2.388127108754797518e+02;3.329404087357410447e+01;0.000000000000000000e+00
1.028571428571428623e+04;2.385387911757993038e+02;3.334164318814838168e+01;0.000000000000000000e+00
1.035714285714285688e+04;2.382666910005768273e+02;3.338150301542329146e+01;0.000000000000000000e+00
1.042857142857142935e+04;2.379964131907605065e+02;3.341361057825263714e+01;0.000000000000000000e+00
1.050000000000000000e+04;2.377279602989618184e+02;3.343795969203329577e+01;0.000000000000000000e+00
1.057142857142857247e+04;2.374613345952699035e+02;3.345454776286882748e+01;0.000000000000000000e+00
1.064285714285714312e+04;2.371965380729986634e+02;3.346337578437703542e+01;0.000000000000000000e+00
1.071428571428571377e+04;2.369335724543641106e+02;3.346444833314029665e+01;0.000000000000000000e+00
1.078571428571428623e+04;2.366724391960939613e+02;3.345777356279981518e+01;0.000000000000000000e+00
1.085714285714285688e+04;2.364131394949708351e+02;3.344336319679260328e+01;0.000000000000000000e+00
1.092857142857142935e+04;2.361556742933069870e+02;3.342123251973206521e+01;0.000000000000000000e+00
1.100000000000000000e+04;2.359000442843536121e+02;3.339140036743189199e+01;0.000000000000000000e+00
1.107142857142857247e+04;2.356462499176443259e+02;3.335388911557366498e+01;0.000000000000000000e+00
1.114285714285714312e+04;2.353942914042725363e+02;3.330872466701689660e+01;0.000000000000000000e+00
1.121428571428571377e+04;2.351441687221043537e+02;3.325593643775300734e+01;0.000000000000000000e+00
1.128571428571428623e+04;2.348958816209274971e+02;3.319555734150291926e+01;0.000000000000000000e+00
1.135714285714285688e+04;2.346494296275347722e+02;3.312762377295705107e+01;0.000000000000000000e+00
1.142857142857142935e+04;2.344048120507462158e+02;3.305217558965962610e+01;0.000000000000000000e+00
1.150000000000000000e+04;2.341620279863665530e+02;3.296925609253563039e+01;0.000000000000000000e+00
1.157142857142857247e+04;2.339210763220804949e+02;3.287891200506136613e+01;0.000000000000000000e+00
1.164285714285714312e+04;2.336819557422873288e+02;3.278119345107802474e+01;0.000000000000000000e+00
1.171428571428571377e+04;2.334446647328722122e+02;3.267615393124962964e+01;0.000000000000000000e+00
1.178571428571428623e+04;2.332092015859175831e+02;3.256385029816243559e+01;0.000000000000000000e+00
1.185714285714285688e+04;2.329755644043536620e+02;3.244434273006972802e+01;0.000000000000000000e+00
1.192857142857142935e+04;2.327437511065489275e+02;3.231769470327831328e+01;0.000000000000000000e+00
1.200000000000000000e+04;2.325137594308409348e+02;3.218397296317937162e+01;0.000000000000000000e+00
1.207142857142857247e+04;2.322855869400079314e+02;3.204324749392196736e+01;0.000000000000000000e+00
1.214285714285714312e+04;2.320592310256819246e+02;3.189559148673042444e+01;0.000000000000000000e+00
1.221428571428571377e+04;2.318346889127036548e+02;3.174108130686458651e+01;0.000000000000000000e+00
1.228571428571428623e+04;2.316119576634195028e+02;3.157979645922356582e+01;0.000000000000000000e+00
1.235714285714285688e+04;2.313910341819212988e+02;3.141181955259320802e+01;0.000000000000000000e+00
1.242857142857142935e+04;2.311719152182292021e+02;3.123723626253583063e+01;0.000000000000000000e+00
1.250000000000000000e+04;2.309545973724187036e+02;3.105613529292484287e+01;0.000000000000000000e+00
1.257142857142857247e+04;2.307390770986903021e+02;3.086860833612092136e+01;0.000000000000000000e+00
1.264285714285714312e+04;2.305253507093862027e+02;3.067475003179319515e+01;0.000000000000000000e+00
1.271428571428571377e+04;2.303134143789488064e+02;3.047465792438244847e+01;0.000000000000000000e+00
1.278571428571428623e+04;2.301032641478276162e+02;3.026843241920847305e+01;0.000000000000000000e+00
1.285714285714285688e+04;2.298948959263298377e+02;3.005617673722024108e+01;0.000000000000000000e+00
1.292857142857142935e+04;2.296883054984186572e+02;2.983799686838969478e+01;0.000000000000000000e+00
1.300000000000000000e+04;2.294834885254577159e+02;2.961400152374885408e+01;0.000000000000000000e+00
1.307142857142857247e+04;2.292804405499023233e+02;2.938430208607039162e+01;0.000000000000000000e+00
1.314285714285714312e+04;2.290791569989394816e+02;2.914901255919046719e+01;0.000000000000000000e+00
1.321428571428571377e+04;2.288796331880745640e+02;2.890824951597676318e+01;0.000000000000000000e+00
1.328571428571428623e+04;2.286818643246677993e+02;2.866213204493845979e+01;0.000000000000000000e+00
1.335714285714285688e+04;2.284858455114187166e+02;2.841078169547935772e+01;0.000000000000000000e+00
1.342857142857142935e+04;2.282915717498002266e+02;2.815432242179583966e+01;0.000000000000000000e+00
1.350000000000000000e+04;2.280990379434428803e+02;2.789288052541628815e+01;0.000000000000000000e+00
1.357142857142857247e+04;2.279082389014682803e+02;2.762658459638547015e+01;0.000000000000000000e+00
1.364285714285714312e+04;2.277191693417746592e+02;2.735556545309088960e+01;0.000000000000000000e+00
1.371428571428571377e+04;2.275318238942718381e+02;2.707995608073365190e+01;0.000000000000000000e+00
1.378571428571428623e+04;2.273461971040687501e+02;2.679989156844123954e+01;0.000000000000000000e+00
1.385714285714285688e+04;2.271622834346122772e+02;2.651550904502607864e+01;0.000000000000000000e+00
1.392857142857142935e+04;2.269800772707789633e+02;2.622694761338367186e+01;0.000000000000000000e+00
1.400000000000000000e+04;2.267995729219182124e+02;2.593434828353748856e+01;0.000000000000000000e+00
1.407142857142857247e+04;2.266207646248502385e+02;2.563785390432640554e+01;0.000000000000000000e+00
1.414285714285714312e+04;2.264436465468159554e+02;2.533760909373316395e+01;0.000000000000000000e+00
1.421428571428571558e+04;2.262682127883816179e+02;2.503376016786010894e+01;0.000000000000000000e+00
1.428571428571428623e+04;2.260944573862977052e+02;2.472645506854443909e+01;0.000000000000000000e+00
1.435714285714285688e+04;2.259223743163121583e+02;2.441584328961887707e+01;0.000000000000000000e+00
1.442857142857142935e+04;2.257519574959389672e+02;2.410207580181554476e+01;0.000000000000000000e+00
1.450000000000000000e+04;2.255832007871823635e+02;2.378530497631300022e+01;0.000000000000000000e+00
1.457142857142857247e+04;2.254160979992162765e+02;2.346568450692532792e+01;0.000000000000000000e+00
1.464285714285714312e+04;2.252506428910210161e+02;2.314336933093730408e+01;0.000000000000000000e+00
1.471428571428571558e+04;2.250868291739757296e+02;2.281851554858010900e+01;0.000000000000000000e+00
1.478571428571428623e+04;2.249246505144087109e+02;2.249128034115176433e+01;0.000000000000000000e+00
1.485714285714285688e+04;2.247641005361038538e+02;2.216182188778043383e+01;0.000000000000000000e+00
1.492857142857142935e+04;2.246051728227670026e+02;2.183029928083254845e+01;0.000000000000000000e+00
1.500000000000000000e+04;2.244478609204481643e+02;2.149687243996049801e+01;0.000000000000000000e+00
1.507142857142857247e+04;2.242921583399238159e+02;2.116170202479895579e+01;0.000000000000000000e+00
1.514285714285714312e+04;2.241380585590382282e+02;2.082494934629963268e+01;0.000000000000000000e+00
1.521428571428571558e+04;2.239855550250026397e+02;2.048677627671193591e+01;0.000000000000000000e+00
1.528571428571428623e+04;2.238346411566560334e+02;2.014734515820754268e+01;0.000000000000000000e+00
1.535714285714285688e+04;2.236853103466846449e+02;1.980681871014570561e+01;0.000000000000000000e+00
1.542857142857142935e+04;2.235375559638021912e+02;1.946535993498375205e+01;0.000000000000000000e+00
1.550000000000000000e+04;2.233913713548916746e+02;1.912313202283093005e+01;0.000000000000000000e+00
1.557142857142857247e+04;2.232467498471069689e+02;1.878029825464571445e+01;0.000000000000000000e+00
1.564285714285714312e+04;2.231036847499371447e+02;1.843702190407393005e+01;0.000000000000000000e+00
1.571428571428571558e+04;2.229621693572322272e+02;1.809346613793456982e+01;0.000000000000000000e+00
1.578571428571428623e+04;2.228221969491911523e+02;1.774979391534517958e+01;0.000000000000000000e+00
1.585714285714285688e+04;2.226837607943122919e+02;1.740616788549141347e+01;0.000000000000000000e+00
1.592857142857142935e+04;2.225468541513071727e+02;1.706275028404263594e+01;0.000000000000000000e+00
1.600000000000000000e+04;2.224114702709775031e+02;1.671970282820592502e+01;0.000000000000000000e+00
1.607142857142857247e+04;2.222776023980553646e+02;1.637718661042848112e+01;0.000000000000000000e+00
1.614285714285714312e+04;2.221452437730084455e+02;1.603536199073928969e+01;0.000000000000000000e+00
1.621428571428571558e+04;2.220143876338081839e+02;1.569438848773660311e+01;0.000000000000000000e+00
1.628571428571428623e+04;2.218850272176642022e+02;1.535442466821865537e+01;0.000000000000000000e+00
1.635714285714285688e+04;2.217571557627225900e+02;1.501562803545573388e+01;0.000000000000000000e+00
1.642857142857142753e+04;2.216307665097299093e+02;1.467815491610718936e+01;0.000000000000000000e+00
1.650000000000000000e+04;2.215058527036637770e+02;1.434216034578258814e+01;0.000000000000000000e+00
1.657142857142857247e+04;2.213824075953276349e+02;1.400779795324274346e+01;0.000000000000000000e+00
1.664285714285714494e+04;2.212604244429142000e+02;1.367521984324901041e+01;0.000000000000000000e+00
1.671428571428571377e+04;2.211398965135337846e+02;1.334457647805174929e+01;0.000000000000000000e+00
1.678571428571428623e+04;2.210208170847108988e+02;1.301601655752438091e+01;0.000000000000000000e+00
1.685714285714285870e+04;2.209031794458472859e+02;1.268968689793916838e+01;0.000000000000000000e+00
1.692857142857142753e+04;2.207869768996537232e+02;1.236573230938734014e+01;0.000000000000000000e+00
1.700000000000000000e+04;2.206722027635489951e+02;1.204429547184321336e+01;0.000000000000000000e+00
1.707142857142857247e+04;2.205588503710278019e+02;1.172551680986987321e+01;0.000000000000000000e+00
1.714285714285714494e+04;2.204469130729971482e+02;1.140953436597101245e+01;0.000000000000000000e+00
1.721428571428571377e+04;2.203363842390814966e+02;1.109648367258057533e+01;0.000000000000000000e+00
1.728571428571428623e+04;2.202272572588981348e+02;1.078649762270373458e+01;0.000000000000000000e+00
1.735714285714285870e+04;2.201195255433009663e+02;1.047970633919277361e+01;0.000000000000000000e+00
1.742857142857142753e+04;2.200131825255954823e+02;1.017623704267361973e+01;0.000000000000000000e+00
1.750000000000000000e+04;2.199082216627232924e+02;9.876213918110465784e+00;0.000000000000000000e+00
1.757142857142857247e+04;2.198046364364170131e+02;9.579757980016267993e+00;0.000000000000000000e+00
1.764285714285714494e+04;2.197024203543273586e+02;9.286986936306163898e+00;0.000000000000000000e+00
1.771428571428571377e+04;2.196015669511198780e+02;8.998015050793355840e+00;0.000000000000000000e+00
1.778571428571428623e+04;2.195020697895442936e+02;8.712953004330472595e+00;0.000000000000000000e+00
1.785714285714285870e+04;2.194039224614750481e+02;8.431907754590952209e+00;0.000000000000000000e+00
1.792857142857142753e+04;2.193071185889243679e+02;8.154982394496641973e+00;0.000000000000000000e+00
1.800000000000000000e+04;2.192116518250279000e+02;7.882276009287636498e+00;0.000000000000000000e+00
1.807142857142857247e+04;2.191175158550021536e+02;7.613883532234865470e+00;0.000000000000000000e+00
1.814285714285714494e+04;2.190247043970770164e+02;7.349895598998102741e+00;0.000000000000000000e+00
1.821428571428571377e+04;2.189332112033982014e+02;7.090398400623826092e+00;0.000000000000000000e+00
1.828571428571428623e+04;2.188430300609069832e+02;6.835473535188953065e+00;0.000000000000000000e+00
1.835714285714285870e+04;2.187541547921916845e+02;6.585197858089486544e+00;0.000000000000000000e+00
1.842857142857142753e+04;2.186665792563136961e+02;6.339643330966737267e+00;0.000000000000000000e+00
1.850000000000000000e+04;2.185802973496084576e+02;6.098876869282548796e+00;0.000000000000000000e+00
1.857142857142857247e+04;2.184953030064608868e+02;5.862960188537158501e+00;0.000000000000000000e+00
1.864285714285714494e+04;2.184115902000558549e+02;5.631949649125658652e+00;0.000000000000000000e+00
1.871428571428571377e+04;2.183291529431039351e+02;5.405896099843630509e+00;0.000000000000000000e+00
1.878571428571428623e+04;2.182479852885432194e+02;5.184844720032401710e+00;0.000000000000000000e+00
1.885714285714285870e+04;2.181680813302168076e+02;4.968834860369042872e+00;0.000000000000000000e+00
1.892857142857142753e+04;2.180894352035261932e+02;4.757899882301217076e+00;0.000000000000000000e+00
1.900000000000000000e+04;2.180120410860612026e+02;4.552066996120402109e+00;0.000000000000000000e+00
1.907142857142857247e+04;2.179358931982074239e+02;4.351357097685081499e+00;0.000000000000000000e+00
1.914285714285714494e+04;2.178609858037295908e+02;4.155784603778556630e+00;0.000000000000000000e+00
1.921428571428571377e+04;2.177873132103327407e+02;3.965357286124344682e+00;0.000000000000000000e+00
1.928571428571428623e+04;2.177148697702009486e+02;3.780076104024828965e+00;0.000000000000000000e+00
1.935714285714285870e+04;2.176436498805142037e+02;3.599935035663975214e+00;0.000000000000000000e+00
1.942857142857142753e+04;2.175736479839422088e+02;3.424920908038075140e+00;0.000000000000000000e+00
1.950000000000000000e+04;2.175048585691185110e+02;3.255013225537709332e+00;0.000000000000000000e+00
1.957142857142857247e+04;2.174372761710907298e+02;3.090183997169788199e+00;0.000000000000000000e+00
1.964285714285714494e+04;2.173708953717517716e+02;2.930397562423650015e+00;0.000000000000000000e+00
1.971428571428571377e+04;2.173057108002501252e+02;2.775610415783603457e+00;0.000000000000000000e+00
1.978571428571428623e+04;2.172417171333767953e+02;2.625771029876773355e+00;0.000000000000000000e+00
1.985714285714285870e+04;2.171789090959364330e+02;2.480819677276144830e+00;0.000000000000000000e+00
1.992857142857142753e+04;2.171172814610939668e+02;2.340688250932316805e+00;0.000000000000000000e+00
2.000000000000000000e+04;2.170568290507044082e+02;2.205300083264432942e+00;0.000000000000000000e+00
2.007142857142857247e+04;2.169975467356218246e+02;2.074569763881413564e+00;0.000000000000000000e+00
2.014285714285714494e+04;2.169394294359882167e+02;1.948402955950882642e+00;0.000000000000000000e+00
2.021428571428571377e+04;2.168824721215060265e+02;1.826696211219314137e+00;0.000000000000000000e+00
2.028571428571428623e+04;2.168266698116882480e+02;1.709336783658955028e+00;0.000000000000000000e+00
2.035714285714285870e+04;2.167720175760929351e+02;1.596202441772675229e+00;0.000000000000000000e+00
2.042857142857142753e+04;2.167185105345375291e+02;1.487161279537986047e+00;0.000000000000000000e+00
2.050000000000000000e+04;2.166661438572957081e+02;1.382071525989431393e+00;0.000000000000000000e+00
2.057142857142857247e+04;2.166149127652770403e+02;1.280781353450493043e+00;0.000000000000000000e+00
2.064285714285714494e+04;2.165648125301873108e+02;1.183128684407392939e+00;0.000000000000000000e+00
2.071428571428571377e+04;2.165158384746731031e+02;1.088940997022973534e+00;0.000000000000000000e+00
2.078571428571428623e+04;2.164679859724487301e+02;9.980351292979321443e-01;0.000000000000000000e+00
2.085714285714285870e+04;2.164212504484056012e+02;9.102170818728154700e-01;0.000000000000000000e+00
2.092857142857142753e+04;2.163756273787060138e+02;8.252818194769133697e-01;0.000000000000000000e+00
2.100000000000000000e+04;2.163311122908596360e+02;7.430130710131379601e-01;0.000000000000000000e+00
2.107142857142857247e+04;2.162877007637833060e+02;6.631831282925304549e-01;0.000000000000000000e+00
2.114285714285714494e+04;2.162453884278469332e+02;5.855526434161220095e-01;0.000000000000000000e+00
2.121428571428571377e+04;2.162041709649019765e+02;5.098704247850491811e-01;0.000000000000000000e+00
2.128571428571428623e+04;2.161640441082928135e+02;4.358732317707563197e-01;0.000000000000000000e+00
2.135714285714285870e+04;2.161250036428575072e+02;3.632855680168631807e-01;0.000000000000000000e+00
2.142857142857142753e+04;2.160870454049087641e+02;2.918194733929340146e-01;0.000000000000000000e+00
2.150000000000000000e+04;2.160501652822020446e+02;2.211743145819582423e-01;0.000000000000000000e+00
2.157142857142857247e+04;2.160143592138889233e+02;1.510365743208694767e-01;0.000000000000000000e+00
2.164285714285714494e+04;2.159796231904569197e+02;8.107963927977834828e-02;0.000000000000000000e+00
2.171428571428571377e+04;2.159459532536523341e+02;1.096358658105600625e-02;0.000000000000000000e+00
2.178571428571428623e+04;2.159133454963923100e+02;-5.966503103218201431e-02;0.000000000000000000e+00
2.185714285714285870e+04;2.158817960626604417e+02;-1.311734013811474142e-01;0.000000000000000000e+00
2.192857142857142753e+04;2.158513011473910126e+02;-2.039426704122888623e-01;0.000000000000000000e+00
2.200000000000000000e+04;2.158218569963388234e+02;-2.783681610849271237e-01;0.000000000000000000e+00
2.207142857142857247e+04;2.157934599059347534e+02;-3.548595936424590036e-01;0.000000000000000000e+00
2.214285714285714494e+04;2.157661062231304641e+02;-4.338413072291587014e-01;0.000000000000000000e+00
2.221428571428571377e+04;2.157397923452291195e+02;-5.157524828564419295e-01;0.000000000000000000e+00
2.228571428571428623e+04;2.157145147197038284e+02;-6.010473677415575366e-01;0.000000000000000000e+00
2.235714285714285870e+04;2.156902698440032964e+02;-6.901955009943776531e-01;0.000000000000000000e+00
2.242857142857142753e+04;2.156670542653465361e+02;-7.836819406522863574e-01;0.000000000000000000e+00
2.250000000000000000e+04;2.156448645805044748e+02;-1.152168839462368144e+00;0.000000000000000000e+00
2.257142857142857247e+04;2.156236974355696816e+02;-1.012415853342289340e+00;0.000000000000000000e+00
2.264285714285714494e+04;2.156035495257156640e+02;-8.765033998961554440e-01;0.000000000000000000e+00
2.271428571428571377e+04;2.155844175949445969e+02;-7.443696099238019670e-01;0.000000000000000000e+00
2.278571428571428623e+04;2.155662984358229153e+02;-6.159530145014873170e-01;0.000000000000000000e+00
2.285714285714285870e+04;2.155491888892055670e+02;-4.911925457493180325e-01;0.000000000000000000e+00
2.292857142857142753e+04;2.155330858439527049e+02;-3.700275375587633864e-01;0.000000000000000000e+00
2.300000000000000000e+04;2.155179862366321686e+02;-2.523977262826744283e-01;0.000000000000000000e+00
2.307142857142857247e+04;2.155038870512129279e+02;-1.382432513908684601e-01;0.000000000000000000e+00
2.314285714285714494e+04;2.154907853187490900e+02;-2.750465608980386806e-02;0.000000000000000000e+00
2.321428571428571377e+04;2.154786781170515724e+02;7.987711209587346206e-02;0.000000000000000000e+00
2.328571428571428623e+04;2.154675625703540902e+02;1.839607007734839206e-01;0.000000000000000000e+00
2.335714285714285870e+04;2.154574358489651331e+02;2.848043521658360500e-01;0.000000000000000000e+00
2.342857142857142753e+04;2.154482951689116987e+02;3.824659026405866080e-01;0.000000000000000000e+00
2.350000000000000000e+04;2.154401377915760634e+02;4.770027822550835239e-01;0.000000000000000000e+00
2.357142857142857247e+04;2.154329610233214680e+02;5.684720143535610948e-01;0.000000000000000000e+00
2.364285714285714494e+04;2.154267622151074306e+02;6.569302151848063209e-01;0.000000000000000000e+00
2.371428571428571377e+04;2.154215387620994875e+02;7.424335935603645353e-01;0.000000000000000000e+00
2.378571428571428623e+04;2.154172881032684188e+02;8.250379505422951176e-01;0.000000000000000000e+00
2.385714285714285870e+04;2.154140077209820845e+02;9.047986791648507943e-01;0.000000000000000000e+00
2.392857142857142753e+04;2.154116951405871987e+02;9.817707641874160451e-01;0.000000000000000000e+00
2.400000000000000000e+04;2.154103479299851926e+02;1.056008781878830405e+00;0.000000000000000000e+00
2.407142857142857247e+04;2.154099636991989541e+02;1.127566899837179060e+00;0.000000000000000000e+00
2.414285714285714494e+04;2.154105400999322057e+02;1.196498876836198155e+00;0.000000000000000000e+00
2.421428571428571377e+04;2.154120748251218060e+02;1.262858062704369067e+00;0.000000000000000000e+00
2.428571428571428623e+04;2.154145656084817233e+02;1.326697398234519376e+00;0.000000000000000000e+00
2.435714285714285870e+04;2.154180102240395343e+02;1.388069415126051531e+00;0.000000000000000000e+00
2.442857142857142753e+04;2.154224064856678353e+02;1.447026235953005058e+00;0.000000000000000000e+00
2.450000000000000000e+04;2.154277522466063033e+02;1.503619574166213502e+00;0.000000000000000000e+00
2.457142857142857247e+04;2.154340453989793218e+02;1.557900734120083452e+00;0.000000000000000000e+00
2.464285714285714494e+04;2.154412838733051672e+02;1.609920611133503821e+00;0.000000000000000000e+00
2.471428571428571377e+04;2.154494656379992250e+02;1.659729691576339983e+00;0.000000000000000000e+00
2.478571428571428623e+04;2.154585886988714662e+02;1.707378052986952000e+00;0.000000000000000000e+00
2.485714285714285870e+04;2.154686510986183237e+02;1.752915364214142846e+00;0.000000000000000000e+00
2.492857142857142753e+04;2.154796509163072074e+02;1.796390885587785702e+00;0.000000000000000000e+00
2.500000000000000000e+04;2.154915862668556485e+02;1.837853469125416472e+00;0.000000000000000000e+00
2.507142857142857247e+04;2.155044553005044179e+02;1.877351558752499594e+00;0.000000000000000000e+00
2.514285714285714494e+04;2.155182562022880859e+02;1.914933190559908738e+00;0.000000000000000000e+00
2.521428571428571377e+04;2.155329871914953230e+02;1.950645993083283347e+00;0.000000000000000000e+00
2.528571428571428623e+04;2.155486465211284326e+02;1.984537187612540832e+00;0.000000000000000000e+00
2.535714285714285870e+04;2.155652324773541864e+02;2.016653588523695362e+00;0.000000000000000000e+00
2.542857142857142753e+04;2.155827433789534382e+02;2.047041603638247498e+00;0.000000000000000000e+00
2.550000000000000000e+04;2.156011775767634333e+02;2.075747234609378378e+00;0.000000000000000000e+00
2.557142857142857247e+04;2.156205334531146320e+02;2.102816077332870570e+00;0.000000000000000000e+00
2.564285714285714494e+04;2.156408094212669369e+02;2.128293322382214470e+00;0.000000000000000000e+00
2.571428571428571377e+04;2.156620039248376770e+02;2.152223755466088129e+00;0.000000000000000000e+00
2.578571428571428623e+04;2.156841154372274900e+02;2.174651757919382256e+00;0.000000000000000000e+00
2.585714285714285870e+04;2.157071424610415136e+02;2.195621307205132489e+00;0.000000000000000000e+00
2.592857142857142753e+04;2.157310835275073657e+02;2.215175977452549461e+00;0.000000000000000000e+00
2.600000000000000000e+04;2.157559371958870429e+02;2.233358940010952143e+00;0.000000000000000000e+00
2.607142857142857247e+04;2.157817020528893011e+02;2.250212964033035057e+00;0.000000000000000000e+00
2.614285714285714494e+04;2.158083767120731693e+02;2.265780417071690422e+00;0.000000000000000000e+00
2.621428571428571377e+04;2.158359598132523445e+02;2.280103265716773020e+00;0.000000000000000000e+00
2.628571428571428623e+04;2.158644500218981932e+02;2.293223076232034696e+00;0.000000000000000000e+00
2.635714285714285870e+04;2.158938460285301915e+02;2.305181015231193786e+00;0.000000000000000000e+00
2.642857142857142753e+04;2.159241465481134696e+02;2.316017850374544995e+00;0.000000000000000000e+00
2.650000000000000000e+04;2.159553503194500195e+02;2.325773951079318280e+00;0.000000000000000000e+00
2.657142857142857247e+04;2.159874561045648989e+02;2.334489289255292643e+00;0.000000000000000000e+00
2.664285714285714494e+04;2.160204626880925787e+02;2.342203440065966369e+00;0.000000000000000000e+00
2.671428571428571377e+04;2.160543688766599644e+02;2.348955582706542256e+00;0.000000000000000000e+00
2.678571428571428623e+04;2.160891734982666321e+02;2.354784501199679969e+00;0.000000000000000000e+00
2.685714285714285870e+04;2.161248754016646672e+02;2.359728585222318653e+00;0.000000000000000000e+00
2.692857142857142753e+04;2.161614734557319366e+02;2.363825830939235484e+00;0.000000000000000000e+00
2.700000000000000000e+04;2.161989665488507057e+02;2.367113841866531398e+00;0.000000000000000000e+00
2.707142857142857247e+04;2.162373535882746580e+02;2.369629829751906502e+00;0.000000000000000000e+00
2.714285714285714494e+04;2.162766334995046975e+02;2.371410615472142602e+00;0.000000000000000000e+00
2.721428571428571377e+04;2.163168052256542921e+02;2.372492629956460153e+00;0.000000000000000000e+00
2.728571428571428623e+04;2.163578677268191939e+02;2.372911915118435022e+00;0.000000000000000000e+00
2.735714285714285870e+04;2.163998199794418724e+02;2.372704124816571891e+00;0.000000000000000000e+00
2.742857142857142753e+04;2.164426609756779669e+02;2.371904525827419619e+00;0.000000000000000000e+00
2.750000000000000000e+04;2.164863897227569680e+02;2.370547998841834758e+00;0.000000000000000000e+00
2.757142857142857247e+04;2.165310052423484706e+02;2.368669039473426441e+00;0.000000000000000000e+00
2.764285714285714494e+04;2.165765065699211220e+02;2.366301759286695727e+00;0.000000000000000000e+00
2.771428571428571377e+04;2.166228927541042140e+02;2.363479886848304012e+00;0.000000000000000000e+00
2.778571428571428623e+04;2.166701628560468578e+02;2.360236768789512496e+00;0.000000000000000000e+00
2.785714285714285870e+04;2.167183159487771889e+02;2.356605370887037143e+00;0.000000000000000000e+00
2.792857142857143117e+04;2.167673511165629918e+02;2.352618279161110770e+00;0.000000000000000000e+00
2.800000000000000000e+04;2.168172674542682046e+02;2.348307700987859015e+00;0.000000000000000000e+00
2.807142857142857247e+04;2.168680640667104171e+02;2.343705466236785995e+00;0.000000000000000000e+00
2.814285714285714494e+04;2.169197400680211558e+02;2.338843028410297453e+00;0.000000000000000000e+00
2.821428571428571377e+04;2.169722945810003409e+02;2.333751465814744908e+00;0.000000000000000000e+00
2.828571428571428623e+04;2.170257267364755194e+02;2.328461482735494137e+00;0.000000000000000000e+00
2.835714285714285870e+04;2.170800356726606424e+02;2.323003410627216159e+00;0.000000000000000000e+00
2.842857142857143117e+04;2.171352205345116033e+02;2.317407209335786700e+00;0.000000000000000000e+00
2.850000000000000000e+04;2.171912804730860387e+02;2.311702468308288072e+00;0.000000000000000000e+00
2.857142857142857247e+04;2.172482146449006848e+02;2.305918407845708451e+00;0.000000000000000000e+00
2.864285714285714494e+04;2.173060222112913209e+02;2.300083880347446819e+00;0.000000000000000000e+00
2.871428571428571377e+04;2.173647023377723144e+02;2.294227371587724384e+00;0.000000000000000000e+00
2.878571428571428623e+04;2.174242541933944608e+02;2.288377001992518256e+00;0.000000000000000000e+00
2.885714285714285870e+04;2.174846769501102131e+02;2.282560527939740957e+00;0.000000000000000000e+00
2.892857142857143117e+04;2.175459697821318343e+02;2.276805343069432830e+00;0.000000000000000000e+00
2.900000000000000000e+04;2.176081318652958316e+02;2.271138479604421612e+00;0.000000000000000000e+00
2.907142857142857247e+04;2.176711623764237800e+02;2.265586609696667697e+00;0.000000000000000000e+00
2.914285714285714494e+04;2.177350604926931226e+02;2.260176046767400138e+00;0.000000000000000000e+00
2.921428571428571377e+04;2.177998253909966877e+02;2.254932746875588645e+00;0.000000000000000000e+00
2.928571428571428623e+04;2.178654562473144551e+02;2.249882310095065563e+00;0.000000000000000000e+00
2.935714285714285870e+04;2.179319522360797237e+02;2.245049981901563907e+00;0.000000000000000000e+00
2.942857142857143117e+04;2.179993125295499965e+02;2.240460654572575372e+00;0.000000000000000000e+00
2.950000000000000000e+04;2.180675362971793447e+02;2.236138868605512808e+00;0.000000000000000000e+00
2.957142857142857247e+04;2.181366227049907422e+02;2.232108814133142882e+00;0.000000000000000000e+00
2.964285714285714494e+04;2.182065709149505324e+02;2.228394332372165554e+00;0.000000000000000000e+00
2.971428571428571377e+04;2.182773800843463334e+02;2.225018917062032475e+00;0.000000000000000000e+00
2.978571428571428623e+04;2.183490493651665361e+02;2.222005715926001823e+00;0.000000000000000000e+00
2.985714285714285870e+04;2.184215779034772424e+02;2.219377532147624343e+00;0.000000000000000000e+00
2.992857142857143117e+04;2.184949648388088406e+02;2.217156825844645684e+00;0.000000000000000000e+00
3.000000000000000000e+04;2.185692093035395658e+02;2.215365715563589966e+00;0.000000000000000000e+00
3.007142857142857247e+04;2.186443104222778686e+02;2.214025979787419107e+00;0.000000000000000000e+00
3.014285714285714494e+04;2.187202673112606419e+02;2.213159058435624882e+00;0.000000000000000000e+00
3.021428571428571377e+04;2.187970790777361856e+02;2.212786054405339264e+00;0.000000000000000000e+00
3.028571428571428623e+04;2.188747448193610978e+02;2.212927735087440784e+00;0.000000000000000000e+00
3.035714285714285870e+04;2.189532636235977066e+02;2.213604533921443185e+00;0.000000000000000000e+00
3.042857142857143117e+04;2.190326345671096533e+02;2.214836551939999953e+00;0.000000000000000000e+00
3.050000000000000000e+04;2.191128567151691868e+02;2.216643559331318958e+00;0.000000000000000000e+00
3.057142857142857247e+04;2.191939291210532872e+02;2.219044997017493248e+00;0.000000000000000000e+00
3.064285714285714494e+04;2.192758508254580079e+02;2.222059978224451449e+00;0.000000000000000000e+00
3.071428571428571377e+04;2.193586208559027853e+02;2.225707290079036227e+00;0.000000000000000000e+00
3.078571428571428623e+04;2.194422382261451219e+02;2.230005395198295659e+00;0.000000000000000000e+00
3.085714285714285870e+04;2.195267019355963782e+02;2.234972433305075779e+00;0.000000000000000000e+00
3.092857142857143117e+04;2.196120109687415720e+02;2.240626222832227121e+00;0.000000000000000000e+00
3.100000000000000000e+04;2.196981642945540614e+02;2.246984262552127909e+00;0.000000000000000000e+00
3.107142857142857247e+04;2.197851608659323972e+02;2.254063733198799380e+00;0.000000000000000000e+00
3.114285714285714494e+04;2.198729996191151486e+02;2.261881499121798367e+00;0.000000000000000000e+00
3.121428571428571377e+04;2.199616794731220466e+02;2.270454109912038554e+00;0.000000000000000000e+00
3.128571428571428623e+04;2.200511993291838451e+02;2.279797802065260282e+00;0.000000000000000000e+00
3.135714285714285870e+04;2.201415580701808210e+02;2.289928500645042497e+00;0.000000000000000000e+00
3.142857142857143117e+04;2.202327545600853682e+02;2.300861820941508817e+00;0.000000000000000000e+00
3.150000000000000000e+04;2.203247876434037096e+02;2.312613070154025507e+00;0.000000000000000000e+00
3.157142857142857247e+04;2.204176561446299161e+02;2.325197249066652372e+00;0.000000000000000000e+00
3.164285714285714494e+04;2.205113588676927634e+02;2.338629053735269192e+00;0.000000000000000000e+00
3.171428571428571377e+04;2.206058945954139290e+02;2.352922877189077777e+00;0.000000000000000000e+00
3.178571428571428623e+04;2.207012620889666721e+02;2.368092811119381302e+00;0.000000000000000000e+00
3.185714285714285870e+04;2.207974600873411362e+02;2.384152647597565178e+00;0.000000000000000000e+00
3.192857142857143117e+04;2.208944873068066386e+02;2.401115880777728862e+00;0.000000000000000000e+00
3.200000000000000000e+04;2.209923424403905585e+02;2.418995708620927942e+00;0.000000000000000000e+00
3.207142857142857247e+04;2.210910241573441226e+02;2.437805034616390198e+00;0.000000000000000000e+00
3.214285714285714494e+04;2.211905311026289098e+02;2.457556469510402408e+00;0.000000000000000000e+00
3.221428571428571377e+04;2.212908618963966205e+02;2.478262333044622956e+00;0.000000000000000000e+00
3.228571428571428623e+04;2.213920151334746436e+02;2.499934655688432095e+00;0.000000000000000000e+00
3.235714285714285870e+04;2.214939893828620256e+02;2.522585180390534809e+00;0.000000000000000000e+00
3.242857142857143117e+04;2.215967831872188754e+02;2.546225364324961493e+00;0.000000000000000000e+00
3.250000000000000000e+04;2.217003950623728485e+02;2.570866380641561033e+00;0.000000000000000000e+00
3.257142857142857247e+04;2.218048234968183863e+02;2.596519120235740719e+00;0.000000000000000000e+00
3.264285714285714494e+04;2.219100669512245645e+02;2.623194193498426863e+00;0.000000000000000000e+00
3.271428571428571377e+04;2.220161238579519818e+02;2.650901932093668645e+00;0.000000000000000000e+00
3.278571428571428987e+04;2.221229926205677145e+02;2.679652390723698652e+00;0.000000000000000000e+00
3.285714285714285506e+04;2.222306716133648479e+02;2.709455348906687266e+00;0.000000000000000000e+00
3.292857142857142753e+04;2.223391591808933470e+02;2.740320312756833410e+00;0.000000000000000000e+00
3.300000000000000000e+04;2.224484536374851302e+02;2.772256516759695977e+00;0.000000000000000000e+00
3.307142857142857247e+04;2.225585532667941777e+02;2.805272925574562315e+00;0.000000000000000000e+00
3.314285714285714494e+04;2.226694563213324898e+02;2.839378235807051176e+00;0.000000000000000000e+00
3.321428571428571740e+04;2.227811610220233547e+02;2.874580877810408275e+00;0.000000000000000000e+00
3.328571428571428987e+04;2.228936655577342094e+02;2.910889017481586016e+00;0.000000000000000000e+00
3.335714285714285506e+04;2.230069680848480402e+02;2.948310558054645814e+00;0.000000000000000000e+00
3.342857142857142753e+04;2.231210667268138081e+02;2.986853141912929832e+00;0.000000000000000000e+00
3.350000000000000000e+04;2.232359595737098630e+02;3.026524152378784471e+00;0.000000000000000000e+00
3.357142857142857247e+04;2.233516446818093755e+02;3.067330715543952202e+00;0.000000000000000000e+00
3.364285714285714494e+04;2.234681200731705815e+02;3.109279702042179849e+00;0.000000000000000000e+00
3.371428571428571740e+04;2.235853837351902484e+02;3.152377728903262177e+00;0.000000000000000000e+00
3.378571428571428987e+04;2.237034336202055158e+02;3.196631161334245519e+00;0.000000000000000000e+00
3.385714285714285506e+04;2.238222676450795632e+02;3.242046114545932056e+00;0.000000000000000000e+00
3.392857142857142753e+04;2.239418836907846639e+02;3.288628455585879351e+00;0.000000000000000000e+00
3.400000000000000000e+04;2.240622796020134331e+02;3.336383805125281654e+00;0.000000000000000000e+00
3.407142857142857247e+04;2.241834531867745852e+02;3.385317539314938173e+00;0.000000000000000000e+00
3.414285714285714494e+04;2.243054022160061436e+02;3.435434791579223379e+00;0.000000000000000000e+00
3.421428571428571740e+04;2.244281244231847552e+02;3.486740454460076855e+00;0.000000000000000000e+00
3.428571428571428987e+04;2.245516175039497568e+02;3.539239181431112158e+00;0.000000000000000000e+00
3.435714285714285506e+04;2.246758791157207895e+02;3.592935388727811929e+00;0.000000000000000000e+00
3.442857142857142753e+04;2.248009068773367005e+02;3.647833257183108913e+00;0.000000000000000000e+00
3.450000000000000000e+04;2.249266983686818548e+02;3.703936734030059963e+00;0.000000000000000000e+00
3.457142857142857247e+04;2.250532511303296417e+02;3.761249534759498747e+00;0.000000000000000000e+00
3.464285714285714494e+04;2.251805626631880841e+02;3.819775144939534961e+00;0.000000000000000000e+00
3.471428571428571740e+04;2.253086304281498542e+02;3.879516822037907708e+00;0.000000000000000000e+00
3.478571428571428987e+04;2.254374518457499903e+02;3.940477597262979081e+00;0.000000000000000000e+00
3.485714285714285506e+04;2.255670242958253482e+02;4.002660277386446808e+00;0.000000000000000000e+00
3.492857142857142753e+04;2.256973451171812428e+02;4.066067446585206469e+00;0.000000000000000000e+00
3.500000000000000000e+04;2.258284116072655650e+02;4.130701468261102960e+00;0.000000000000000000e+00
3.507142857142857247e+04;2.259602210218468770e+02;4.196564486879289291e+00;0.000000000000000000e+00
3.514285714285714494e+04;2.260927705746956065e+02;4.263658429791679971e+00;0.000000000000000000e+00
3.521428571428571740e+04;2.262260574372791382e+02;4.331985009078096915e+00;0.000000000000000000e+00
3.528571428571428987e+04;2.263600787384412740e+02;4.401545723369057583e+00;0.000000000000000000e+00
3.535714285714285506e+04;2.264948315641232455e+02;4.472341859677344544e+00;0.000000000000000000e+00
3.542857142857142753e+04;2.266303129570490853e+02;4.544374495223658883e+00;0.000000000000000000e+00
3.550000000000000000e+04;2.267665199164523244e+02;4.617644499277602677e+00;0.000000000000000000e+00
3.557142857142857247e+04;2.269034493977794682e+02;4.692152534963606847e+00;0.000000000000000000e+00
3.564285714285714494e+04;2.270410983124272377e+02;4.767899061110999703e+00;0.000000000000000000e+00
3.571428571428571740e+04;2.271794635274548284e+02;4.844884334064405884e+00;0.000000000000000000e+00
3.578571428571428987e+04;2.273185418653257557e+02;4.923108409512484407e+00;0.000000000000000000e+00
3.585714285714285506e+04;2.274583301036523437e+02;5.002571144309454709e+00;0.000000000000000000e+00
3.592857142857142753e+04;2.275988249749232182e+02;5.083272198307277279e+00;0.000000000000000000e+00
3.600000000000000000e+04;2.277400231662792010e+02;5.165211036157902669e+00;0.000000000000000000e+00
3.607142857142857247e+04;2.278819213192417976e+02;5.248386929148605162e+00;0.000000000000000000e+00
3.614285714285714494e+04;2.280245160294971640e+02;5.332798957009448948e+00;0.000000000000000000e+00
3.621428571428571740e+04;2.281678038466539249e+02;5.418446009731175295e+00;0.000000000000000000e+00
3.628571428571428987e+04;2.283117812740192676e+02;5.505326789386054465e+00;0.000000000000000000e+00
3.635714285714285506e+04;2.284564447683727053e+02;5.593439811928275773e+00;0.000000000000000000e+00
3.642857142857142753e+04;2.286017907397618956e+02;5.682783409015391030e+00;0.000000000000000000e+00
3.650000000000000000e+04;2.287478155512819740e+02;5.773355729794582558e+00;0.000000000000000000e+00
3.657142857142857247e+04;2.288945155188823435e+02;5.865154742746147676e+00;0.000000000000000000e+00
3.664285714285714494e+04;2.290418869111606170e+02;5.958178237444555769e+00;0.000000000000000000e+00
3.671428571428571740e+04;2.291899259491732721e+02;6.052423826388263706e+00;0.000000000000000000e+00
3.678571428571428987e+04;2.293386288062568212e+02;6.147888946777278818e+00;0.000000000000000000e+00
3.685714285714285506e+04;2.294879916078371593e+02;6.244570862334587247e+00;0.000000000000000000e+00
3.692857142857142753e+04;2.296380104312554806e+02;6.342466665077111543e+00;0.000000000000000000e+00
3.700000000000000000e+04;2.297886813056130109e+02;6.441573277106182438e+00;0.000000000000000000e+00
3.707142857142857247e+04;2.299400002115916379e+02;6.541887452413247317e+00;0.000000000000000000e+00
3.714285714285714494e+04;2.300919630813086769e+02;6.643405778648217463e+00;0.000000000000000000e+00
3.721428571428571740e+04;2.302445657981594991e+02;6.746124678897540861e+00;0.000000000000000000e+00
3.728571428571428987e+04;2.303978041966731212e+02;6.850040413482080481e+00;0.000000000000000000e+00
3.735714285714285506e+04;2.305516740623778560e+02;6.955149081716909265e+00;0.000000000000000000e+00
3.742857142857142753e+04;2.307061711316633819e+02;7.061446623680886603e+00;0.000000000000000000e+00
3.750000000000000000e+04;2.308612910916509122e+02;7.168928822002211376e+00;0.000000000000000000e+00
3.757142857142857247e+04;2.310170295800786562e+02;7.277591303595456473e+00;0.000000000000000000e+00
3.764285714285714494e+04;2.311733821851788093e+02;7.387429541458394588e+00;0.000000000000000000e+00
3.771428571428571740e+04;2.313303444455694660e+02;7.498438856405934771e+00;0.000000000000000000e+00
3.778571428571428987e+04;2.314879118501586959e+02;7.610614418817686300e+00;0.000000000000000000e+00
3.785714285714285506e+04;2.316460798380281005e+02;7.723951250416371650e+00;0.000000000000000000e+00
3.792857142857142753e+04;2.318048437983609062e+02;7.838444225990755854e+00;0.000000000000000000e+00
3.800000000000000000e+04;2.319641990703371164e+02;7.954088075150555603e+00;0.000000000000000000e+00
3.807142857142857247e+04;2.321241409430731437e+02;8.070877384054488957e+00;0.000000000000000000e+00
3.814285714285714494e+04;2.322846646555201460e+02;8.188806597160553480e+00;0.000000000000000000e+00
3.821428571428571740e+04;2.324457653964227006e+02;8.307870018951556190e+00;0.000000000000000000e+00
3.828571428571428987e+04;2.326074383042339662e+02;8.428061815639592780e+00;0.000000000000000000e+00
3.835714285714285506e+04;2.327696784670746695e+02;8.549376016921080179e+00;0.000000000000000000e+00
3.842857142857142753e+04;2.329324809226701234e+02;8.671806517675895165e+00;0.000000000000000000e+00
3.850000000000000000e+04;2.330958406583072531e+02;8.795347079690584380e+00;0.000000000000000000e+00
3.857142857142857247e+04;2.332597526108011152e+02;8.919991333346178664e+00;0.000000000000000000e+00
3.864285714285714494e+04;2.334242116664516971e+02;9.045732779359376252e+00;0.000000000000000000e+00
3.871428571428571740e+04;2.335892126610220032e+02;9.172564790437920834e+00;0.000000000000000000e+00
3.878571428571428987e+04;2.337547503797138120e+02;9.300480613020438270e+00;0.000000000000000000e+00
3.885714285714285506e+04;2.339208195571502245e+02;9.429473368927938637e+00;0.000000000000000000e+00
3.892857142857142753e+04;2.340874148773653474e+02;9.559536057071138515e+00;0.000000000000000000e+00
3.900000000000000000e+04;2.342545309738031278e+02;9.690661555130269278e+00;0.000000000000000000e+00
3.907142857142857247e+04;2.344221624293097648e+02;9.822842621223708548e+00;0.000000000000000000e+00
3.914285714285714494e+04;2.345903037761517851e+02;9.956071895571199093e+00;0.000000000000000000e+00
3.921428571428571740e+04;2.347589494960127183e+02;1.009034190219185234e+01;0.000000000000000000e+00
3.928571428571428987e+04;2.349280940200336261e+02;1.022564505051761330e+01;0.000000000000000000e+00
3.935714285714285506e+04;2.350977317288109987e+02;1.036197363708872032e+01;0.000000000000000000e+00
3.942857142857142753e+04;2.352678569524512966e+02;1.049931984717546385e+01;0.000000000000000000e+00
3.950000000000000000e+04;2.354384639705768905e+02;1.063767575645348984e+01;0.000000000000000000e+00
3.957142857142857247e+04;2.356095470124073472e+02;1.077703333259755425e+01;0.000000000000000000e+00
3.964285714285714494e+04;2.357811002567686671e+02;1.091738443696426408e+01;0.000000000000000000e+00
3.971428571428571740e+04;2.359531178321636276e+02;1.105872082618886409e+01;0.000000000000000000e+00
3.978571428571428987e+04;2.361255938168248178e+02;1.120103415381991496e+01;0.000000000000000000e+00
3.985714285714285506e+04;2.362985222387881947e+02;1.134431597193625763e+01;0.000000000000000000e+00
3.992857142857142753e+04;2.364718970759480499e+02;1.148855773273856329e+01;0.000000000000000000e+00
4.000000000000000000e+04;2.366457122561437814e+02;1.163375079019432157e+01;0.000000000000000000e+00
4.007142857142857247e+04;2.368199616572326249e+02;1.177988640160103273e+01;0.000000000000000000e+00
4.014285714285714494e+04;2.369946391071789833e+02;1.192695572920145430e+01;0.000000000000000000e+00
4.021428571428571740e+04;2.371697383841456883e+02;1.207494984177514041e+01;0.000000000000000000e+00
4.028571428571428987e+04;2.373452532166023730e+02;1.222385971618179568e+01;0.000000000000000000e+00
4.035714285714285506e+04;2.375211772834117028e+02;1.237367623898276037e+01;0.000000000000000000e+00
4.042857142857142753e+04;2.376975042139413006e+02;1.252439020801406144e+01;0.000000000000000000e+00
4.050000000000000000e+04;2.378742275881891430e+02;1.267599233388872193e+01;0.000000000000000000e+00
4.057142857142857247e+04;2.380513409368980717e+02;1.282847324163968139e+01;0.000000000000000000e+00
4.064285714285714494e+04;2.382288377416715264e+02;1.298182347220107857e+01;0.000000000000000000e+00
4.071428571428571740e+04;2.384067114351139764e+02;1.313603348400008031e+01;0.000000000000000000e+00
4.078571428571428987e+04;2.385849554009736835e+02;1.329109365445826896e+01;0.000000000000000000e+00
4.085714285714285506e+04;2.387635629742636922e+02;1.344699428156837229e+01;0.000000000000000000e+00
4.092857142857142753e+04;2.389425274414300588e+02;1.360372558538216659e+01;0.000000000000000000e+00
4.100000000000000000e+04;2.391218420404963467e+02;1.376127770954027696e+01;0.000000000000000000e+00
4.107142857142857247e+04;2.393014999612134659e+02;1.391964072280835296e+01;0.000000000000000000e+00
4.114285714285714494e+04;2.394814943452336706e+02;1.407880462056077775e+01;0.000000000000000000e+00
4.121428571428571740e+04;2.396618182862791855e+02;1.423875932628140184e+01;0.000000000000000000e+00
4.128571428571428987e+04;2.398424648303088134e+02;1.439949469306711904e+01;0.000000000000000000e+00
4.135714285714285506e+04;2.400234269757021934e+02;1.456100050512853272e+01;0.000000000000000000e+00
4.142857142857142753e+04;2.402046976734521877e+02;1.472326647922475296e+01;0.000000000000000000e+00
4.150000000000000000e+04;2.403862698273298406e+02;1.488628226619247563e+01;0.000000000000000000e+00
4.157142857142857247e+04;2.405681362941081716e+02;1.505003745237169888e+01;0.000000000000000000e+00
4.164285714285714494e+04;2.407502898837474277e+02;1.521452156110765586e+01;0.000000000000000000e+00
4.171428571428571740e+04;2.409327233596044664e+02;1.537972405414990718e+01;0.000000000000000000e+00
4.178571428571428987e+04;2.411154294386443553e+02;1.554563433314489451e+01;0.000000000000000000e+00
4.185714285714285506e+04;2.412984007916411713e+02;1.571224174107745064e+01;0.000000000000000000e+00
4.192857142857142753e+04;2.414816300434346203e+02;1.587953556364765717e+01;0.000000000000000000e+00
4.200000000000000000e+04;2.416651097731228504e+02;1.604750503076406432e+01;0.000000000000000000e+00
4.207142857142857247e+04;2.418488325143020745e+02;1.621613931794843921e+01;0.000000000000000000e+00
4.214285714285714494e+04;2.420327907553124760e+02;1.638542754768516119e+01;0.000000000000000000e+00
4.221428571428571740e+04;2.422169769394692196e+02;1.655535879093843121e+01;0.000000000000000000e+00
4.228571428571428987e+04;2.424013834653155754e+02;1.672592206843633633e+01;0.000000000000000000e+00
4.235714285714285506e+04;2.425860026868744228e+02;1.689710635214123613e+01;0.000000000000000000e+00
4.242857142857142753e+04;2.427708269138981620e+02;1.706890056658942001e+01;0.000000000000000000e+00
4.250000000000000000e+04;2.429558484121315587e+02;1.724129359030936115e+01;0.000000000000000000e+00
4.257142857142857247e+04;2.431410594035889687e+02;1.741427425712418042e+01;0.000000000000000000e+00
4.264285714285714494e+04;2.433264520668105604e+02;1.758783135759545502e+01;0.000000000000000000e+00
4.271428571428571740e+04;2.435120185371453090e+02;1.776195364031325852e+01;0.000000000000000000e+00
4.278571428571428987e+04;2.436977509070415806e+02;1.793662981326383843e+01;0.000000000000000000e+00
4.285714285714285506e+04;2.438836412263079012e+02;1.811184854519487430e+01;0.000000000000000000e+00
4.292857142857142753e+04;2.440696815024310240e+02;1.828759846690929436e+01;0.000000000000000000e+00
4.300000000000000000e+04;2.442558637008520179e+02;1.846386817260666646e+01;0.000000000000000000e+00
4.307142857142857247e+04;2.444421797452784233e+02;1.864064622119855841e+01;0.000000000000000000e+00
4.314285714285714494e+04;2.446286215179721353e+02;1.881792113765292029e+01;0.000000000000000000e+00
4.321428571428571740e+04;2.448151808600983657e+02;1.899568141421449141e+01;0.000000000000000000e+00
4.328571428571428987e+04;2.450018495719731391e+02;1.917391551180642040e+01;0.000000000000000000e+00
4.335714285714285506e+04;2.451886194134565642e+02;1.935261186121773136e+01;0.000000000000000000e+00
4.342857142857142753e+04;2.453754821042183210e+02;1.953175886445245624e+01;0.000000000000000000e+00
4.350000000000000000e+04;2.455624293240989289e+02;1.971134489599137396e+01;0.000000000000000000e+00
4.357142857142857247e+04;2.457494527134217321e+02;1.989135830401215443e+01;0.000000000000000000e+00
4.364285714285714494e+04;2.459365438733504732e+02;2.007178741170029213e+01;0.000000000000000000e+00
4.371428571428571740e+04;2.461236943662125043e+02;2.025262051848304523e+01;0.000000000000000000e+00
4.378571428571428987e+04;2.463108957158477779e+02;2.043384590125779710e+01;0.000000000000000000e+00
4.385714285714285506e+04;2.464981394079761969e+02;2.061545181563056062e+01;0.000000000000000000e+00
4.392857142857142753e+04;2.466854168905249480e+02;2.079742649716921932e+01;0.000000000000000000e+00
4.400000000000000000e+04;2.468727195740120806e+02;2.097975816258565374e+01;0.000000000000000000e+00
4.407142857142857247e+04;2.470600388318878231e+02;2.116243501096481694e+01;0.000000000000000000e+00
4.414285714285714494e+04;2.472473660009396781e+02;2.134544522495541941e+01;0.000000000000000000e+00
4.421428571428571740e+04;2.474346923816040089e+02;2.152877697201509122e+01;0.000000000000000000e+00
4.428571428571428987e+04;2.476220092383945541e+02;2.171241840552263369e+01;0.000000000000000000e+00
4.435714285714285506e+04;2.478093078002731318e+02;2.189635766600472522e+01;0.000000000000000000e+00
4.442857142857142753e+04;2.479965792610115045e+02;2.208058288231745081e+01;0.000000000000000000e+00
4.450000000000000000e+04;2.481838147796007945e+02;2.226508217277810076e+01;0.000000000000000000e+00
4.457142857142857247e+04;2.483710054806474545e+02;2.244984364632577467e+01;0.000000000000000000e+00
4.464285714285714494e+04;2.485581424547362417e+02;2.263485540373612181e+01;0.000000000000000000e+00
4.471428571428571740e+04;2.487452167588868974e+02;2.282010553863088020e+01;0.000000000000000000e+00
4.478571428571428987e+04;2.489322194169022566e+02;2.300558213874755253e+01;0.000000000000000000e+00
4.485714285714285506e+04;2.491191414198175380e+02;2.319127328697939205e+01;0.000000000000000000e+00
4.492857142857142753e+04;2.493059737262933879e+02;2.337716706252893673e+01;0.000000000000000000e+00
4.500000000000000000e+04;2.494927072630392217e+02;2.356325154199756611e+01;0.000000000000000000e+00
4.507142857142857247e+04;2.496793329252343199e+02;2.374951480050393471e+01;0.000000000000000000e+00
4.514285714285714494e+04;2.498658415769492649e+02;2.393594491276745373e+01;0.000000000000000000e+00
4.521428571428571740e+04;2.500522240515700503e+02;2.412252995421424373e+01;0.000000000000000000e+00
4.528571428571428987e+04;2.502384711522385317e+02;2.430925800200880360e+01;0.000000000000000000e+00
4.535714285714285506e+04;2.504245736522952086e+02;2.449611713616478426e+01;0.000000000000000000e+00
4.542857142857142753e+04;2.506105222956891225e+02;2.468309544059372129e+01;0.000000000000000000e+00
4.550000000000000000e+04;2.507963077974639248e+02;2.487018100416417710e+01;0.000000000000000000e+00
4.557142857142857247e+04;2.509819208441573721e+02;2.505736192174381216e+01;0.000000000000000000e+00
4.564285714285714494e+04;2.511673520942949835e+02;2.524462629522396284e+01;0.000000000000000000e+00
4.571428571428571740e+04;2.513525921788063613e+02;2.543196223456817506e+01;0.000000000000000000e+00
4.578571428571428987e+04;2.515376317015211498e+02;2.561935785882516114e+01;0.000000000000000000e+00
4.585714285714285506e+04;2.517224612395884833e+02;2.580680129713860893e+01;0.000000000000000000e+00
4.592857142857142753e+04;2.519070713439949145e+02;2.599428068976734352e+01;0.000000000000000000e+00
4.600000000000000000e+04;2.520914525399487047e+02;2.618178418907613292e+01;0.000000000000000000e+00
4.607142857142857247e+04;2.522755953274621277e+02;2.636929996049509128e+01;0.000000000000000000e+00
4.614285714285714494e+04;2.524594901817135337e+02;2.655681618356459595e+01;0.000000000000000000e+00
4.621428571428571740e+04;2.526431275536132546e+02;2.674432105284841654e+01;0.000000000000000000e+00
4.628571428571428987e+04;2.528264978702422070e+02;2.693180277892916052e+01;0.000000000000000000e+00
4.635714285714285506e+04;2.530095915353280418e+02;2.711924958937349572e+01;0.000000000000000000e+00
4.642857142857142753e+04;2.531923989297557966e+02;2.730664972961706383e+01;0.000000000000000000e+00
4.650000000000000000e+04;2.533749104120653044e+02;2.749399146404062222e+01;0.000000000000000000e+00
4.657142857142857247e+04;2.535571163189171102e+02;2.768126307673367137e+01;0.000000000000000000e+00
4.664285714285714494e+04;2.537390069656105425e+02;2.786845287254241654e+01;0.000000000000000000e+00
4.671428571428571740e+04;2.539205726465633575e+02;2.805554917795089764e+01;0.000000000000000000e+00
4.678571428571428987e+04;2.541018036358339316e+02;2.824254034198914098e+01;0.000000000000000000e+00
4.685714285714285506e+04;2.542826901876376269e+02;2.842941473711287514e+01;0.000000000000000000e+00
4.692857142857142753e+04;2.544632225368063416e+02;2.861616076013984511e+01;0.000000000000000000e+00
4.700000000000000000e+04;2.546433908993803357e+02;2.880276683305420349e+01;0.000000000000000000e+00
4.707142857142857247e+04;2.548231854730354655e+02;2.898922140402456549e+01;0.000000000000000000e+00
4.714285714285714494e+04;2.550025964376623335e+02;2.917551294811398321e+01;0.000000000000000000e+00
4.721428571428571740e+04;2.551816139558472969e+02;2.936162996825045468e+01;0.000000000000000000e+00
4.728571428571428987e+04;2.553602281734351322e+02;2.954756099603711661e+01;0.000000000000000000e+00
4.735714285714285506e+04;2.555384292200147627e+02;2.973329459258072305e+01;0.000000000000000000e+00
4.742857142857142753e+04;2.557162072094940299e+02;2.991881934938205134e+01;0.000000000000000000e+00
4.750000000000000000e+04;2.558935522405786287e+02;3.010412388909816528e+01;0.000000000000000000e+00
4.757142857142857247e+04;2.560704543973311047e+02;3.028919686641361153e+01;0.000000000000000000e+00
4.764285714285714494e+04;2.562469037497305635e+02;3.047402696883348128e+01;0.000000000000000000e+00
4.771428571428571740e+04;2.564228903541617228e+02;3.065860291748259669e+01;0.000000000000000000e+00
4.778571428571428987e+04;2.565984042540031282e+02;3.084291346791191302e+01;0.000000000000000000e+00
4.785714285714285506e+04;2.567734354801352765e+02;3.102694741088063779e+01;0.000000000000000000e+00
4.792857142857142753e+04;2.569479740515090498e+02;3.121069357311769465e+01;0.000000000000000000e+00
4.800000000000000000e+04;2.571220099756875470e+02;3.139414081816897095e+01;0.000000000000000000e+00
4.807142857142857247e+04;2.572955332493973515e+02;3.157727804702646068e+01;0.000000000000000000e+00
4.814285714285714494e+04;2.574685338590708170e+02;3.176009419904981002e+01;0.000000000000000000e+00
4.821428571428571740e+04;2.576410017814197317e+02;3.194257825256758565e+01;0.000000000000000000e+00
4.828571428571428987e+04;2.578129269839961921e+02;3.212471922569498872e+01;0.000000000000000000e+00
4.835714285714285506e+04;2.579842994257192004e+02;3.230650617705874339e+01;0.000000000000000000e+00
4.842857142857142753e+04;2.581551090574701561e+02;3.248792820649813251e+01;0.000000000000000000e+00
4.850000000000000000e+04;2.583253458226500925e+02;3.266897445581438575e+01;0.000000000000000000e+00
4.857142857142857247e+04;2.584949996577233264e+02;3.284963410945749729e+01;0.000000000000000000e+00
4.864285714285714494e+04;2.586640604928202265e+02;3.302989639520932741e+01;0.000000000000000000e+00
4.871428571428571740e+04;2.588325182522801242e+02;3.320975058488908616e+01;0.000000000000000000e+00
4.878571428571428987e+04;2.590003628552314012e+02;3.338918599510214591e+01;0.000000000000000000e+00
4.885714285714285506e+04;2.591675842161959054e+02;3.356819198777770197e+01;0.000000000000000000e+00
4.892857142857142753e+04;2.593341722455722902e+02;3.374675797101738794e+01;0.000000000000000000e+00
4.900000000000000000e+04;2.595001168503524127e+02;3.392487339955663828e+01;0.000000000000000000e+00
4.907142857142857247e+04;2.596654079345760806e+02;3.410252777557254689e+01;0.000000000000000000e+00
4.914285714285714494e+04;2.598300353999626395e+02;3.427971064930901690e+01;0.000000000000000000e+00
4.921428571428571740e+04;2.599939891465216988e+02;3.445641161959472498e+01;0.000000000000000000e+00
4.928571428571428987e+04;2.601572590730887100e+02;3.463262033461410994e+01;0.000000000000000000e+00
4.935714285714285506e+04;2.603198350779160819e+02;3.480832649247322053e+01;0.000000000000000000e+00
4.942857142857142753e+04;2.604817070593219341e+02;3.498351984179537766e+01;0.000000000000000000e+00
4.950000000000000000e+04;2.606428649161708222e+02;3.515819018237673532e+01;0.000000000000000000e+00
4.957142857142857247e+04;2.608032985485822337e+02;3.533232736571155641e+01;0.000000000000000000e+00
4.964285714285714494e+04;2.609629978584210335e+02;3.550592129567047550e+01;0.000000000000000000e+00
4.971428571428571740e+04;2.611219527499621336e+02;3.567896192900128938e+01;0.000000000000000000e+00
4.978571428571428987e+04;2.612801531304671698e+02;3.585143927594697999e+01;0.000000000000000000e+00
4.985714285714285506e+04;2.614375889107398052e+02;3.602334340081495156e+01;0.000000000000000000e+00
4.992857142857142753e+04;2.615942500057772691e+02;3.619466442255412630e+01;0.000000000000000000e+00
5.000000000000000000e+04;2.617501263353702257e+02;3.636539251523000615e+01;0.000000000000000000e+00
5.007142857142857247e+04;2.619052078246255633e+02;3.653551790867837923e+01;0.000000000000000000e+00
5.014285714285714494e+04;2.620594844046687513e+02;3.670503088893023147e+01;0.000000000000000000e+00
5.021428571428571740e+04;2.622129460131844780e+02;3.687392179884548682e+01;0.000000000000000000e+00
5.028571428571428987e+04;2.623655825950224312e+02;3.704218103852959132e+01;0.000000000000000000e+00
5.035714285714285506e+04;2.625173841028222910e+02;3.720979906596186737e+01;0.000000000000000000e+00
5.042857142857142753e+04;2.626683404976362226e+02;3.737676639739559192e+01;0.000000000000000000e+00
5.050000000000000000e+04;2.628184417494771310e+02;3.754307360793713144e+01;0.000000000000000000e+00
5.057142857142857247e+04;2.629676778379629241e+02;3.770871133199279512e+01;0.000000000000000000e+00
5.064285714285714494e+04;2.631160387529389482e+02;3.787367026373917867e+01;0.000000000000000000e+00
5.071428571428571740e+04;2.632635144950338599e+02;3.803794115767410489e+01;0.000000000000000000e+00
5.078571428571428987e+04;2.634100950763486253e+02;3.820151482897613704e+01;0.000000000000000000e+00
5.085714285714285506e+04;2.635557705209769779e+02;3.836438215410149866e+01;0.000000000000000000e+00
5.092857142857142753e+04;2.637005308657209639e+02;3.852653407105484007e+01;0.000000000000000000e+00
5.100000000000000000e+04;2.638443661605639363e+02;3.868796158007391028e+01;0.000000000000000000e+00
5.107142857142857247e+04;2.639872664694308355e+02;3.884865574380018671e+01;0.000000000000000000e+00
5.114285714285714494e+04;2.641292218706902304e+02;3.900860768798678180e+01;0.000000000000000000e+00
5.121428571428571740e+04;2.642702224578499113e+02;3.916780860164793410e+01;0.000000000000000000e+00
5.128571428571428987e+04;2.644102583400919571e+02;3.932624973775016031e+01;0.000000000000000000e+00
5.135714285714285506e+04;2.645493196429623595e+02;3.948392241334735786e+01;0.000000000000000000e+00
5.142857142857142753e+04;2.646873965089264402e+02;3.964081801020731177e+01;0.000000000000000000e+00
5.150000000000000000e+04;2.648244790980211292e+02;3.979692797510709568e+01;0.000000000000000000e+00
5.157142857142857247e+04;2.649605575884626205e+02;3.995224382020478515e+01;0.000000000000000000e+00
5.164285714285714494e+04;2.650956221772449908e+02;4.010675712349214450e+01;0.000000000000000000e+00
5.171428571428571740e+04;2.652296630807895781e+02;4.026045952906899572e+01;0.000000000000000000e+00
5.178571428571428987e+04;2.653626705355317767e+02;4.041334274762132850e+01;0.000000000000000000e+00
5.185714285714285506e+04;2.654946347985406305e+02;4.056539855668916061e+01;0.000000000000000000e+00
5.192857142857142753e+04;2.656255461481828206e+02;4.071661880102017506e+01;0.000000000000000000e+00
5.200000000000000000e+04;2.657553948846353933e+02;4.086699539307139162e+01;0.000000000000000000e+00
5.207142857142857247e+04;2.658841713306327392e+02;4.101652031310308644e+01;0.000000000000000000e+00
5.214285714285714494e+04;2.660118658320030818e+02;4.116518560965728568e+01;0.000000000000000000e+00
5.221428571428571740e+04;2.661384687582794868e+02;4.131298339987581869e+01;0.000000000000000000e+00
5.228571428571428987e+04;2.662639705033587347e+02;4.145990586979141312e+01;0.000000000000000000e+00
5.235714285714285506e+04;2.663883614860909574e+02;4.160594527464724024e+01;0.000000000000000000e+00
5.242857142857142753e+04;2.665116321509234467e+02;4.175109393918155831e+01;0.000000000000000000e+00
5.250000000000000000e+04;2.666337729685221802e+02;4.189534425792393790e+01;0.000000000000000000e+00
5.257142857142857247e+04;2.667547744362707931e+02;4.203868869556018240e+01;0.000000000000000000e+00
5.264285714285714494e+04;2.668746270791021402e+02;4.218111978701303144e+01;0.000000000000000000e+00
5.271428571428571740e+04;2.669933214499118890e+02;4.232263013802901241e+01;0.000000000000000000e+00
5.278571428571428987e+04;2.671108481303123199e+02;4.246321242514962080e+01;0.000000000000000000e+00
5.285714285714285506e+04;2.672271977311355045e+02;4.260285939613252992e+01;0.000000000000000000e+00
5.292857142857142753e+04;2.673423608931609579e+02;4.274156387020354941e+01;0.000000000000000000e+00
5.300000000000000000e+04;2.674563282876363814e+02;4.287931873822363116e+01;0.000000000000000000e+00
5.307142857142857247e+04;2.675690906169775758e+02;4.301611696295869081e+01;0.000000000000000000e+00
5.314285714285714494e+04;2.676806386152645700e+02;4.315195157943523441e+01;0.000000000000000000e+00
5.321428571428571740e+04;2.677909630490045743e+02;4.328681569495388715e+01;0.000000000000000000e+00
5.328571428571428987e+04;2.679000547175908764e+02;4.342070248946372146e+01;0.000000000000000000e+00
5.335714285714285506e+04;2.680079044540423752e+02;4.355360521577753730e+01;0.000000000000000000e+00
5.342857142857142753e+04;2.681145031255560980e+02;4.368551719965788038e+01;0.000000000000000000e+00
5.350000000000000000e+04;2.682198416340795575e+02;4.381643184018221859e+01;0.000000000000000000e+00
5.357142857142857247e+04;2.683239109170344818e+02;4.394634260978637030e+01;0.000000000000000000e+00
5.364285714285714494e+04;2.684267019477897520e+02;4.407524305457552316e+01;0.000000000000000000e+00
5.371428571428571740e+04;2.685282057363590411e+02;4.420312679440992554e+01;0.000000000000000000e+00
5.378571428571428987e+04;2.686284133300009671e+02;4.432998752317321589e+01;0.000000000000000000e+00
5.385714285714285506e+04;2.687273158137859923e+02;4.445581900880789306e+01;0.000000000000000000e+00
5.392857142857142753e+04;2.688249043112407435e+02;4.458061509364178221e+01;0.000000000000000000e+00
5.400000000000000000e+04;2.689211699849247452e+02;4.470436969443416331e+01;0.000000000000000000e+00
5.407142857142857247e+04;2.690161040370260253e+02;4.482707680255616367e+01;0.000000000000000000e+00
5.414285714285714494e+04;2.691096977100152685e+02;4.494873048413872141e+01;0.000000000000000000e+00
5.421428571428571740e+04;2.692019422872198220e+02;4.506932488017663729e+01;0.000000000000000000e+00
5.428571428571428987e+04;2.692928290933584776e+02;4.518885420675810849e+01;0.000000000000000000e+00
5.435714285714285506e+04;2.693823494952780493e+02;4.530731275503258360e+01;0.000000000000000000e+00
5.442857142857142753e+04;2.694704949024099392e+02;4.542469489149290496e+01;0.000000000000000000e+00
5.450000000000000000e+04;2.695572567674831816e+02;4.554099505796177993e+01;0.000000000000000000e+00
5.457142857142857247e+04;2.696426265869943109e+02;4.565620777176920342e+01;0.000000000000000000e+00
5.464285714285714494e+04;2.697265959019474622e+02;4.577032762583274916e+01;0.000000000000000000e+00
5.471428571428571740e+04;2.698091562983217955e+02;4.588334928875893581e+01;0.000000000000000000e+00
5.478571428571428987e+04;2.698902994077205335e+02;4.599526750494086969e+01;0.000000000000000000e+00
5.485714285714285506e+04;2.699700169079774241e+02;4.610607709453600478e+01;0.000000000000000000e+00
5.492857142857142753e+04;2.700483005236874305e+02;4.621577295375760741e+01;0.000000000000000000e+00
5.500000000000000000e+04;2.701251420268522452e+02;4.632435005475127809e+01;0.000000000000000000e+00
5.507142857142857247e+04;2.702005332374102409e+02;4.643180344571732121e+01;0.000000000000000000e+00
5.514285714285714494e+04;2.702744660238647612e+02;4.653812825103679529e+01;0.000000000000000000e+00
5.521428571428571740e+04;2.703469323038681296e+02;4.664331967116683586e+01;0.000000000000000000e+00
5.528571428571428987e+04;2.704179240447480197e+02;4.674737298291543652e+01;0.000000000000000000e+00
5.535714285714286234e+04;2.704874332641408046e+02;4.685028353923897271e+01;0.000000000000000000e+00
5.542857142857142753e+04;2.705554520305261121e+02;4.695204676950226030e+01;0.000000000000000000e+00
5.550000000000000000e+04;2.706219724638571051e+02;4.705265817930896333e+01;0.000000000000000000e+00
5.557142857142857247e+04;2.706869867360953776e+02;4.715211335067922960e+01;0.000000000000000000e+00
5.564285714285714494e+04;2.707504870717363019e+02;4.725040794198133653e+01;0.000000000000000000e+00
5.571428571428571740e+04;2.708124657485211060e+02;4.734753768795360429e+01;0.000000000000000000e+00
5.578571428571428987e+04;2.708729150978228972e+02;4.744349839979321359e+01;0.000000000000000000e+00
5.585714285714286234e+04;2.709318275053466323e+02;4.753828596502722803e+01;0.000000000000000000e+00
5.592857142857142753e+04;2.709891954116606030e+02;4.763189634758396096e+01;0.000000000000000000e+00
5.600000000000000000e+04;2.710450113126951237e+02;4.772432558782833212e+01;0.000000000000000000e+00
5.607142857142857247e+04;2.710992677603966285e+02;4.781556980244602073e+01;0.000000000000000000e+00
5.614285714285714494e+04;2.711519573632431275e+02;4.790562518445716478e+01;0.000000000000000000e+00
5.621428571428571740e+04;2.712030727867709174e+02;4.799448800326621267e+01;0.000000000000000000e+00
5.628571428571428987e+04;2.712526067541485304e+02;4.808215460454422896e+01;0.000000000000000000e+00
5.635714285714286234e+04;2.713005520467634142e+02;4.816862141020095578e+01;0.000000000000000000e+00
5.642857142857142753e+04;2.713469015047210178e+02;4.825388491837281890e+01;0.000000000000000000e+00
5.650000000000000000e+04;2.713916480274175456e+02;4.833794170339140805e+01;0.000000000000000000e+00
5.657142857142857247e+04;2.714347845740672938e+02;4.842078841568499570e+01;0.000000000000000000e+00
5.664285714285714494e+04;2.714763041642693224e+02;4.850242178171362184e+01;0.000000000000000000e+00
5.671428571428571740e+04;2.715161998785026753e+02;4.858283860400123899e+01;0.000000000000000000e+00
5.678571428571428987e+04;2.715544648587462575e+02;4.866203576097990435e+01;0.000000000000000000e+00
5.685714285714286234e+04;2.715910923088874824e+02;4.874001020693773967e+01;0.000000000000000000e+00
5.692857142857142753e+04;2.716260754953945025e+02;4.881675897188151225e+01;0.000000000000000000e+00
5.700000000000000000e+04;2.716594077477313931e+02;4.889227916167311605e+01;0.000000000000000000e+00
5.707142857142857247e+04;2.716910824589439812e+02;4.896656795762621073e+01;0.000000000000000000e+00
5.714285714285714494e+04;2.717210930861838847e+02;4.903962261670613998e+01;0.000000000000000000e+00
5.721428571428571740e+04;2.717494331512075405e+02;4.911144047121067047e+01;0.000000000000000000e+00
5.728571428571428987e+04;2.717760962409048489e+02;4.918201892884442827e+01;0.000000000000000000e+00
5.735714285714286234e+04;2.718010760078341832e+02;4.925135547240884648e+01;0.000000000000000000e+00
5.742857142857142753e+04;2.718243661706862326e+02;4.931944765994779800e+01;0.000000000000000000e+00
5.750000000000000000e+04;2.718459605148352125e+02;4.938629312445249298e+01;0.000000000000000000e+00
5.757142857142857247e+04;2.718658528928951341e+02;4.945188957367477656e+01;0.000000000000000000e+00
5.764285714285714494e+04;2.718840372251167423e+02;4.951623479025974461e+01;0.000000000000000000e+00
5.771428571428571740e+04;2.719005074999136582e+02;4.957932663139601459e+01;0.000000000000000000e+00
5.778571428571428987e+04;2.719152577744793007e+02;4.964116302877360454e+01;0.000000000000000000e+00
5.785714285714286234e+04;2.719282821751476718e+02;4.970174198841914404e+01;0.000000000000000000e+00
5.792857142857142753e+04;2.719395748979258087e+02;4.976106159046364041e+01;0.000000000000000000e+00
5.800000000000000000e+04;2.719491302090513045e+02;4.981911998923638407e+01;0.000000000000000000e+00
5.807142857142857247e+04;2.719569424453194983e+02;4.987591541290041164e+01;0.000000000000000000e+00
5.814285714285714494e+04;2.719630060148040798e+02;4.993144616329524865e+01;0.000000000000000000e+00
5.821428571428571740e+04;2.719673153971054944e+02;4.998571061592227238e+01;0.000000000000000000e+00
5.828571428571428987e+04;2.719698651440489812e+02;5.003870721960404921e+01;0.000000000000000000e+00
5.835714285714286234e+04;2.719706498798886969e+02;5.009043449648780211e+01;0.000000000000000000e+00
5.842857142857142753e+04;2.719696643020666897e+02;5.014089104177182321e+01;0.000000000000000000e+00
5.850000000000000000e+04;2.719669031815043354e+02;5.019007552347332535e+01;0.000000000000000000e+00
5.857142857142857247e+04;2.719623613631376884e+02;5.023798668236781850e+01;0.000000000000000000e+00
5.864285714285714494e+04;2.719560337663253335e+02;5.028462333170273268e+01;0.000000000000000000e+00
5.871428571428571740e+04;2.719479153853957314e+02;5.032998435714904417e+01;0.000000000000000000e+00
5.878571428571428987e+04;2.719380012900049906e+02;5.037406871635977268e+01;0.000000000000000000e+00
5.885714285714286234e+04;2.719262866256499933e+02;5.041687543899007551e+01;0.000000000000000000e+00
5.892857142857142753e+04;2.719127666141073973e+02;5.045840362647879829e+01;0.000000000000000000e+00
5.900000000000000000e+04;2.718974365539222617e+02;5.049865245169576156e+01;0.000000000000000000e+00
5.907142857142857247e+04;2.718802918207502444e+02;5.053762115877896122e+01;0.000000000000000000e+00
5.914285714285714494e+04;2.718613278678559482e+02;5.057530906306686802e+01;0.000000000000000000e+00
5.921428571428571740e+04;2.718405402265731254e+02;5.061171555071882722e+01;0.000000000000000000e+00
5.928571428571428987e+04;2.718179245067210559e+02;5.064684007852872583e+01;0.000000000000000000e+00
5.935714285714286234e+04;2.717934763970131939e+02;5.068068217372672279e+01;0.000000000000000000e+00
5.942857142857142753e+04;2.717671916654687152e+02;5.071324143372584103e+01;0.000000000000000000e+00
5.950000000000000000e+04;2.717390661599189912e+02;5.074451752584519681e+01;0.000000000000000000e+00
5.957142857142857247e+04;2.717090958083007877e+02;5.077451018724798359e+01;0.000000000000000000e+00
5.964285714285714494e+04;2.716772766192119661e+02;5.080321922440435856e+01;0.000000000000000000e+00
5.971428571428571740e+04;2.716436046821957575e+02;5.083064451312117171e+01;0.000000000000000000e+00
5.978571428571428987e+04;2.716080761682472371e+02;5.085678599812911216e+01;0.000000000000000000e+00
5.985714285714286234e+04;2.715706873300716211e+02;5.088164369302319301e+01;0.000000000000000000e+00
5.992857142857142753e+04;2.715314345027553600e+02;5.090521767963065258e+01;0.000000000000000000e+00
6.000000000000000000e+04;2.714903141038674903e+02;5.092750810810514395e+01;0.000000000000000000e+00
6.007142857142857247e+04;2.714473226339752614e+02;5.094851519666838158e+01;0.000000000000000000e+00
6.014285714285714494e+04;2.714024566771010996e+02;5.096823923102277831e+01;0.000000000000000000e+00
6.021428571428571740e+04;2.713557129010426365e+02;5.098668056430580009e+01;0.000000000000000000e+00
6.028571428571428987e+04;2.713070880576829609e+02;5.100383961696326196e+01;0.000000000000000000e+00
6.035714285714286234e+04;2.712565789835160217e+02;5.101971687613291806e+01;0.000000000000000000e+00
6.042857142857142753e+04;2.712041825998982176e+02;5.103431289553827810e+01;0.000000000000000000e+00
6.050000000000000000e+04;2.711498959134546567e+02;5.104762829530699264e+01;0.000000000000000000e+00
6.057142857142857247e+04;2.710937160164847342e+02;5.105966376145494223e+01;0.000000000000000000e+00
6.064285714285714494e+04;2.710356400873183134e+02;5.107042004582240224e+01;0.000000000000000000e+00
6.071428571428571740e+04;2.709756653905597545e+02;5.107989796555557405e+01;0.000000000000000000e+00
6.078571428571428987e+04;2.709137892775893306e+02;5.108809840307907280e+01;0.000000000000000000e+00
6.085714285714286234e+04;2.708500091868433515e+02;5.109502230552379842e+01;0.000000000000000000e+00
6.092857142857142753e+04;2.707843226442431614e+02;5.110067068452400463e+01;0.000000000000000000e+00
6.100000000000000000e+04;2.707167272632954678e+02;5.110504461613021476e+01;0.000000000000000000e+00
6.107142857142857247e+04;2.706472207457217110e+02;5.110814524009794013e+01;0.000000000000000000e+00
6.114285714285714494e+04;2.705758008816279698e+02;5.110997375994196545e+01;0.000000000000000000e+00
6.121428571428571740e+04;2.705024655498900756e+02;5.111053144233994772e+01;0.000000000000000000e+00
6.128571428571428987e+04;2.704272127184694341e+02;5.110981961706789889e+01;0.000000000000000000e+00
6.135714285714286234e+04;2.703500404446390348e+02;5.110783967651377679e+01;0.000000000000000000e+00
6.142857142857142753e+04;2.702709468755239755e+02;5.110459307532818229e+01;0.000000000000000000e+00
6.150000000000000000e+04;2.701899302481512564e+02;5.110008133024604149e+01;0.000000000000000000e+00
6.157142857142857247e+04;2.701069888899396574e+02;5.109430601966874974e+01;0.000000000000000000e+00
6.164285714285714494e+04;2.700221212189871380e+02;5.108726878338353572e+01;0.000000000000000000e+00
6.171428571428571740e+04;2.699353257441426877e+02;5.107897132214515068e+01;0.000000000000000000e+00
6.178571428571428987e+04;2.698466010657621155e+02;5.106941539747538172e+01;0.000000000000000000e+00
6.185714285714286234e+04;2.697559458755251853e+02;5.105860283100804509e+01;0.000000000000000000e+00
6.192857142857142753e+04;2.696633589569543119e+02;5.104653550474449730e+01;0.000000000000000000e+00
6.200000000000000000e+04;2.695688391856984936e+02;5.103321536003591063e+01;0.000000000000000000e+00
6.207142857142857247e+04;2.694723855297597765e+02;5.101864439769155979e+01;0.000000000000000000e+00
6.214285714285714494e+04;2.693739970497756531e+02;5.100282467752060711e+01;0.000000000000000000e+00
6.221428571428571740e+04;2.692736728992769031e+02;5.098575831791390556e+01;0.000000000000000000e+00
6.228571428571428987e+04;2.691714123249707882e+02;5.096744749547951869e+01;0.000000000000000000e+00
6.235714285714286234e+04;2.690672146669999165e+02;5.094789444480738894e+01;0.000000000000000000e+00
6.242857142857142753e+04;2.689610793592372602e+02;5.092710145801169119e+01;0.000000000000000000e+00
6.250000000000000000e+04;2.688530059294414514e+02;5.090507088440313055e+01;0.000000000000000000e+00
6.257142857142857247e+04;2.687429939995232644e+02;5.088180513016197892e+01;0.000000000000000000e+00
6.264285714285714494e+04;2.686310432859201001e+02;5.085730665790822513e+01;0.000000000000000000e+00
6.271428571428571740e+04;2.685171535996081502e+02;5.083157798635420477e+01;0.000000000000000000e+00
6.278571428571428987e+04;2.684013248465413426e+02;5.080462168998468542e+01;0.000000000000000000e+00
6.285714285714286234e+04;2.682835570277726447e+02;5.077644039871034920e+01;0.000000000000000000e+00
6.292857142857142753e+04;2.681638502396828017e+02;5.074703679727474537e+01;0.000000000000000000e+00
6.300000000000000000e+04;2.680422046741927034e+02;5.071641362525508612e+01;0.000000000000000000e+00
6.307142857142857247e+04;2.679186206190586290e+02;5.068457367630446697e+01;0.000000000000000000e+00
6.314285714285714494e+04;2.677930984580043514e+02;5.065151979804295479e+01;0.000000000000000000e+00
6.321428571428571740e+04;2.676656386708862101e+02;5.061725489152513546e+01;0.000000000000000000e+00
6.328571428571428987e+04;2.675362418339984742e+02;5.058178191092304132e+01;0.000000000000000000e+00
6.335714285714286234e+04;2.674049086202106764e+02;5.054510386329343419e+01;0.000000000000000000e+00
6.342857142857142753e+04;2.672716397991251824e+02;5.050722380780598542e+01;0.000000000000000000e+00
6.350000000000000000e+04;2.671364362373842596e+02;5.046814485566346775e+01;0.000000000000000000e+00
6.357142857142857247e+04;2.669992988986325599e+02;5.042787016971465164e+01;0.000000000000000000e+00
6.364285714285714494e+04;2.668602288439871018e+02;5.038640296394657980e+01;0.000000000000000000e+00
6.371428571428571740e+04;2.667192272319209678e+02;5.034374650307915999e+01;0.000000000000000000e+00
6.378571428571428987e+04;2.665762953185940205e+02;5.029990410233972398e+01;0.000000000000000000e+00
6.385714285714286234e+04;2.664314344579927365e+02;5.025487912682172009e+01;0.000000000000000000e+00
6.392857142857142753e+04;2.662846461020978950e+02;5.020867499134442369e+01;0.000000000000000000e+00
6.400000000000000000e+04;2.661359318008978789e+02;5.016129515985539911e+01;0.000000000000000000e+00
6.407142857142857247e+04;2.659852932027683892e+02;5.011274314512570527e+01;0.000000000000000000e+00
6.414285714285714494e+04;2.658327320543979795e+02;5.006302250839655699e+01;0.000000000000000000e+00
6.421428571428571740e+04;2.656782502010703411e+02;5.001213685884408733e+01;0.000000000000000000e+00
6.428571428571428987e+04;2.655218495867284219e+02;4.996008985325067897e+01;0.000000000000000000e+00
6.435714285714286234e+04;2.653635322541448431e+02;4.990688519565594561e+01;0.000000000000000000e+00
6.442857142857142753e+04;2.652033003449339503e+02;4.985252663683615992e+01;0.000000000000000000e+00
6.450000000000000000e+04;2.650411560997740708e+02;4.979701797397024166e+01;0.000000000000000000e+00
6.457142857142857247e+04;2.648771018585674710e+02;4.974036305022389115e+01;0.000000000000000000e+00
6.464285714285714494e+04;2.647111400604303526e+02;4.968256575437487754e+01;0.000000000000000000e+00
6.471428571428571740e+04;2.645432732437994900e+02;4.962363002023460012e+01;0.000000000000000000e+00
6.478571428571428987e+04;2.643735040465907105e+02;4.956355982649017733e+01;0.000000000000000000e+00
6.485714285714286234e+04;2.642018352062839313e+02;4.950235919618751268e+01;0.000000000000000000e+00
6.492857142857142753e+04;2.640282695599669296e+02;4.944003219603939669e+01;0.000000000000000000e+00
6.500000000000000000e+04;2.638528100445516884e+02;4.937658293663264431e+01;0.000000000000000000e+00
6.507142857142857247e+04;2.636754596965553219e+02;4.931201557133067581e+01;0.000000000000000000e+00
6.514285714285714494e+04;2.634962216525137819e+02;4.924633429640971372e+01;0.000000000000000000e+00
6.521428571428571740e+04;2.633150991487898409e+02;4.917954335019021528e+01;0.000000000000000000e+00
6.528571428571428987e+04;2.631320955218634481e+02;4.911164701301538571e+01;0.000000000000000000e+00
6.535714285714286234e+04;2.629472142081046968e+02;4.904264960657417305e+01;0.000000000000000000e+00
6.542857142857142753e+04;2.627604587441403510e+02;4.897255549354986215e+01;0.000000000000000000e+00
6.550000000000000000e+04;2.625718327666618279e+02;4.890136907720761883e+01;0.000000000000000000e+00
6.557142857142857974e+04;2.623813400125746966e+02;4.882909480094417631e+01;0.000000000000000000e+00
6.564285714285714494e+04;2.621889843189120484e+02;4.875573714800805192e+01;0.000000000000000000e+00
6.571428571428571013e+04;2.619947696231973850e+02;4.868130064075069185e+01;0.000000000000000000e+00
6.578571428571428987e+04;2.617986999630085165e+02;4.860578984063283770e+01;0.000000000000000000e+00
6.585714285714285506e+04;2.616007794762753065e+02;4.852920934747703541e+01;0.000000000000000000e+00
6.592857142857143481e+04;2.614010124013092309e+02;4.845156379912430111e+01;0.000000000000000000e+00
6.600000000000000000e+04;2.611994030767796175e+02;4.837285787110590718e+01;0.000000000000000000e+00
6.607142857142857974e+04;2.609959559415144668e+02;4.829309627616112266e+01;0.000000000000000000e+00
6.614285714285714494e+04;2.607906755348299157e+02;4.821228376354235934e+01;0.000000000000000000e+00
6.621428571428571013e+04;2.605835664963419731e+02;4.813042511927960732e+01;0.000000000000000000e+00
6.628571428571428987e+04;2.603746335659723172e+02;4.804752516492476389e+01;0.000000000000000000e+00
6.635714285714285506e+04;2.601638815839939980e+02;4.796358875766918572e+01;0.000000000000000000e+00
6.642857142857143481e+04;2.599513154908449906e+02;4.787862078984005620e+01;0.000000000000000000e+00
6.650000000000000000e+04;2.597369403273382886e+02;4.779262618817881503e+01;0.000000000000000000e+00
6.657142857142857974e+04;2.595207612343831443e+02;4.770560991389800165e+01;0.000000000000000000e+00
6.664285714285714494e+04;2.593027834532604174e+02;4.761757696167273934e+01;0.000000000000000000e+00
6.671428571428571013e+04;2.590830123251816985e+02;4.752853235987493008e+01;0.000000000000000000e+00
6.678571428571428987e+04;2.588614532917124507e+02;4.743848116938204384e+01;0.000000000000000000e+00
6.685714285714285506e+04;2.586381118942179000e+02;4.734742848399071136e+01;0.000000000000000000e+00
6.692857142857143481e+04;2.584129937742179663e+02;4.725537942914354517e+01;0.000000000000000000e+00
6.700000000000000000e+04;2.581861046731680744e+02;4.716233916218618560e+01;0.000000000000000000e+00
6.707142857142857974e+04;2.579574504321790300e+02;4.706831287162549415e+01;0.000000000000000000e+00
6.714285714285714494e+04;2.577270369923685394e+02;4.697330577666002682e+01;0.000000000000000000e+00
6.721428571428571013e+04;2.574948703946072328e+02;4.687732312672994794e+01;0.000000000000000000e+00
6.728571428571428987e+04;2.572609567791598693e+02;4.678037020147519343e+01;0.000000000000000000e+00
6.735714285714285506e+04;2.570253023860161647e+02;4.668245230976060611e+01;0.000000000000000000e+00
6.742857142857143481e+04;2.567879135544728797e+02;4.658357478955758779e+01;0.000000000000000000e+00
6.750000000000000000e+04;2.565487967234146254e+02;4.648374300745581422e+01;0.000000000000000000e+00
6.757142857142857974e+04;2.563079584306117340e+02;4.638296235840630288e+01;0.000000000000000000e+00
6.764285714285714494e+04;2.560654053133471280e+02;4.628123826477030889e+01;0.000000000000000000e+00
6.771428571428571013e+04;2.558211441076368828e+02;4.617857617655158720e+01;0.000000000000000000e+00
6.778571428571428987e+04;2.555751816485526433e+02;4.607498157054374133e+01;0.000000000000000000e+00
6.785714285714285506e+04;2.553275248698607811e+02;4.597045995013490938e+01;0.000000000000000000e+00
6.792857142857143481e+04;2.550781808039660064e+02;4.586501684439963356e+01;0.000000000000000000e+00
6.800000000000000000e+04;2.548271565819570696e+02;4.575865780837193597e+01;0.000000000000000000e+00
6.807142857142857974e+04;2.545744594330080872e+02;4.565138842229725924e+01;0.000000000000000000e+00
6.814285714285714494e+04;2.543200966847150539e+02;4.554321429100650676e+01;0.000000000000000000e+00
6.821428571428571013e+04;2.540640757626740651e+02;4.543414104364524064e+01;0.000000000000000000e+00
6.828571428571428987e+04;2.538064041903955967e+02;4.532417433354089553e+01;0.000000000000000000e+00
6.835714285714285506e+04;2.535470895892021872e+02;4.521331983705886159e+01;0.000000000000000000e+00
6.842857142857143481e+04;2.532861396779035204e+02;4.510158325425732073e+01;0.000000000000000000e+00
6.850000000000000000e+04;2.530235622728166618e+02;4.498897030709304090e+01;0.000000000000000000e+00
6.857142857142857974e+04;2.527593652873770225e+02;4.487548674040203878e+01;0.000000000000000000e+00
6.864285714285714494e+04;2.524935567322017960e+02;4.476113832039982299e+01;0.000000000000000000e+00
6.871428571428571013e+04;2.522261447147384388e+02;4.464593083464069423e+01;0.000000000000000000e+00
6.878571428571428987e+04;2.519571374390727669e+02;4.452987009202342961e+01;0.000000000000000000e+00
6.885714285714285506e+04;2.516865432056779355e+02;4.441296192152731237e+01;0.000000000000000000e+00
6.892857142857143481e+04;2.514143704115788296e+02;4.429521217237333985e+01;0.000000000000000000e+00
6.900000000000000000e+04;2.511406275495039608e+02;4.417662671372227123e+01;0.000000000000000000e+00
6.907142857142857974e+04;2.508653232083133844e+02;4.405721143352138824e+01;0.000000000000000000e+00
6.914285714285714494e+04;2.505884660723752404e+02;4.393697223884419145e+01;0.000000000000000000e+00
6.921428571428571013e+04;2.503100649213688484e+02;4.381591505531878283e+01;0.000000000000000000e+00
6.928571428571428987e+04;2.500301286304152200e+02;4.369404582631318590e+01;0.000000000000000000e+00
6.935714285714285506e+04;2.497486661693098995e+02;4.357137051277254614e+01;0.000000000000000000e+00
6.942857142857143481e+04;2.494656866025961790e+02;4.344789509296174401e+01;0.000000000000000000e+00
6.950000000000000000e+04;2.491811990894589144e+02;4.332362556189241332e+01;0.000000000000000000e+00
6.957142857142857974e+04;2.488952128831010668e+02;4.319856793101348558e+01;0.000000000000000000e+00
6.964285714285714494e+04;2.486077373307339258e+02;4.307272822717300187e+01;0.000000000000000000e+00
6.971428571428571013e+04;2.483187818732662890e+02;4.294611249350623439e+01;0.000000000000000000e+00
6.978571428571428987e+04;2.480283560449520337e+02;4.281872678787271980e+01;0.000000000000000000e+00
6.985714285714285506e+04;2.477364694733150827e+02;4.269057718255294276e+01;0.000000000000000000e+00
6.992857142857143481e+04;2.474431318787032978e+02;4.256166976468307439e+01;0.000000000000000000e+00
7.000000000000000000e+04;2.471483530741113555e+02;4.243201063476044510e+01;0.000000000000000000e+00
7.007142857142857974e+04;2.468521429646782508e+02;4.230160590725722614e+01;0.000000000000000000e+00
7.014285714285714494e+04;2.465545115477957552e+02;4.217046170914159120e+01;0.000000000000000000e+00
7.021428571428571013e+04;2.462554689123865046e+02;4.203858418054892354e+01;0.000000000000000000e+00
7.028571428571428987e+04;2.459550252388974059e+02;4.190597947359947284e+01;0.000000000000000000e+00
7.035714285714285506e+04;2.456531907988792227e+02;4.177265375243564449e+01;0.000000000000000000e+00
7.042857142857143481e+04;2.453499759546443784e+02;4.163861319234729308e+01;0.000000000000000000e+00
7.050000000000000000e+04;2.450453911589638665e+02;4.150386398002774513e+01;0.000000000000000000e+00
7.057142857142857974e+04;2.447394469548723919e+02;4.136841231261473695e+01;0.000000000000000000e+00
7.064285714285714494e+04;2.444321539752068020e+02;4.123226439767586271e+01;0.000000000000000000e+00
7.071428571428571013e+04;2.441235229423186865e+02;4.109542645237365832e+01;0.000000000000000000e+00
7.078571428571428987e+04;2.438135646676216766e+02;4.095790470362953783e+01;0.000000000000000000e+00
7.085714285714285506e+04;2.435022900514809407e+02;4.081970538723703612e+01;0.000000000000000000e+00
7.092857142857143481e+04;2.431897100827195572e+02;4.068083474791978915e+01;0.000000000000000000e+00
7.100000000000000000e+04;2.428758358382765437e+02;4.054129903820285108e+01;0.000000000000000000e+00
7.107142857142857974e+04;2.425606784827600677e+02;4.040110451902251043e+01;0.000000000000000000e+00
7.114285714285714494e+04;2.422442492684135686e+02;4.026025745853530680e+01;0.000000000000000000e+00
7.121428571428571013e+04;2.419265595344231770e+02;4.011876413216668880e+01;0.000000000000000000e+00
7.128571428571428987e+04;2.416076207064829759e+02;3.997663082201074758e+01;0.000000000000000000e+00
7.135714285714285506e+04;2.412874442967849973e+02;3.983386381654736397e+01;0.000000000000000000e+00
7.142857142857143481e+04;2.409660419034075858e+02;3.969046941017518293e+01;0.000000000000000000e+00
7.150000000000000000e+04;2.406434252098733850e+02;3.954645390300606778e+01;0.000000000000000000e+00
7.157142857142857974e+04;2.403196059849010453e+02;3.940182360029643860e+01;0.000000000000000000e+00
7.164285714285714494e+04;2.399945960819627544e+02;3.925658481202776784e+01;0.000000000000000000e+00
7.171428571428571013e+04;2.396684074388681438e+02;3.911074385283222909e+01;0.000000000000000000e+00
7.178571428571428987e+04;2.393410520772049495e+02;3.896430704138765577e+01;0.000000000000000000e+00
7.185714285714285506e+04;2.390125421023544732e+02;3.881728069996870545e+01;0.000000000000000000e+00
7.192857142857143481e+04;2.386828897026798586e+02;3.866967115436204949e+01;0.000000000000000000e+00
7.200000000000000000e+04;2.383521071491850307e+02;3.852148473318038668e+01;0.000000000000000000e+00
7.207142857142857974e+04;2.380202067950831406e+02;3.837272776782378969e+01;0.000000000000000000e+00
7.214285714285714494e+04;2.376872010756314921e+02;3.822340659155770481e+01;0.000000000000000000e+00
7.221428571428571013e+04;2.373531025073043565e+02;3.807352754011958496e+01;0.000000000000000000e+00
7.228571428571428987e+04;2.370179236875992501e+02;3.792309695018138882e+01;0.000000000000000000e+00
7.235714285714285506e+04;2.366816772945717275e+02;3.777212115995325803e+01;0.000000000000000000e+00
7.242857142857143481e+04;2.363443760861750889e+02;3.762060650819512375e+01;0.000000000000000000e+00
7.250000000000000000e+04;2.360060329002717481e+02;3.746855933433607788e+01;0.000000000000000000e+00
7.257142857142857974e+04;2.356666606535372921e+02;3.731598597775246162e+01;0.000000000000000000e+00
7.264285714285714494e+04;2.353262723416328299e+02;3.716289277748819586e+01;0.000000000000000000e+00
7.271428571428571013e+04;2.349848810381481599e+02;3.700928607211835697e+01;0.000000000000000000e+00
7.278571428571428987e+04;2.346424998947863969e+02;3.685517219911253051e+01;0.000000000000000000e+00
7.285714285714285506e+04;2.342991421401870866e+02;3.670055749499942976e+01;0.000000000000000000e+00
7.292857142857143481e+04;2.339548210799548542e+02;3.654544829380711235e+01;0.000000000000000000e+00
7.300000000000000000e+04;2.336095500959850142e+02;3.638985092835127944e+01;0.000000000000000000e+00
7.307142857142857974e+04;2.332633426460020019e+02;3.623377172887467168e+01;0.000000000000000000e+00
7.314285714285714494e+04;2.329162122630737031e+02;3.607721702285425636e+01;0.000000000000000000e+00
7.321428571428571013e+04;2.325681725548520262e+02;3.592019313490254717e+01;0.000000000000000000e+00
7.328571428571428987e+04;2.322192372037402492e+02;3.576270638588448492e+01;0.000000000000000000e+00
7.335714285714285506e+04;2.318694199655355987e+02;3.560476309322984889e+01;0.000000000000000000e+00
7.342857142857143481e+04;2.315187346696379791e+02;3.544636957064722083e+01;0.000000000000000000e+00
7.350000000000000000e+04;2.311671952180390690e+02;3.528753212681249352e+01;0.000000000000000000e+00
7.357142857142857974e+04;2.308148155851058618e+02;3.512825706624380473e+01;0.000000000000000000e+00
7.364285714285714494e+04;2.304616098168166900e+02;3.496855068833838232e+01;0.000000000000000000e+00
7.371428571428571013e+04;2.301075920305447653e+02;3.480841928693143927e+01;0.000000000000000000e+00
7.378571428571428987e+04;2.297527764140450017e+02;3.464786915054173733e+01;0.000000000000000000e+00
7.385714285714285506e+04;2.293971772254399184e+02;3.448690656155667966e+01;0.000000000000000000e+00
7.392857142857143481e+04;2.290408087924542997e+02;3.432553779587306053e+01;0.000000000000000000e+00
7.400000000000000000e+04;2.286836855116507650e+02;3.416376912300165714e+01;0.000000000000000000e+00
7.407142857142857974e+04;2.283258218481587392e+02;3.400160680572844285e+01;0.000000000000000000e+00
7.414285714285714494e+04;2.279672323351487648e+02;3.383905709909458892e+01;0.000000000000000000e+00
7.421428571428571013e+04;2.276079315730294184e+02;3.367612625106585256e+01;0.000000000000000000e+00
7.428571428571428987e+04;2.272479342290612294e+02;3.351282050153758973e+01;0.000000000000000000e+00
7.435714285714285506e+04;2.268872550366904761e+02;3.334914608232202227e+01;0.000000000000000000e+00
7.442857142857143481e+04;2.265259087952922528e+02;3.318510921652705292e+01;0.000000000000000000e+00
7.450000000000000000e+04;2.261639103687584793e+02;3.302071611909059357e+01;0.000000000000000000e+00
7.457142857142857974e+04;2.258012746860363222e+02;3.285597299531173121e+01;0.000000000000000000e+00
7.464285714285714494e+04;2.254380167397316654e+02;3.269088604168337042e+01;0.000000000000000000e+00
7.471428571428571013e+04;2.250741515859026549e+02;3.252546144426514729e+01;0.000000000000000000e+00
7.478571428571428987e+04;2.247096943431497493e+02;3.235970538028504961e+01;0.000000000000000000e+00
7.485714285714285506e+04;2.243446601925052164e+02;3.219362401556963960e+01;0.000000000000000000e+00
7.492857142857143481e+04;2.239790643761357387e+02;3.202722350660133088e+01;0.000000000000000000e+00
7.500000000000000000e+04;2.236129221975588734e+02;3.186050999814642637e+01;0.000000000000000000e+00
7.507142857142857974e+04;2.232462490202374283e+02;3.169348962455114815e+01;0.000000000000000000e+00
7.514285714285714494e+04;2.228790602676754133e+02;3.152616850826507289e+01;0.000000000000000000e+00
7.521428571428571013e+04;2.225113714221956798e+02;3.135855276087613674e+01;0.000000000000000000e+00
7.528571428571428987e+04;2.221431980248585205e+02;3.119064848104517296e+01;0.000000000000000000e+00
7.535714285714285506e+04;2.217745556743088855e+02;3.102246175638993009e+01;0.000000000000000000e+00
7.542857142857143481e+04;2.214054600263561952e+02;3.085399866127636415e+01;0.000000000000000000e+00
7.550000000000000000e+04;2.210359267939115853e+02;3.068526525768220381e+01;0.000000000000000000e+00
7.557142857142857974e+04;2.206659717453303529e+02;3.051626759444070558e+01;0.000000000000000000e+00
7.564285714285714494e+04;2.202956107042737131e+02;3.034701170765401912e+01;0.000000000000000000e+00
7.571428571428571013e+04;2.199248595493563698e+02;3.017750361943262760e+01;0.000000000000000000e+00
7.578571428571428987e+04;2.195537342130387515e+02;3.000774933817956480e+01;0.000000000000000000e+00
7.585714285714285506e+04;2.191822506811972744e+02;2.983775485872274658e+01;0.000000000000000000e+00
7.592857142857143481e+04;2.188104249922876079e+02;2.966752616118810693e+01;0.000000000000000000e+00
7.600000000000000000e+04;2.184382732367957942e+02;2.949706921149208938e+01;0.000000000000000000e+00
7.607142857142857974e+04;2.180658115571950475e+02;2.932638996059449710e+01;0.000000000000000000e+00
7.614285714285714494e+04;2.176930561457857038e+02;2.915549434467402534e+01;0.000000000000000000e+00
7.621428571428571013e+04;2.173200232454555589e+02;2.898438828465032202e+01;0.000000000000000000e+00
7.628571428571428987e+04;2.169467291484415910e+02;2.881307768561600824e+01;0.000000000000000000e+00
7.635714285714285506e+04;2.165731901953840861e+02;2.864156843792943619e+01;0.000000000000000000e+00
7.642857142857143481e+04;2.161994227755649263e+02;2.846986641460716783e+01;0.000000000000000000e+00
7.650000000000000000e+04;2.158254433249403519e+02;2.829797747377233463e+01;0.000000000000000000e+00
7.657142857142857974e+04;2.154512683263646977e+02;2.812590745642728507e+01;0.000000000000000000e+00
7.664285714285714494e+04;2.150769143089128193e+02;2.795366218714934803e+01;0.000000000000000000e+00
7.671428571428571013e+04;2.147023978466258995e+02;2.778124747378751636e+01;0.000000000000000000e+00
7.678571428571428987e+04;2.143277355582440578e+02;2.760866910699678556e+01;0.000000000000000000e+00
7.685714285714285506e+04;2.139529441063414197e+02;2.743593285995120823e+01;0.000000000000000000e+00
7.692857142857143481e+04;2.135780401967194848e+02;2.726304448893279186e+01;0.000000000000000000e+00
7.700000000000000000e+04;2.132030405776722546e+02;2.709000973187949057e+01;0.000000000000000000e+00
7.707142857142857974e+04;2.128279620392850120e+02;2.691683430888269868e+01;0.000000000000000000e+00
7.714285714285714494e+04;2.124528214126130479e+02;2.674352392244736620e+01;0.000000000000000000e+00
7.721428571428571013e+04;2.120776355690359196e+02;2.657008425623598669e+01;0.000000000000000000e+00
7.728571428571428987e+04;2.117024214195571403e+02;2.639652097542466436e+01;0.000000000000000000e+00
7.735714285714285506e+04;2.113271959142603009e+02;2.622283972643708694e+01;0.000000000000000000e+00
7.742857142857143481e+04;2.109519760410403251e+02;2.604904613706003147e+01;0.000000000000000000e+00
7.750000000000000000e+04;2.105767788256898712e+02;2.587514581566210836e+01;0.000000000000000000e+00
7.757142857142857974e+04;2.102016213303486438e+02;2.570114435138202680e+01;0.000000000000000000e+00
7.764285714285714494e+04;2.098265206534451863e+02;2.552704731384983461e+01;0.000000000000000000e+00
7.771428571428571013e+04;2.094514939284244974e+02;2.535286025268760568e+01;0.000000000000000000e+00
7.778571428571428987e+04;2.090765583232468998e+02;2.517858869830342883e+01;0.000000000000000000e+00
7.785714285714285506e+04;2.087017310397804977e+02;2.500423816053444170e+01;0.000000000000000000e+00
7.792857142857143481e+04;2.083270293129098718e+02;2.482981412905701291e+01;0.000000000000000000e+00
7.800000000000000000e+04;2.079524704097393624e+02;2.465532207305750489e+01;0.000000000000000000e+00
7.807142857142857974e+04;2.075780716288672920e+02;2.448076744160516682e+01;0.000000000000000000e+00
7.814285714285714494e+04;2.072038502996647367e+02;2.430615566219967150e+01;0.000000000000000000e+00
7.821428571428571013e+04;2.068298237818089547e+02;2.413149214212717197e+01;0.000000000000000000e+00
7.828571428571428987e+04;2.064560094636808572e+02;2.395678226718973747e+01;0.000000000000000000e+00
7.835714285714285506e+04;2.060824247628252124e+02;2.378203140206551325e+01;0.000000000000000000e+00
7.842857142857143481e+04;2.057090871239279295e+02;2.360724489017684391e+01;0.000000000000000000e+00
7.850000000000000000e+04;2.053360140191334722e+02;2.343242805292538833e+01;0.000000000000000000e+00
7.857142857142857974e+04;2.049632229466687932e+02;2.325758619025782536e+01;0.000000000000000000e+00
7.864285714285714494e+04;2.045907314299211066e+02;2.308272458027113316e+01;0.000000000000000000e+00
7.871428571428571013e+04;2.042185570171695872e+02;2.290784847910708777e+01;0.000000000000000000e+00
7.878571428571428987e+04;2.038467172806904273e+02;2.273296312060756463e+01;0.000000000000000000e+00
7.885714285714285506e+04;2.034752298159319253e+02;2.255807371599166800e+01;0.000000000000000000e+00
7.892857142857143481e+04;2.031041122401111352e+02;2.238318545470337995e+01;0.000000000000000000e+00
7.900000000000000000e+04;2.027333821926204109e+02;2.220830350294363598e+01;0.000000000000000000e+00
7.907142857142857974e+04;2.023630573334894507e+02;2.203343300464439380e+01;0.000000000000000000e+00
7.914285714285714494e+04;2.019931553425985840e+02;2.185857908053822030e+01;0.000000000000000000e+00
7.921428571428571013e+04;2.016236939192604041e+02;2.168374682847661461e+01;0.000000000000000000e+00
7.928571428571428987e+04;2.012546907806472518e+02;2.150894132346184051e+01;0.000000000000000000e+00
7.935714285714285506e+04;2.008861636621968501e+02;2.133416761646640225e+01;0.000000000000000000e+00
7.942857142857143481e+04;2.005181303159988602e+02;2.115943073611197178e+01;0.000000000000000000e+00
7.950000000000000000e+04;2.001506085099017582e+02;2.098473568688314117e+01;0.000000000000000000e+00
7.957142857142857974e+04;1.997836160273127462e+02;2.081008744961854973e+01;0.000000000000000000e+00
7.964285714285714494e+04;1.994171706657580216e+02;2.063549098212115496e+01;0.000000000000000000e+00
7.971428571428571013e+04;1.990512902367308925e+02;2.046095121752659907e+01;0.000000000000000000e+00
7.978571428571428987e+04;1.986859925643102542e+02;2.028647306531456707e+01;0.000000000000000000e+00
7.985714285714285506e+04;1.983212954847431320e+02;2.011206141111961188e+01;0.000000000000000000e+00
7.992857142857143481e+04;1.979572168454669736e+02;1.993772111641737865e+01;0.000000000000000000e+00
8.000000000000000000e+04;1.975937745040955633e+02;1.976345701820719114e+01;0.000000000000000000e+00
8.007142857142857974e+04;1.972309863281243452e+02;1.958927392925670574e+01;0.000000000000000000e+00
8.014285714285714494e+04;1.968688701937517180e+02;1.941517663795730186e+01;0.000000000000000000e+00
8.021428571428571013e+04;1.965074439849486225e+02;1.924116990824859386e+01;0.000000000000000000e+00
8.028571428571428987e+04;1.961467255933785054e+02;1.906725847900270310e+01;0.000000000000000000e+00
8.035714285714285506e+04;1.957867329162218084e+02;1.889344706531937845e+01;0.000000000000000000e+00
8.042857142857143481e+04;1.954274838569599524e+02;1.871974035641596856e+01;0.000000000000000000e+00
8.050000000000000000e+04;1.950689963233035087e+02;1.854614301733272441e+01;0.000000000000000000e+00
8.057142857142857974e+04;1.947112882269466354e+02;1.837265968798328686e+01;0.000000000000000000e+00
8.064285714285714494e+04;1.943543774829422546e+02;1.819929498294277437e+01;0.000000000000000000e+00
8.071428571428571013e+04;1.939982820080385864e+02;1.802605349251825828e+01;0.000000000000000000e+00
8.078571428571428987e+04;1.936430197207246238e+02;1.785293978112349578e+01;0.000000000000000000e+00
8.085714285714285506e+04;1.932886085400305092e+02;1.767995838833212474e+01;0.000000000000000000e+00
8.092857142857143481e+04;1.929350663846489624e+02;1.750711382807276095e+01;0.000000000000000000e+00
8.100000000000000000e+04;1.925824111724232353e+02;1.733441058872267604e+01;0.000000000000000000e+00
8.107142857142857974e+04;1.922306608189583130e+02;1.716185313449386740e+01;0.000000000000000000e+00
8.114285714285714494e+04;1.918798332372944060e+02;1.698944590280279954e+01;0.000000000000000000e+00
8.121428571428571013e+04;1.915299463371538877e+02;1.681719330586565775e+01;0.000000000000000000e+00
8.128571428571428987e+04;1.911810180231823324e+02;1.664509973089298001e+01;0.000000000000000000e+00
8.135714285714285506e+04;1.908330661954832976e+02;1.647316953863992239e+01;0.000000000000000000e+00
8.142857142857143481e+04;1.904861087478238915e+02;1.630140706463953393e+01;0.000000000000000000e+00
8.150000000000000000e+04;1.901401635671154509e+02;1.612981661871253891e+01;0.000000000000000000e+00
8.157142857142857974e+04;1.897952485323294241e+02;1.595840248497188441e+01;0.000000000000000000e+00
8.164285714285714494e+04;1.894513815140107909e+02;1.578716892169086350e+01;0.000000000000000000e+00
8.171428571428571013e+04;1.891085803732439672e+02;1.561612016103026690e+01;0.000000000000000000e+00
8.178571428571428987e+04;1.887668629611343931e+02;1.544526040964865388e+01;0.000000000000000000e+00
8.185714285714285506e+04;1.884262471171587094e+02;1.527459384844587476e+01;0.000000000000000000e+00
8.192857142857143481e+04;1.880867506693357427e+02;1.510412463150169060e+01;0.000000000000000000e+00
8.200000000000000000e+04;1.877483914326858212e+02;1.493385688827675040e+01;0.000000000000000000e+00
8.207142857142857974e+04;1.874111872085650248e+02;1.476379472119333514e+01;0.000000000000000000e+00
8.214285714285714494e+04;1.870751557839867019e+02;1.459394220737067371e+01;0.000000000000000000e+00
8.221428571428571013e+04;1.867403149306446721e+02;1.442430339743532386e+01;0.000000000000000000e+00
8.228571428571428987e+04;1.864066824040273787e+02;1.425488231647250359e+01;0.000000000000000000e+00
8.235714285714285506e+04;1.860742759427412238e+02;1.408568296295197797e+01;0.000000000000000000e+00
8.242857142857143481e+04;1.857431132675774279e+02;1.391670930972577480e+01;0.000000000000000000e+00
8.250000000000000000e+04;1.854132120802732970e+02;1.374796530365983926e+01;0.000000000000000000e+00
8.257142857142857974e+04;1.850845900636049919e+02;1.357945486545850144e+01;0.000000000000000000e+00
8.264285714285714494e+04;1.847572648798814043e+02;1.341118188954533252e+01;0.000000000000000000e+00
8.271428571428571013e+04;1.844312541695398977e+02;1.324315024469888158e+01;0.000000000000000000e+00
8.278571428571428987e+04;1.841065755521613028e+02;1.307536377326778165e+01;0.000000000000000000e+00
8.285714285714285506e+04;1.837832466232102888e+02;1.290782629201385134e+01;0.000000000000000000e+00
8.292857142857143481e+04;1.834612849552377156e+02;1.274054159103252459e+01;0.000000000000000000e+00
8.300000000000000000e+04;1.831407080960034364e+02;1.257351343499067298e+01;0.000000000000000000e+00
8.307142857142857974e+04;1.828215335674685775e+02;1.240674556223711988e+01;0.000000000000000000e+00
8.314285714285714494e+04;1.825037788657900819e+02;1.224024168543292035e+01;0.000000000000000000e+00
8.321428571428571013e+04;1.821874614600947098e+02;1.207400549086196406e+01;0.000000000000000000e+00
8.328571428571428987e+04;1.818725987908583193e+02;1.190804063934410806e+01;0.000000000000000000e+00
8.335714285714285506e+04;1.815592082706079964e+02;1.174235076526929333e+01;0.000000000000000000e+00
8.342857142857143481e+04;1.812473072816410422e+02;1.157693947718144045e+01;0.000000000000000000e+00
8.350000000000000000e+04;1.809369131759194715e+02;1.141181035806039290e+01;0.000000000000000000e+00
8.357142857142857974e+04;1.806280432744442805e+02;1.124696696500723192e+01;0.000000000000000000e+00
8.364285714285714494e+04;1.803207148649307783e+02;1.108241282942253747e+01;0.000000000000000000e+00
8.371428571428571013e+04;1.800149452036639559e+02;1.091815145626787853e+01;0.000000000000000000e+00
8.378571428571428987e+04;1.797107515117859293e+02;1.075418632533910568e+01;0.000000000000000000e+00
8.385714285714285506e+04;1.794081509766383533e+02;1.059052089072793024e+01;0.000000000000000000e+00
8.392857142857143481e+04;1.791071607493886404e+02;1.042715858063093037e+01;0.000000000000000000e+00
8.400000000000000000e+04;1.788077979449844861e+02;1.026410279771516798e+01;0.000000000000000000e+00
8.407142857142857974e+04;1.785100796414499200e+02;1.010135691940740799e+01;0.000000000000000000e+00
8.414285714285714494e+04;1.782140228783518978e+02;9.938924297506673611e+00;0.000000000000000000e+00
8.421428571428571013e+04;1.779196446565165388e+02;9.776808257707671146e+00;0.000000000000000000e+00
8.428571428571428987e+04;1.776269619374616013e+02;9.615012100817693863e+00;0.000000000000000000e+00
8.435714285714285506e+04;1.773359916412391613e+02;9.453539102931244997e+00;0.000000000000000000e+00
8.442857142857143481e+04;1.770467506476470589e+02;9.292392513514641905e+00;0.000000000000000000e+00
8.450000000000000000e+04;1.767592557933257922e+02;9.131575557648829999e+00;0.000000000000000000e+00
8.457142857142857974e+04;1.764735238720222696e+02;8.971091435192647623e+00;0.000000000000000000e+00
8.464285714285714494e+04;1.761895716342096421e+02;8.810943320773731102e+00;0.000000000000000000e+00
8.471428571428571013e+04;1.759074157848845061e+02;8.651134364101380925e+00;0.000000000000000000e+00
8.478571428571428987e+04;1.756270729838815896e+02;8.491667689724636148e+00;0.000000000000000000e+00
8.485714285714285506e+04;1.753485598447259690e+02;8.332546397241458180e+00;0.000000000000000000e+00
8.492857142857143481e+04;1.750718929332451808e+02;8.173773561982670799e+00;0.000000000000000000e+00
8.500000000000000000e+04;1.747970887679621228e+02;8.015352234091551509e+00;0.000000000000000000e+00
8.507142857142857974e+04;1.745241638179832080e+02;7.857285438987673842e+00;0.000000000000000000e+00
8.514285714285714494e+04;1.742531345030020020e+02;7.699576177376002306e+00;0.000000000000000000e+00
8.521428571428571013e+04;1.739840171918604028e+02;7.542227426341924001e+00;0.000000000000000000e+00
8.528571428571428987e+04;1.737168282027832902e+02;7.385242137745080981e+00;0.000000000000000000e+00
8.535714285714285506e+04;1.734515838012248423e+02;7.228623239341686713e+00;0.000000000000000000e+00
8.542857142857143481e+04;1.731883001998776308e+02;7.072373634298855904e+00;0.000000000000000000e+00
8.550000000000000000e+04;1.729269935578922741e+02;6.916496202207781607e+00;0.000000000000000000e+00
8.557142857142857974e+04;1.726676799793985992e+02;6.760993798310664715e+00;0.000000000000000000e+00
8.564285714285714494e+04;1.724103755134347011e+02;6.605869254790377454e+00;0.000000000000000000e+00
8.571428571428571013e+04;1.721550961529337656e+02;6.451125377616335754e+00;0.000000000000000000e+00
8.578571428571428987e+04;1.719018578334998892e+02;6.296764952092416934e+00;0.000000000000000000e+00
8.585714285714285506e+04;1.716506764330406440e+02;6.142790737321774941e+00;0.000000000000000000e+00
8.592857142857143481e+04;1.714015677710958698e+02;5.989205469959415495e+00;0.000000000000000000e+00
8.600000000000000000e+04;1.711545476073970349e+02;5.836011863300882396e+00;0.000000000000000000e+00
8.607142857142857974e+04;1.709096316415725596e+02;5.683212607367750024e+00;0.000000000000000000e+00
8.614285714285714494e+04;1.706668355126985261e+02;5.530810367907179170e+00;0.000000000000000000e+00
8.621428571428571013e+04;1.704261747969412681e+02;5.378807789104030235e+00;0.000000000000000000e+00
8.628571428571428987e+04;1.701876650088106544e+02;5.227207491134322481e+00;0.000000000000000000e+00
8.635714285714285506e+04;1.699513215995539213e+02;5.076012071131117409e+00;0.000000000000000000e+00
8.642857142857143481e+04;1.697171599553475971e+02;4.925224104303197237e+00;0.000000000000000000e+00
8.650000000000000000e+04;1.694851953976794903e+02;4.774846142703609075e+00;0.000000000000000000e+00
8.657142857142857974e+04;1.692554431827156805e+02;4.624880715340623283e+00;0.000000000000000000e+00
8.664285714285714494e+04;1.690279184999362769e+02;4.475330329716598499e+00;0.000000000000000000e+00
8.671428571428571013e+04;1.688026364711258793e+02;4.326197470865736250e+00;0.000000000000000000e+00
8.678571428571428987e+04;1.685796121500970912e+02;4.177484601215837756e+00;0.000000000000000000e+00
8.685714285714285506e+04;1.683588605218155863e+02;4.029194161295890808e+00;0.000000000000000000e+00
8.692857142857143481e+04;1.681403965017470910e+02;3.881328570269033662e+00;0.000000000000000000e+00
8.700000000000000000e+04;1.679242349347714480e+02;3.733890224697461235e+00;0.000000000000000000e+00
8.707142857142857974e+04;1.677103905944986764e+02;3.586881499984883703e+00;0.000000000000000000e+00
8.714285714285714494e+04;1.674988781826796185e+02;3.440304750136419898e+00;0.000000000000000000e+00
8.721428571428571013e+04;1.672897123287075374e+02;3.294162307018268621e+00;0.000000000000000000e+00
8.728571428571428987e+04;1.670829075874353293e+02;3.148456482602341566e+00;0.000000000000000000e+00
8.735714285714285506e+04;1.668784784405506798e+02;3.003189566441506031e+00;0.000000000000000000e+00
8.742857142857143481e+04;1.666764392944423889e+02;2.858363827970606508e+00;0.000000000000000000e+00
8.750000000000000000e+04;1.664768044793090667e+02;2.713981515598788974e+00;0.000000000000000000e+00
8.757142857142857974e+04;1.662795882494247053e+02;2.570044856676759082e+00;0.000000000000000000e+00
8.764285714285714494e+04;1.660848047818399209e+02;2.426556058391724946e+00;0.000000000000000000e+00
8.771428571428571013e+04;1.658924681747630530e+02;2.283517307743750280e+00;0.000000000000000000e+00
8.778571428571428987e+04;1.657025924488298187e+02;2.140930771380226361e+00;0.000000000000000000e+00
8.785714285714285506e+04;1.655151915442111203e+02;1.998798595528569422e+00;0.000000000000000000e+00
8.792857142857143481e+04;1.653302793215661950e+02;1.857122906996664824e+00;0.000000000000000000e+00
8.800000000000000000e+04;1.651478695607074769e+02;1.715905812365235761e+00;0.000000000000000000e+00
8.807142857142857974e+04;1.649679759592618211e+02;1.575149398799112532e+00;0.000000000000000000e+00
8.814285714285714494e+04;1.647906121323467232e+02;1.434855734540178673e+00;0.000000000000000000e+00
8.821428571428571013e+04;1.646157916131887760e+02;1.295026867046544794e+00;0.000000000000000000e+00
8.828571428571428987e+04;1.644435278499295237e+02;1.155664826212159824e+00;0.000000000000000000e+00
8.835714285714285506e+04;1.642738342065968027e+02;1.016771622431406286e+00;0.000000000000000000e+00
8.842857142857143481e+04;1.641067239623589558e+02;8.783492470356577542e-01;0.000000000000000000e+00
8.850000000000000000e+04;1.639422103097786021e+02;7.403996723842283245e-01;0.000000000000000000e+00
8.857142857142857974e+04;1.637803063551218656e+02;6.029248537615785608e-01;0.000000000000000000e+00
8.864285714285714494e+04;1.636210251178963517e+02;4.659267259194166400e-01;0.000000000000000000e+00
8.871428571428571013e+04;1.634643795286101522e+02;3.294072078515455360e-01;0.000000000000000000e+00
8.878571428571428987e+04;1.633103824294812512e+02;1.933681988593889400e-01;0.000000000000000000e+00
8.885714285714285506e+04;1.631590465735644102e+02;5.781158082209003624e-02;0.000000000000000000e+00
8.892857142857143481e+04;1.630103846231468196e+02;-7.726078139967285097e-02;0.000000000000000000e+00
8.900000000000000000e+04;1.628644091504356766e+02;-2.118470414498005994e-01;0.000000000000000000e+00
8.907142857142857974e+04;1.627211326360447856e+02;-3.459453696159471292e-01;0.000000000000000000e+00
8.914285714285714494e+04;1.625805674686125712e+02;-4.795539540355093777e-01;0.000000000000000000e+00
8.921428571428571013e+04;1.624427259427829995e+02;-6.126709975069388747e-01;0.000000000000000000e+00
8.928571428571428987e+04;1.623076202615266084e+02;-7.452947232413862366e-01;0.000000000000000000e+00
8.935714285714285506e+04;1.621752625325425470e+02;-8.774233676667790860e-01;0.000000000000000000e+00
8.942857142857143481e+04;1.620456647693608829e+02;-1.009055186910700286e+00;0.000000000000000000e+00
8.950000000000000000e+04;1.619188388896436663e+02;-1.140188449975539697e+00;0.000000000000000000e+00
8.957142857142857974e+04;1.617947967153049831e+02;-1.270821443980821641e+00;0.000000000000000000e+00
8.964285714285714494e+04;1.616735499713140598e+02;-1.400952471685741330e+00;0.000000000000000000e+00
8.971428571428571013e+04;1.615551102856188663e+02;-1.530579851943912217e+00;0.000000000000000000e+00
8.978571428571428987e+04;1.614394891879092029e+02;-1.659701917615166167e+00;0.000000000000000000e+00
8.985714285714285506e+04;1.613266981092820060e+02;-1.788317018599627772e+00;0.000000000000000000e+00
8.992857142857143481e+04;1.612167483817720495e+02;-1.916423518316150876e+00;0.000000000000000000e+00
9.000000000000000000e+04;1.611096512376352621e+02;-2.044019797154760454e+00;0.000000000000000000e+00
9.007142857142857974e+04;1.610054178081190912e+02;-2.171104248107440071e+00;0.000000000000000000e+00
9.014285714285714494e+04;1.609040591242592200e+02;-2.297675281148258364e+00;0.000000000000000000e+00
9.021428571428571013e+04;1.608055861147804535e+02;-2.423731318303907756e+00;0.000000000000000000e+00
9.028571428571428987e+04;1.607100096062240482e+02;-2.549270797855569981e+00;0.000000000000000000e+00
9.035714285714285506e+04;1.606173403219399916e+02;-2.674292169493128313e+00;0.000000000000000000e+00
9.042857142857143481e+04;1.605275888829019095e+02;-2.798793900452437811e+00;0.000000000000000000e+00
9.050000000000000000e+04;1.604407658047857694e+02;-2.922774468515854096e+00;0.000000000000000000e+00
9.057142857142857974e+04;1.603568814990649116e+02;-3.046232365755713545e+00;0.000000000000000000e+00
9.064285714285714494e+04;1.602759462721332966e+02;-3.169166098570713075e+00;0.000000000000000000e+00
9.071428571428571013e+04;1.601979703251527098e+02;-3.291574185350327753e+00;0.000000000000000000e+00
9.078571428571428987e+04;1.601229637509495660e+02;-3.413455157744465396e+00;0.000000000000000000e+00
9.085714285714285506e+04;1.600509365375510242e+02;-3.534807559710316127e+00;0.000000000000000000e+00
9.092857142857143481e+04;1.599818985648053058e+02;-3.655629948014393449e+00;0.000000000000000000e+00
9.100000000000000000e+04;1.599158596039014810e+02;-3.775920892108842963e+00;0.000000000000000000e+00
9.107142857142857974e+04;1.598528293183589994e+02;-3.895678972716268618e+00;0.000000000000000000e+00
9.114285714285714494e+04;1.597928172619103862e+02;-4.014902783565048594e+00;0.000000000000000000e+00
9.121428571428571013e+04;1.597358328787631763e+02;-4.133590928686317056e+00;0.000000000000000000e+00
9.128571428571428987e+04;1.596818855035344313e+02;-4.251742025273415493e+00;0.000000000000000000e+00
9.135714285714285506e+04;1.596309843586823263e+02;-4.369354700069379760e+00;0.000000000000000000e+00
9.142857142857143481e+04;1.595831385575220338e+02;-4.486427592608379200e+00;0.000000000000000000e+00
9.150000000000000000e+04;1.595383570994345064e+02;-4.602959352167090401e+00;0.000000000000000000e+00
9.157142857142857974e+04;1.594966488727986871e+02;-4.718948639441805426e+00;0.000000000000000000e+00
9.164285714285714494e+04;1.594580226533325913e+02;-4.834394125871767756e+00;0.000000000000000000e+00
9.171428571428571013e+04;1.594224871021506260e+02;-4.949294491434557131e+00;0.000000000000000000e+00
9.178571428571428987e+04;1.593900507685939374e+02;-5.063648428458691342e+00;0.000000000000000000e+00
9.185714285714285506e+04;1.593607220862613758e+02;-5.177454638709605206e+00;0.000000000000000000e+00
9.192857142857143481e+04;1.593345093742973404e+02;-5.290711832498345757e+00;0.000000000000000000e+00
9.200000000000000000e+04;1.593114208361948840e+02;-5.403418730878911447e+00;0.000000000000000000e+00
9.207142857142857974e+04;1.592914645617202041e+02;-5.515574064305837965e+00;0.000000000000000000e+00
9.214285714285714494e+04;1.592746485220159229e+02;-5.627176571018935647e+00;0.000000000000000000e+00
9.221428571428571013e+04;1.592609805730535300e+02;-5.738224999633530388e+00;0.000000000000000000e+00
9.228571428571428987e+04;1.592504684527993959e+02;-5.848718106801243266e+00;0.000000000000000000e+00
9.235714285714285506e+04;1.592431197834666818e+02;-5.958654658705199836e+00;0.000000000000000000e+00
9.242857142857143481e+04;1.592389420665094804e+02;-6.068033427614864195e+00;0.000000000000000000e+00
9.250000000000000000e+04;1.592379426877305377e+02;-6.176853196113370359e+00;0.000000000000000000e+00
9.257142857142857974e+04;1.592401289128683857e+02;-6.285112754725560080e+00;0.000000000000000000e+00
9.264285714285714494e+04;1.592455078882303496e+02;-6.392810899385949597e+00;0.000000000000000000e+00
9.271428571428571013e+04;1.592540866407507565e+02;-6.499946436946629547e+00;0.000000000000000000e+00
9.278571428571428987e+04;1.592658720774052199e+02;-6.606518179123668233e+00;0.000000000000000000e+00
9.285714285714285506e+04;1.592808709839518997e+02;-6.712524945163750090e+00;0.000000000000000000e+00
9.292857142857143481e+04;1.592990900267577672e+02;-6.817965560996526619e+00;0.000000000000000000e+00
9.300000000000000000e+04;1.593205357497135992e+02;-6.922838861759373685e+00;0.000000000000000000e+00
9.307142857142857974e+04;1.593452145755691163e+02;-7.027143686220370000e+00;0.000000000000000000e+00
9.314285714285714494e+04;1.593731328043395479e+02;-7.130878880270756781e+00;0.000000000000000000e+00
9.321428571428571013e+04;1.594042966143533704e+02;-7.234043296513846144e+00;0.000000000000000000e+00
9.328571428571428987e+04;1.594387120610481361e+02;-7.336635793781169923e+00;0.000000000000000000e+00
9.335714285714285506e+04;1.594763850759554771e+02;-7.438655234913312597e+00;0.000000000000000000e+00
9.342857142857143481e+04;1.595173214689784800e+02;-7.540100490758050000e+00;0.000000000000000000e+00
9.350000000000000000e+04;1.595615269234986044e+02;-7.640970435051713139e+00;0.000000000000000000e+00
9.357142857142857974e+04;1.596090070011196076e+02;-7.741263949443236925e+00;0.000000000000000000e+00
9.364285714285714494e+04;1.596597671375711798e+02;-7.840979917447839398e+00;0.000000000000000000e+00
9.371428571428571013e+04;1.597138126445206581e+02;-7.940117230336909415e+00;0.000000000000000000e+00
9.378571428571428987e+04;1.597711487072738237e+02;-8.038674781691952376e+00;0.000000000000000000e+00
9.385714285714285506e+04;1.598317803868631017e+02;-8.136651470096694538e+00;0.000000000000000000e+00
9.392857142857143481e+04;1.598957126186505775e+02;-8.234046200086595491e+00;0.000000000000000000e+00
9.400000000000000000e+04;1.599629502099560341e+02;-8.330857876793743344e+00;0.000000000000000000e+00
9.407142857142857974e+04;1.600334978444807348e+02;-8.427085412480664672e+00;0.000000000000000000e+00
9.414285714285714494e+04;1.601073600770541816e+02;-8.522727720552211395e+00;0.000000000000000000e+00
9.421428571428571013e+04;1.601845413368791924e+02;-8.617783720321313012e+00;0.000000000000000000e+00
9.428571428571428987e+04;1.602650459247743129e+02;-8.712252332035859581e+00;0.000000000000000000e+00
9.435714285714285506e+04;1.603488780145780765e+02;-8.806132479148800485e+00;0.000000000000000000e+00
9.442857142857143481e+04;1.604360416531126248e+02;-8.899423089824267663e+00;0.000000000000000000e+00
9.450000000000000000e+04;1.605265407578044687e+02;-8.992123093470581807e+00;0.000000000000000000e+00
9.457142857142857974e+04;1.606203791188163450e+02;-9.084231421515141847e+00;0.000000000000000000e+00
9.464285714285714494e+04;1.607175603975920239e+02;-9.175747009536280530e+00;0.000000000000000000e+00
9.471428571428571013e+04;1.608180881266307551e+02;-9.266668793174176244e+00;0.000000000000000000e+00
9.478571428571428987e+04;1.609219657092908164e+02;-9.356995711157651385e+00;0.000000000000000000e+00
9.485714285714285506e+04;1.610291964208590798e+02;-9.446726703823514981e+00;0.000000000000000000e+00
9.492857142857143481e+04;1.611397834057934233e+02;-9.535860713636793662e+00;0.000000000000000000e+00
9.500000000000000000e+04;1.612537296797527233e+02;-9.624396682043879991e+00;0.000000000000000000e+00
9.507142857142857974e+04;1.613710381279597641e+02;-9.712333554325596197e+00;0.000000000000000000e+00
9.514285714285714494e+04;1.614917115068383282e+02;-9.799670276472170372e+00;0.000000000000000000e+00
9.521428571428571013e+04;1.616157524412119528e+02;-9.886405792829464190e+00;0.000000000000000000e+00
9.528571428571428987e+04;1.617431634272288647e+02;-9.972539052181673469e+00;0.000000000000000000e+00
9.535714285714285506e+04;1.618739468287603813e+02;-1.005806900028983364e+01;0.000000000000000000e+00
9.542857142857143481e+04;1.620081048799474956e+02;-1.014299458573805168e+01;0.000000000000000000e+00
9.550000000000000000e+04;1.621456396841167589e+02;-1.022731475471664453e+01;0.000000000000000000e+00
9.557142857142857974e+04;1.622865532139912830e+02;-1.031102845711575355e+01;0.000000000000000000e+00
9.564285714285714494e+04;1.624308473097771639e+02;-1.039413463815435534e+01;0.000000000000000000e+00
9.571428571428571013e+04;1.625785236825249740e+02;-1.047663224631105550e+01;0.000000000000000000e+00
9.578571428571428987e+04;1.627295839099097066e+02;-1.055852022765611764e+01;0.000000000000000000e+00
9.585714285714285506e+04;1.628840294393376098e+02;-1.063979752721206751e+01;0.000000000000000000e+00
9.592857142857143481e+04;1.630418615860835416e+02;-1.072046308949938975e+01;0.000000000000000000e+00
9.600000000000000000e+04;1.632030815348334727e+02;-1.080051585951150628e+01;0.000000000000000000e+00
9.607142857142857974e+04;1.633676903365849284e+02;-1.087995477934600785e+01;0.000000000000000000e+00
9.614285714285714494e+04;1.635356889126924216e+02;-1.095877879016188672e+01;0.000000000000000000e+00
9.621428571428571013e+04;1.637070780500071123e+02;-1.103698682990943780e+01;0.000000000000000000e+00
9.628571428571428987e+04;1.638818584066248150e+02;-1.111457783847436076e+01;0.000000000000000000e+00
9.635714285714285506e+04;1.640600305054831551e+02;-1.119155075102753472e+01;0.000000000000000000e+00
9.642857142857143481e+04;1.642415947391054942e+02;-1.126790450044791214e+01;0.000000000000000000e+00
9.650000000000000000e+04;1.644265513676509727e+02;-1.134363801882864209e+01;0.000000000000000000e+00
9.657142857142857974e+04;1.646149005185070564e+02;-1.141875023629108910e+01;0.000000000000000000e+00
9.664285714285714494e+04;1.648066421878684196e+02;-1.149324007902032463e+01;0.000000000000000000e+00
9.671428571428571013e+04;1.650017762388088158e+02;-1.156710647162253736e+01;0.000000000000000000e+00
9.678571428571428987e+04;1.652003024018122233e+02;-1.164034833457844798e+01;0.000000000000000000e+00
9.685714285714285506e+04;1.654022202762062079e+02;-1.171296458619326586e+01;0.000000000000000000e+00
9.692857142857143481e+04;1.656075293289104593e+02;-1.178495414219651138e+01;0.000000000000000000e+00
9.700000000000000000e+04;1.658162288937237463e+02;-1.185631591508717975e+01;0.000000000000000000e+00
9.707142857142857974e+04;1.660283181725171744e+02;-1.192704881219833624e+01;0.000000000000000000e+00
9.714285714285714494e+04;1.662437962354961201e+02;-1.199715173908043653e+01;0.000000000000000000e+00
9.721428571428571013e+04;1.664626620201524929e+02;-1.206662359757319791e+01;0.000000000000000000e+00
9.728571428571428987e+04;1.666849143317303970e+02;-1.213546328451047884e+01;0.000000000000000000e+00
9.735714285714285506e+04;1.669105518439610023e+02;-1.220366969487804454e+01;0.000000000000000000e+00
9.742857142857143481e+04;1.671395730982621899e+02;-1.227124171611649217e+01;0.000000000000000000e+00
9.750000000000000000e+04;1.673719765041096252e+02;-1.233817823447316187e+01;0.000000000000000000e+00
9.757142857142857974e+04;1.676077603384037502e+02;-1.240447813143691747e+01;0.000000000000000000e+00
9.764285714285714494e+04;1.678469227475361549e+02;-1.247014028322155355e+01;0.000000000000000000e+00
9.771428571428571013e+04;1.680894617456287961e+02;-1.253516356141335564e+01;0.000000000000000000e+00
9.778571428571428987e+04;1.683353752140319557e+02;-1.259954683215619298e+01;0.000000000000000000e+00
9.785714285714285506e+04;1.685846609045547666e+02;-1.266328895979677327e+01;0.000000000000000000e+00
9.792857142857143481e+04;1.688373164363292744e+02;-1.272638880002341466e+01;0.000000000000000000e+00
9.800000000000000000e+04;1.690933392979422933e+02;-1.278884520574501948e+01;0.000000000000000000e+00
9.807142857142857974e+04;1.693527268457983155e+02;-1.285065702386782505e+01;0.000000000000000000e+00
9.814285714285714494e+04;1.696154763062877464e+02;-1.291182309648866067e+01;0.000000000000000000e+00
9.821428571428571013e+04;1.698815847740042955e+02;-1.297234225786814932e+01;0.000000000000000000e+00
9.828571428571428987e+04;1.701510492141824216e+02;-1.303221333995315945e+01;0.000000000000000000e+00
9.835714285714285506e+04;1.704238664606527891e+02;-1.309143516897893278e+01;0.000000000000000000e+00
9.842857142857143481e+04;1.707000332159586833e+02;-1.315000656220217934e+01;0.000000000000000000e+00
9.850000000000000000e+04;1.709795460547393304e+02;-1.320792633400560590e+01;0.000000000000000000e+00
9.857142857142857974e+04;1.712624014201064711e+02;-1.326519329094298882e+01;0.000000000000000000e+00
9.864285714285714494e+04;1.715485956246484420e+02;-1.332180623631575145e+01;0.000000000000000000e+00
9.871428571428571013e+04;1.718381248535661143e+02;-1.337776396254048450e+01;0.000000000000000000e+00
9.878571428571428987e+04;1.721309851607802557e+02;-1.343306526016385760e+01;0.000000000000000000e+00
9.885714285714285506e+04;1.724271724719510530e+02;-1.348770891171443509e+01;0.000000000000000000e+00
9.892857142857143481e+04;1.727266825829865411e+02;-1.354169369237934006e+01;0.000000000000000000e+00
9.900000000000000000e+04;1.730295111625091522e+02;-1.359501837260177126e+01;0.000000000000000000e+00
9.907142857142857974e+04;1.733356537493600626e+02;-1.364768171512696426e+01;0.000000000000000000e+00
9.914285714285714494e+04;1.736451057555532316e+02;-1.369968247574433917e+01;0.000000000000000000e+00
9.921428571428571013e+04;1.739578624630739796e+02;-1.375101940420427127e+01;0.000000000000000000e+00
9.928571428571428987e+04;1.742739190282081836e+02;-1.380169124220265076e+01;0.000000000000000000e+00
9.935714285714285506e+04;1.745932704791048309e+02;-1.385169672704068944e+01;0.000000000000000000e+00
9.942857142857143481e+04;1.749159117165399948e+02;-1.390103458582598250e+01;0.000000000000000000e+00
9.950000000000000000e+04;1.752418375160341384e+02;-1.394970354123506695e+01;0.000000000000000000e+00
9.957142857142857974e+04;1.755710425244687940e+02;-1.399770230665308191e+01;0.000000000000000000e+00
9.964285714285714494e+04;1.759035212634698837e+02;-1.404502958995726658e+01;0.000000000000000000e+00
9.971428571428571013e+04;1.762392681302953861e+02;-1.409168409166159108e+01;0.000000000000000000e+00
9.978571428571428987e+04;1.765782773939718027e+02;-1.413766450304683531e+01;0.000000000000000000e+00
9.985714285714285506e+04;1.769205431996451807e+02;-1.418296950910007581e+01;0.000000000000000000e+00
9.992857142857143481e+04;1.772660595693669165e+02;-1.422759778892941540e+01;0.000000000000000000e+00
1.000000000000000000e+05;1.776148203975026263e+02;-1.427154801190044964e+01;0.000000000000000000e+00
1.000714285714285797e+05;1.779668194572223001e+02;-1.431481884100503521e+01;0.000000000000000000e+00
1.001428571428571449e+05;1.783220503952761646e+02;-1.435740893097681692e+01;0.000000000000000000e+00
1.002142857142857101e+05;1.786805067374370992e+02;-1.439931692900427151e+01;0.000000000000000000e+00
1.002857142857142899e+05;1.790421818856557366e+02;-1.444054147609131178e+01;0.000000000000000000e+00
1.003571428571428551e+05;1.794070691188098863e+02;-1.448108120237884577e+01;0.000000000000000000e+00
1.004285714285714348e+05;1.797751615956221940e+02;-1.452093473452259786e+01;0.000000000000000000e+00
1.005000000000000000e+05;1.801464523491013097e+02;-1.456010068696195958e+01;0.000000000000000000e+00
1.005714285714285797e+05;1.805209342958260095e+02;-1.459857767015637364e+01;0.000000000000000000e+00
1.006428571428571449e+05;1.808986002273450140e+02;-1.463636428312747739e+01;0.000000000000000000e+00
1.007142857142857101e+05;1.812794428174820496e+02;-1.467345911946176784e+01;0.000000000000000000e+00
1.007857142857142899e+05;1.816634546196437441e+02;-1.470986076547706034e+01;0.000000000000000000e+00
1.008571428571428551e+05;1.820506280666159000e+02;-1.474556779648264637e+01;0.000000000000000000e+00
1.009285714285714348e+05;1.824409554735611891e+02;-1.478057878288382199e+01;0.000000000000000000e+00
1.010000000000000000e+05;1.828344290354434634e+02;-1.481489228601276409e+01;0.000000000000000000e+00
1.010714285714285797e+05;1.832310408306220779e+02;-1.484850685869605513e+01;0.000000000000000000e+00
1.011428571428571449e+05;1.836307828194840113e+02;-1.488142104731377913e+01;0.000000000000000000e+00
1.012142857142857101e+05;1.840336468451569090e+02;-1.491363338871451560e+01;0.000000000000000000e+00
1.012857142857142899e+05;1.844396246336982585e+02;-1.494514241292927181e+01;0.000000000000000000e+00
1.013571428571428551e+05;1.848487077962490730e+02;-1.497594664034113521e+01;0.000000000000000000e+00
1.014285714285714348e+05;1.852608878274040762e+02;-1.500604458599264035e+01;0.000000000000000000e+00
1.015000000000000000e+05;1.856761561073508346e+02;-1.503543475485639647e+01;0.000000000000000000e+00
1.015714285714285797e+05;1.860945039013022324e+02;-1.506411564618611010e+01;0.000000000000000000e+00
1.016428571428571449e+05;1.865159223618393298e+02;-1.509208574803051306e+01;0.000000000000000000e+00
1.017142857142857101e+05;1.869404025264811935e+02;-1.511934354350523790e+01;0.000000000000000000e+00
1.017857142857142899e+05;1.873679353212501155e+02;-1.514588750756229274e+01;0.000000000000000000e+00
1.018571428571428551e+05;1.877985115598421544e+02;-1.517171610516379587e+01;0.000000000000000000e+00
1.019285714285714348e+05;1.882321219426230527e+02;-1.519682779511640547e+01;0.000000000000000000e+00
1.020000000000000000e+05;1.886687570616777521e+02;-1.522122102884895867e+01;0.000000000000000000e+00
1.020714285714285797e+05;1.891084073967213044e+02;-1.524489424987405073e+01;0.000000000000000000e+00
1.021428571428571449e+05;1.895510633189114742e+02;-1.526784589303861139e+01;0.000000000000000000e+00
1.022142857142857101e+05;1.899967150887969183e+02;-1.529007438576081768e+01;0.000000000000000000e+00
1.022857142857142899e+05;1.904453528603480663e+02;-1.531157814893231262e+01;0.000000000000000000e+00
1.023571428571428551e+05;1.908969666776683880e+02;-1.533235559496097267e+01;0.000000000000000000e+00
1.024285714285714348e+05;1.913515464785305085e+02;-1.535240512913151179e+01;0.000000000000000000e+00
1.025000000000000000e+05;1.918090820941579295e+02;-1.537172514779376797e+01;0.000000000000000000e+00
1.025714285714285797e+05;1.922695632492686855e+02;-1.539031404322304297e+01;0.000000000000000000e+00
1.026428571428571449e+05;1.927329795636906056e+02;-1.540817019778478425e+01;0.000000000000000000e+00
1.027142857142857101e+05;1.931993205531034619e+02;-1.542529198623378761e+01;0.000000000000000000e+00
1.027857142857142899e+05;1.936685756287770346e+02;-1.544167777834809385e+01;0.000000000000000000e+00
1.028571428571428551e+05;1.941407340971927624e+02;-1.545732593550928868e+01;0.000000000000000000e+00
1.029285714285714348e+05;1.946157851660827873e+02;-1.547223481169203296e+01;0.000000000000000000e+00
1.030000000000000000e+05;1.950937179373431718e+02;-1.548640275433717761e+01;0.000000000000000000e+00
1.030714285714285797e+05;1.955745214142662007e+02;-1.549982810462825000e+01;0.000000000000000000e+00
1.031428571428571449e+05;1.960581844991829712e+02;-1.551250919513404369e+01;0.000000000000000000e+00
1.032142857142857101e+05;1.965446959939581575e+02;-1.552444435376673937e+01;0.000000000000000000e+00
1.032857142857142899e+05;1.970340446021727985e+02;-1.553563190143904649e+01;0.000000000000000000e+00
1.033571428571428551e+05;1.975262189296190627e+02;-1.554607015159854200e+01;0.000000000000000000e+00
1.034285714285714348e+05;1.980212074847513577e+02;-1.555575741275970358e+01;0.000000000000000000e+00
1.035000000000000000e+05;1.985189986776385922e+02;-1.556469198506965768e+01;0.000000000000000000e+00
1.035714285714285797e+05;1.990195808242424391e+02;-1.557287216404802166e+01;0.000000000000000000e+00
1.036428571428571449e+05;1.995229421449766960e+02;-1.558029623975744471e+01;0.000000000000000000e+00
1.037142857142857101e+05;2.000290707672829740e+02;-1.558696249406784773e+01;0.000000000000000000e+00
1.037857142857142899e+05;2.005379547220945824e+02;-1.559286920537124388e+01;0.000000000000000000e+00
1.038571428571428551e+05;2.010495819505013060e+02;-1.559801464543852489e+01;0.000000000000000000e+00
1.039285714285714348e+05;2.015639402992528630e+02;-1.560239707885193639e+01;0.000000000000000000e+00
1.040000000000000000e+05;2.020810175257647643e+02;-1.560601476687588729e+01;0.000000000000000000e+00
1.040714285714285797e+05;2.026008012970269192e+02;-1.560886596492491663e+01;0.000000000000000000e+00
1.041428571428571449e+05;2.031232791900256416e+02;-1.561094892307301052e+01;0.000000000000000000e+00
1.042142857142857101e+05;2.036484386943047866e+02;-1.561226188701402862e+01;0.000000000000000000e+00
1.042857142857142899e+05;2.041762672102922807e+02;-1.561280309622816276e+01;0.000000000000000000e+00
1.043571428571428551e+05;2.047067520521668484e+02;-1.561257078604830895e+01;0.000000000000000000e+00
1.044285714285714348e+05;2.052398804482072592e+02;-1.561156318806752097e+01;0.000000000000000000e+00
1.045000000000000000e+05;2.057756395412434358e+02;-1.560977852891664952e+01;0.000000000000000000e+00
1.045714285714285797e+05;2.063140163905336522e+02;-1.560721502956585027e+01;0.000000000000000000e+00
1.046428571428571449e+05;2.068549979705712758e+02;-1.560387090830772649e+01;0.000000000000000000e+00
1.047142857142857101e+05;2.073985711755522061e+02;-1.559974438050994650e+01;0.000000000000000000e+00
1.047857142857142899e+05;2.079447228172648465e+02;-1.559483365505002439e+01;0.000000000000000000e+00
1.048571428571428551e+05;2.084934396244061645e+02;-1.558913693965587299e+01;0.000000000000000000e+00
1.049285714285714348e+05;2.090447082512109773e+02;-1.558265243803907651e+01;0.000000000000000000e+00
1.050000000000000000e+05;2.095985152686334914e+02;-1.557537835059338249e+01;0.000000000000000000e+00
1.050714285714285797e+05;2.101548471690475708e+02;-1.556731287317234091e+01;0.000000000000000000e+00
1.051428571428571449e+05;2.107136903726059245e+02;-1.555845420036348514e+01;0.000000000000000000e+00
1.052142857142857101e+05;2.112750312196876621e+02;-1.554880052538646851e+01;0.000000000000000000e+00
1.052857142857142899e+05;2.118388559775630711e+02;-1.553835003635322209e+01;0.000000000000000000e+00
1.053571428571428551e+05;2.124051508380507585e+02;-1.552710091957123950e+01;0.000000000000000000e+00
1.054285714285714348e+05;2.129739019202970667e+02;-1.551505136210471392e+01;0.000000000000000000e+00
1.055000000000000000e+05;2.135450952717947075e+02;-1.550219954534259159e+01;0.000000000000000000e+00
1.055714285714285797e+05;2.141187168690084945e+02;-1.548854365180886816e+01;0.000000000000000000e+00
1.056428571428571449e+05;2.146947526170843048e+02;-1.547408186098618899e+01;0.000000000000000000e+00
1.057142857142857101e+05;2.152731883523083525e+02;-1.545881235298293177e+01;0.000000000000000000e+00
1.057857142857142899e+05;2.158540098442172166e+02;-1.544273330451687798e+01;0.000000000000000000e+00
1.058571428571428551e+05;2.164372027941280976e+02;-1.542584289435762912e+01;0.000000000000000000e+00
1.059285714285714348e+05;2.170227528357208939e+02;-1.540813929816067684e+01;0.000000000000000000e+00
1.060000000000000000e+05;2.176106455405679299e+02;-1.538962069309491199e+01;0.000000000000000000e+00
1.060714285714285797e+05;2.182008664143941132e+02;-1.537028525670757517e+01;0.000000000000000000e+00
1.061428571428571449e+05;2.187934008999291109e+02;-1.535013116615300532e+01;0.000000000000000000e+00
1.062142857142857101e+05;2.193882343766890699e+02;-1.532915659656282514e+01;0.000000000000000000e+00
1.062857142857142899e+05;2.199853521655604709e+02;-1.530735972794354893e+01;0.000000000000000000e+00
1.063571428571428551e+05;2.205847395270830020e+02;-1.528473873902112246e+01;0.000000000000000000e+00
1.064285714285714348e+05;2.211863816625700565e+02;-1.526129181291616987e+01;0.000000000000000000e+00
1.065000000000000000e+05;2.217902637116058031e+02;-1.523701712780166417e+01;0.000000000000000000e+00
1.065714285714285797e+05;2.223963707652437733e+02;-1.521191287036344875e+01;0.000000000000000000e+00
1.066428571428571449e+05;2.230046878510038368e+02;-1.518597722460981458e+01;0.000000000000000000e+00
1.067142857142857101e+05;2.236151999468565919e+02;-1.515920838018064387e+01;0.000000000000000000e+00
1.067857142857142899e+05;2.242278919736272655e+02;-1.513160452934971545e+01;0.000000000000000000e+00
1.068571428571428551e+05;2.248427488042507321e+02;-1.510316386385238729e+01;0.000000000000000000e+00
1.069285714285714348e+05;2.254597552561172051e+02;-1.507388458219065797e+01;0.000000000000000000e+00
1.070000000000000000e+05;2.260788960963545833e+02;-1.504376488432171755e+01;0.000000000000000000e+00
1.070714285714285797e+05;2.267001560470089316e+02;-1.501280297619814519e+01;0.000000000000000000e+00
1.071428571428571449e+05;2.273235197784088086e+02;-1.498099706484936178e+01;0.000000000000000000e+00
1.072142857142857101e+05;2.279489719160919776e+02;-1.494834536424605176e+01;0.000000000000000000e+00
1.072857142857142899e+05;2.285764970385644119e+02;-1.491484609358303715e+01;0.000000000000000000e+00
1.073571428571428551e+05;2.292060796802252298e+02;-1.488049747307377402e+01;0.000000000000000000e+00
1.074285714285714348e+05;2.298377043320506345e+02;-1.484529773359827232e+01;0.000000000000000000e+00
1.075000000000000000e+05;2.304713554433546960e+02;-1.480924510709883180e+01;0.000000000000000000e+00
1.075714285714285797e+05;2.311070174209307879e+02;-1.477233783625706565e+01;0.000000000000000000e+00
1.076428571428571449e+05;2.317446746321802493e+02;-1.473457416475866921e+01;0.000000000000000000e+00
1.077142857142857101e+05;2.323843114061164670e+02;-1.469595234772714321e+01;0.000000000000000000e+00
1.077857142857142899e+05;2.330259120337723289e+02;-1.465647064321092330e+01;0.000000000000000000e+00
1.078571428571428551e+05;2.336694607696554158e+02;-1.461612732113280799e+01;0.000000000000000000e+00
1.079285714285714348e+05;2.343149418326793239e+02;-1.457492065495171119e+01;0.000000000000000000e+00
1.080000000000000000e+05;2.349623394067166373e+02;-1.453284892915689852e+01;0.000000000000000000e+00
1.080714285714285797e+05;2.356116376438876614e+02;-1.448991043354908470e+01;0.000000000000000000e+00
1.081428571428571449e+05;2.362628206659865100e+02;-1.444610346989065874e+01;0.000000000000000000e+00
1.082142857142857101e+05;2.369158725596498698e+02;-1.440142634551739320e+01;0.000000000000000000e+00
1.082857142857142899e+05;2.375707773879985325e+02;-1.435587738470348995e+01;0.000000000000000000e+00
1.083571428571428551e+05;2.382275191795197316e+02;-1.430945491025340743e+01;0.000000000000000000e+00
1.084285714285714348e+05;2.388860819423862267e+02;-1.426215726647933479e+01;0.000000000000000000e+00
1.085000000000000000e+05;2.395464496511849575e+02;-1.421398279778077267e+01;0.000000000000000000e+00
1.085714285714285797e+05;2.402086062638263684e+02;-1.416492986869707238e+01;0.000000000000000000e+00
1.086428571428571449e+05;2.408725357107468881e+02;-1.411499684996670112e+01;0.000000000000000000e+00
1.087142857142857101e+05;2.415382218998565804e+02;-1.406418212705466431e+01;0.000000000000000000e+00
1.087857142857142899e+05;2.422056487190420739e+02;-1.401248409283289220e+01;0.000000000000000000e+00
1.088571428571428551e+05;2.428748000359046273e+02;-1.395990115728636738e+01;0.000000000000000000e+00
1.089285714285714348e+05;2.435456597017764580e+02;-1.390643174355500378e+01;0.000000000000000000e+00
1.090000000000000000e+05;2.442182115478499327e+02;-1.385207428391731810e+01;0.000000000000000000e+00
1.090714285714285797e+05;2.448924393898341805e+02;-1.379682722843426745e+01;0.000000000000000000e+00
1.091428571428571449e+05;2.455683270301669836e+02;-1.374068903925945051e+01;0.000000000000000000e+00
1.092142857142857101e+05;2.462458582575782202e+02;-1.368365819305472542e+01;0.000000000000000000e+00
1.092857142857142899e+05;2.469250168452563230e+02;-1.362573318445356563e+01;0.000000000000000000e+00
1.093571428571428551e+05;2.476057865594339091e+02;-1.356691251824668143e+01;0.000000000000000000e+00
1.094285714285714348e+05;2.482881511562445667e+02;-1.350719471905904356e+01;0.000000000000000000e+00
1.095000000000000000e+05;2.489720943794818595e+02;-1.344657832605298609e+01;0.000000000000000000e+00
1.095714285714285797e+05;2.496575999697088264e+02;-1.338506189608597197e+01;0.000000000000000000e+00
1.096428571428571449e+05;2.503446516607946251e+02;-1.332264400468557142e+01;0.000000000000000000e+00
1.097142857142857101e+05;2.510332331791578326e+02;-1.325932324150926434e+01;0.000000000000000000e+00
1.097857142857142899e+05;2.517233282502857037e+02;-1.319509821335668676e+01;0.000000000000000000e+00
1.098571428571428551e+05;2.524149205978028476e+02;-1.312996755301719531e+01;0.000000000000000000e+00
1.099285714285714348e+05;2.531079939412302338e+02;-1.306392990145832300e+01;0.000000000000000000e+00
1.100000000000000000e+05;2.545413135068087058e+02;-1.299698392866412178e+01;0.000000000000000000e+00
1.100714285714285797e+05;2.552815055915472158e+02;-1.292912831826834008e+01;0.000000000000000000e+00
1.101428571428571449e+05;2.560216976762857257e+02;-1.286036177765345201e+01;0.000000000000000000e+00
1.102142857142857247e+05;2.567618897610242357e+02;-1.279068303154781461e+01;0.000000000000000000e+00
1.102857142857142899e+05;2.575020818457627456e+02;-1.272009083049488254e+01;0.000000000000000000e+00
1.103571428571428551e+05;2.582422739305010282e+02;-1.264858394395560026e+01;0.000000000000000000e+00
1.104285714285714348e+05;2.589824660152395381e+02;-1.257616116109420545e+01;0.000000000000000000e+00
1.105000000000000000e+05;2.597226580999780481e+02;-1.250282129939296283e+01;0.000000000000000000e+00
1.105714285714285797e+05;2.604628501847165580e+02;-1.242856319408747368e+01;0.000000000000000000e+00
1.106428571428571449e+05;2.612030422694548406e+02;-1.235338570640305988e+01;0.000000000000000000e+00
1.107142857142857247e+05;2.619432343541935779e+02;-1.227728772416594438e+01;0.000000000000000000e+00
1.107857142857142899e+05;2.626834264389318605e+02;-1.220026815519668162e+01;0.000000000000000000e+00
1.108571428571428551e+05;2.634236185236703705e+02;-1.212232593534281477e+01;0.000000000000000000e+00
1.109285714285714348e+05;2.641638106084088804e+02;-1.204346002347301692e+01;0.000000000000000000e+00
1.110000000000000000e+05;2.649040026931471630e+02;-1.196366940884036012e+01;0.000000000000000000e+00
1.110714285714285797e+05;2.656441947778856729e+02;-1.188295310118701309e+01;0.000000000000000000e+00
1.111428571428571449e+05;2.663843868626241829e+02;-1.180131014317157678e+01;0.000000000000000000e+00
1.112142857142857247e+05;2.671245789473626928e+02;-1.171873960286029615e+01;0.000000000000000000e+00
1.112857142857142899e+05;2.678647710321009754e+02;-1.163524057395989075e+01;0.000000000000000000e+00
1.113571428571428551e+05;2.686049631168394853e+02;-1.155081218411214650e+01;0.000000000000000000e+00
1.114285714285714348e+05;2.693451552015779953e+02;-1.146545358386356384e+01;0.000000000000000000e+00
1.115000000000000000e+05;2.700853472863165052e+02;-1.137916395641514100e+01;0.000000000000000000e+00
1.115714285714285797e+05;2.708255393710550152e+02;-1.129194252128945664e+01;0.000000000000000000e+00
1.116428571428571449e+05;2.715657314557932978e+02;-1.120378851483110338e+01;0.000000000000000000e+00
1.117142857142857247e+05;2.723059235405318077e+02;-1.111470121651655063e+01;0.000000000000000000e+00
1.117857142857142899e+05;2.730461156252703177e+02;-1.102467993536265567e+01;0.000000000000000000e+00
1.118571428571428551e+05;2.737863077100086002e+02;-1.093372400640510023e+01;0.000000000000000000e+00
1.119285714285714348e+05;2.745264997947471102e+02;-1.084183280533761717e+01;0.000000000000000000e+00
1.120000000000000000e+05;2.752666918794856201e+02;-1.074900573777267709e+01;0.000000000000000000e+00
1.120714285714285797e+05;2.760068839642241301e+02;-1.065524224395630881e+01;0.000000000000000000e+00
1.121428571428571449e+05;2.767470760489626400e+02;-1.056054179638158530e+01;0.000000000000000000e+00
1.122142857142857247e+05;2.774872681337011500e+02;-1.046490390534745529e+01;0.000000000000000000e+00
1.122857142857142899e+05;2.782274602184394325e+02;-1.036832811712520197e+01;0.000000000000000000e+00
1.123571428571428551e+05;2.789676523031779425e+02;-1.027081401165924035e+01;0.000000000000000000e+00
1.124285714285714348e+05;2.797078443879164524e+02;-1.017236120632151142e+01;0.000000000000000000e+00
1.125000000000000000e+05;2.804480364726547350e+02;-1.007296935620252043e+01;0.000000000000000000e+00
1.125714285714285797e+05;2.811882285573934723e+02;-9.972638156992616132e+00;0.000000000000000000e+00
1.126428571428571449e+05;2.819284206421317549e+02;-9.871367338404525071e+00;0.000000000000000000e+00
1.127142857142857247e+05;2.826686127268702649e+02;-9.769156668626237661e+00;0.000000000000000000e+00
1.127857142857142899e+05;2.834088048116087748e+02;-9.666005961800692603e+00;0.000000000000000000e+00
1.128571428571428551e+05;2.841489968963470574e+02;-9.561915066908113658e+00;0.000000000000000000e+00
1.129285714285714348e+05;2.848891889810855673e+02;-9.456883870909223333e+00;0.000000000000000000e+00
1.130000000000000000e+05;2.856293810658240773e+02;-9.350912312249420211e+00;0.000000000000000000e+00
1.130714285714285797e+05;2.863695731505625872e+02;-9.244000360107747838e+00;0.000000000000000000e+00
1.131428571428571449e+05;2.871097652353008698e+02;-9.136148031713673845e+00;0.000000000000000000e+00
1.132142857142857247e+05;2.878499573200396071e+02;-9.027355389029253274e+00;0.000000000000000000e+00
1.132857142857142899e+05;2.885901494047778897e+02;-8.917622531938832253e+00;0.000000000000000000e+00
1.133571428571428551e+05;2.893303414895163996e+02;-8.806949608901049942e+00;0.000000000000000000e+00
1.134285714285714348e+05;2.900705335742549096e+02;-8.695336813718313351e+00;0.000000000000000000e+00
1.135000000000000000e+05;2.908107256589931922e+02;-8.582784380530938506e+00;0.000000000000000000e+00
1.135714285714285797e+05;2.915509177437317021e+02;-8.469292595109436661e+00;0.000000000000000000e+00
1.136428571428571449e+05;2.922911098284702121e+02;-8.354861787869594991e+00;0.000000000000000000e+00
1.137142857142857247e+05;2.930313019132087220e+02;-8.239492333756061271e+00;0.000000000000000000e+00
1.137857142857142899e+05;2.937714939979470046e+02;-8.123184661904815584e+00;0.000000000000000000e+00
1.138571428571428551e+05;2.945116860826855145e+02;-8.005939241178566590e+00;0.000000000000000000e+00
1.139285714285714348e+05;2.952518781674240245e+02;-7.887756595329847187e+00;0.000000000000000000e+00
1.140000000000000000e+05;2.959920702521625344e+02;-7.768637297151144594e+00;0.000000000000000000e+00
1.140714285714285797e+05;2.967322623369010444e+02;-7.648581968009239063e+00;0.000000000000000000e+00
1.141428571428571449e+05;2.974724544216393269e+02;-7.527591283695073798e+00;0.000000000000000000e+00
1.142142857142857247e+05;2.982126465063778369e+02;-7.405665965401567519e+00;0.000000000000000000e+00
1.142857142857142899e+05;2.989528385911163468e+02;-7.282806789444293827e+00;0.000000000000000000e+00
1.143571428571428551e+05;2.996930306758546294e+02;-7.159014586068224162e+00;0.000000000000000000e+00
1.144285714285714348e+05;3.004332227605933667e+02;-7.034290238545509055e+00;0.000000000000000000e+00
1.145000000000000000e+05;3.011734148453316493e+02;-6.908634680206887424e+00;0.000000000000000000e+00
1.145714285714285797e+05;3.019136069300701593e+02;-6.782048904773546383e+00;0.000000000000000000e+00
1.146428571428571449e+05;3.026537990148086692e+02;-6.654533957829698920e+00;0.000000000000000000e+00
1.147142857142857247e+05;3.033939910995471791e+02;-6.526090940315043554e+00;0.000000000000000000e+00
1.147857142857142899e+05;3.041341831842854617e+02;-6.396721008728491142e+00;0.000000000000000000e+00
1.148571428571428551e+05;3.048743752690239717e+02;-6.266425379377324134e+00;0.000000000000000000e+00
1.149285714285714348e+05;3.056145673537624816e+02;-6.135205323604168370e+00;0.000000000000000000e+00
1.150000000000000000e+05;3.063547594385007642e+02;-6.003062172385398299e+00;0.000000000000000000e+00
1.150714285714285797e+05;3.070949515232395015e+02;-5.869997318310197443e+00;0.000000000000000000e+00
1.151428571428571449e+05;3.078351436079777841e+02;-5.736012206965824589e+00;0.000000000000000000e+00
1.152142857142857247e+05;3.085753356927162940e+02;-5.601108348579145968e+00;0.000000000000000000e+00
1.152857142857142899e+05;3.093155277774548040e+02;-5.465287313243607059e+00;0.000000000000000000e+00
1.153571428571428551e+05;3.100557198621930866e+02;-5.328550729696871713e+00;0.000000000000000000e+00
1.154285714285714348e+05;3.107959119469315965e+02;-5.190900294372113422e+00;0.000000000000000000e+00
1.155000000000000000e+05;3.115361040316701065e+02;-5.052337759843794629e+00;0.000000000000000000e+00
1.155714285714285797e+05;3.122762961164086164e+02;-4.912864947778871283e+00;0.000000000000000000e+00
1.156428571428571449e+05;3.130164882011468990e+02;-4.772483739012386650e+00;0.000000000000000000e+00
1.157142857142857247e+05;3.137566802858856363e+02;-4.631196081871166825e+00;0.000000000000000000e+00
1.157857142857142899e+05;3.144968723706239189e+02;-4.489003988506738096e+00;0.000000000000000000e+00
1.158571428571428551e+05;3.152370644553624288e+02;-4.345909536612452939e+00;0.000000000000000000e+00
1.159285714285714348e+05;3.159772565401009388e+02;-4.201914870558539405e+00;0.000000000000000000e+00
1.160000000000000000e+05;3.167174486248392213e+02;-4.057022203080123290e+00;0.000000000000000000e+00
1.160714285714285797e+05;3.174576407095777313e+02;-3.911233810271369293e+00;0.000000000000000000e+00
1.161428571428571449e+05;3.181978327943162412e+02;-3.764552040520356968e+00;0.000000000000000000e+00
1.162142857142857247e+05;3.189380248790547512e+02;-3.616979312297189608e+00;0.000000000000000000e+00
1.162857142857142899e+05;3.196782169637932611e+02;-3.468518107692943886e+00;0.000000000000000000e+00
1.163571428571428551e+05;3.204184090485315437e+02;-3.319170984468655661e+00;0.000000000000000000e+00
1.164285714285714348e+05;3.211586011332700537e+02;-3.168940568546531722e+00;0.000000000000000000e+00
1.165000000000000000e+05;3.218987932180085636e+02;-3.017829559656092897e+00;0.000000000000000000e+00
1.165714285714285797e+05;3.226389853027470735e+02;-2.865840724873123690e+00;0.000000000000000000e+00
1.166428571428571449e+05;3.233791773874853561e+02;-2.712976906157564372e+00;0.000000000000000000e+00
1.167142857142857247e+05;3.241193694722238661e+02;-2.559241023234790191e+00;0.000000000000000000e+00
1.167857142857142899e+05;3.248595615569623760e+02;-2.404636060527991503e+00;0.000000000000000000e+00
1.168571428571428551e+05;3.255997536417006586e+02;-2.249165085522690788e+00;0.000000000000000000e+00
1.169285714285714348e+05;3.263399457264393959e+02;-2.092831236455822363e+00;0.000000000000000000e+00
1.170000000000000000e+05;3.270801378111776785e+02;-1.935637727583525702e+00;0.000000000000000000e+00
1.170714285714285797e+05;3.278203298959161884e+02;-1.777587851072894409e+00;0.000000000000000000e+00
1.171428571428571449e+05;3.285605219806546984e+02;-1.618684973800554872e+00;0.000000000000000000e+00
1.172142857142857247e+05;3.293007140653932083e+02;-1.458932545094285160e+00;0.000000000000000000e+00
1.172857142857142899e+05;3.300409061501314909e+02;-1.298334083287045360e+00;0.000000000000000000e+00
1.173571428571428551e+05;3.307810982348700009e+02;-1.136893194459844381e+00;0.000000000000000000e+00
1.174285714285714348e+05;3.315212903196085108e+02;-9.746135598397813737e-01;0.000000000000000000e+00
1.175000000000000000e+05;3.322614824043467934e+02;-8.114989410969428718e-01;0.000000000000000000e+00
1.175714285714285797e+05;3.330016744890855307e+02;-6.475531842443160713e-01;0.000000000000000000e+00
1.176428571428571449e+05;3.337418665738238133e+02;-4.827802095096558332e-01;0.000000000000000000e+00
1.177142857142857247e+05;3.344820586585623232e+02;-3.171840260620228946e-01;0.000000000000000000e+00
1.177857142857142899e+05;3.352222507433008332e+02;-1.507687182165682316e-01;0.000000000000000000e+00
1.178571428571428551e+05;3.359624428280391157e+02;1.646154222544282675e-02;0.000000000000000000e+00
1.179285714285714348e+05;3.367026349127776257e+02;1.845024978974834085e-01;0.000000000000000000e+00
1.180000000000000000e+05;3.374428269975161356e+02;3.533498104661703110e-01;0.000000000000000000e+00
1.180714285714285797e+05;3.381830190822546456e+02;5.229990576626732945e-01;0.000000000000000000e+00
1.181428571428571449e+05;3.389232111669931555e+02;6.934457266470417380e-01;0.000000000000000000e+00
1.182142857142857247e+05;3.396634032517316655e+02;8.646852285019122064e-01;0.000000000000000000e+00
1.182857142857142899e+05;3.404035953364699481e+02;1.036712872504722327e+00;0.000000000000000000e+00
1.183571428571428551e+05;3.411437874212084580e+02;1.209523895406164229e+00;0.000000000000000000e+00
1.184285714285714348e+05;3.418839795059469679e+02;1.383113441755995154e+00;0.000000000000000000e+00
1.185000000000000000e+05;3.426241715906852505e+02;1.557476560876239091e+00;0.000000000000000000e+00
1.185714285714285797e+05;3.433643636754237605e+02;1.732608225778676569e+00;0.000000000000000000e+00
1.186428571428571449e+05;3.441045557601622704e+02;1.908503307029604912e+00;0.000000000000000000e+00
1.187142857142857247e+05;3.448447478449007804e+02;2.085156594053842127e+00;0.000000000000000000e+00
1.187857142857142899e+05;3.455849399296392903e+02;2.262562782096210867e+00;0.000000000000000000e+00
1.188571428571428551e+05;3.463251320143775729e+02;2.440716476587112993e+00;0.000000000000000000e+00
1.189285714285714348e+05;3.470653240991160828e+02;2.619612195121590048e+00;0.000000000000000000e+00
1.190000000000000000e+05;3.478055161838545928e+02;2.799244345689658076e+00;0.000000000000000000e+00
1.190714285714285797e+05;3.485457082685931027e+02;2.979607268702238798e+00;0.000000000000000000e+00
1.191428571428571449e+05;3.492859003533313853e+02;3.160695201135240495e+00;0.000000000000000000e+00
1.192142857142857247e+05;3.500260924380701226e+02;3.342502270708791912e+00;0.000000000000000000e+00
1.192857142857142899e+05;3.507662845228084052e+02;3.525022537272889167e+00;0.000000000000000000e+00
1.193571428571428551e+05;3.515064766075466878e+02;3.708249944262206554e+00;0.000000000000000000e+00
1.194285714285714348e+05;3.522466686922854251e+02;3.892178352980408818e+00;0.000000000000000000e+00
1.195000000000000000e+05;3.529868607770237077e+02;4.076801519608125091e+00;0.000000000000000000e+00
1.195714285714285797e+05;3.537270528617622176e+02;4.262113108648918569e+00;0.000000000000000000e+00
1.196428571428571449e+05;3.544672449465007276e+02;4.448106694675516337e+00;0.000000000000000000e+00
1.197142857142857247e+05;3.552074370312392375e+02;4.634775733924470842e+00;0.000000000000000000e+00
1.197857142857142899e+05;3.559476291159775201e+02;4.822113607777282596e+00;0.000000000000000000e+00
1.198571428571428551e+05;3.566878212007160300e+02;5.010113587195519358e+00;0.000000000000000000e+00
1.199285714285714348e+05;3.574280132854545400e+02;5.198768845468293875e+00;0.000000000000000000e+00
1.200000000000000000e+05;3.581682053701930499e+02;5.388072450296021998e+00;0.000000000000000000e+00
1.200714285714285797e+05;3.589083974549315599e+02;5.578017387713771313e+00;0.000000000000000000e+00
1.201428571428571449e+05;3.596485895396698425e+02;5.768596525420434773e+00;0.000000000000000000e+00
1.202142857142857247e+05;3.603887816244083524e+02;5.959802634490188211e+00;0.000000000000000000e+00
1.202857142857142899e+05;3.611289737091468623e+02;6.151628394087310880e+00;0.000000000000000000e+00
1.203571428571428551e+05;3.618691657938851449e+02;6.344066363759338856e+00;0.000000000000000000e+00
1.204285714285714348e+05;3.626093578786236549e+02;6.537109022319782525e+00;0.000000000000000000e+00
1.205000000000000000e+05;3.633495499633621648e+02;6.730748727801255882e+00;0.000000000000000000e+00
1.205714285714285797e+05;3.640897420481006748e+02;6.924977744289208204e+00;0.000000000000000000e+00
1.206428571428571449e+05;3.648299341328391847e+02;7.119788227661047131e+00;0.000000000000000000e+00
1.207142857142857247e+05;3.655701262175776947e+02;7.315172234608326107e+00;0.000000000000000000e+00
1.207857142857142899e+05;3.663103183023159772e+02;7.511121713672764599e+00;0.000000000000000000e+00
1.208571428571428551e+05;3.670505103870544872e+02;7.707628507167100906e+00;0.000000000000000000e+00
1.209285714285714348e+05;3.677907024717929971e+02;7.904684361419640481e+00;0.000000000000000000e+00
1.210000000000000000e+05;3.685308945565312797e+02;8.102280906110536307e+00;0.000000000000000000e+00
1.210714285714285797e+05;3.692710866412700170e+02;8.300409669638611376e+00;0.000000000000000000e+00
1.211428571428571449e+05;3.700112787260082996e+02;8.499062071146909148e+00;0.000000000000000000e+00
1.212142857142857247e+05;3.707514708107468095e+02;8.698229430650826544e+00;0.000000000000000000e+00
1.212857142857142899e+05;3.714916628954853195e+02;8.897902950411662459e+00;0.000000000000000000e+00
1.213571428571428551e+05;3.722318549802236021e+02;9.098073733679484576e+00;0.000000000000000000e+00
1.214285714285714348e+05;3.729720470649621120e+02;9.298732769209891558e+00;0.000000000000000000e+00
1.215000000000000000e+05;3.737122391497006220e+02;9.499870947096496820e+00;0.000000000000000000e+00
1.215714285714285797e+05;3.744524312344391319e+02;9.701479038165416569e+00;0.000000000000000000e+00
1.216428571428571449e+05;3.751926233191774145e+02;9.903547710506245494e+00;0.000000000000000000e+00
1.217142857142857247e+05;3.759328154039161518e+02;1.010606752149760723e+01;0.000000000000000000e+00
1.217857142857142899e+05;3.766730074886544344e+02;1.030902891565347090e+01;0.000000000000000000e+00
1.218571428571428551e+05;3.774131995733929443e+02;1.051242223178269342e+01;0.000000000000000000e+00
1.219285714285714348e+05;3.781533916581314543e+02;1.071623770304722711e+01;0.000000000000000000e+00
1.220000000000000000e+05;3.788935837428697369e+02;1.092046544182812795e+01;0.000000000000000000e+00
1.220714285714285797e+05;3.796337758276082468e+02;1.112509545509237796e+01;0.000000000000000000e+00
1.221428571428571449e+05;3.803739679123467567e+02;1.133011763851391152e+01;0.000000000000000000e+00
1.222142857142857247e+05;3.811141599970852667e+02;1.153552177903475240e+01;0.000000000000000000e+00
1.222857142857142899e+05;3.818543520818235493e+02;1.174129754904424772e+01;0.000000000000000000e+00
1.223571428571428551e+05;3.825945441665620592e+02;1.194743451103568077e+01;0.000000000000000000e+00
1.224285714285714348e+05;3.833347362513005692e+02;1.215392211044672877e+01;0.000000000000000000e+00
1.225000000000000000e+05;3.840749283360390791e+02;1.236074969073524699e+01;0.000000000000000000e+00
1.225714285714285797e+05;3.848151204207775891e+02;1.256790646776789799e+01;0.000000000000000000e+00
1.226428571428571449e+05;3.855553125055158716e+02;1.277538156480295584e+01;0.000000000000000000e+00
1.227142857142857247e+05;3.862955045902543816e+02;1.298316397471353412e+01;0.000000000000000000e+00
1.227857142857142899e+05;3.870356966749928915e+02;1.319124258751980960e+01;0.000000000000000000e+00
1.228571428571428551e+05;3.877758887597311741e+02;1.339960617589531466e+01;0.000000000000000000e+00
1.229285714285714348e+05;3.885160808444699114e+02;1.360824340005638078e+01;0.000000000000000000e+00
1.230000000000000000e+05;3.892562729292081940e+02;1.381714281142922118e+01;0.000000000000000000e+00
1.230714285714285797e+05;3.899964650139467039e+02;1.402629284054273739e+01;0.000000000000000000e+00
1.231428571428571449e+05;3.907366570986852139e+02;1.423568180628353730e+01;0.000000000000000000e+00
1.232142857142857247e+05;3.914768491834237238e+02;1.444529791799141094e+01;0.000000000000000000e+00
1.232857142857142899e+05;3.922170412681620064e+02;1.465512926742667332e+01;0.000000000000000000e+00
1.233571428571428551e+05;3.929572333529005164e+02;1.486516383785055950e+01;0.000000000000000000e+00
1.234285714285714348e+05;3.936974254376390263e+02;1.507538948807632551e+01;0.000000000000000000e+00
1.235000000000000000e+05;3.944376175223773089e+02;1.528579396964050829e+01;0.000000000000000000e+00
1.235714285714285797e+05;3.951778096071160462e+02;1.549636493006255478e+01;0.000000000000000000e+00
1.236428571428571449e+05;3.959180016918543288e+02;1.570708987617399544e+01;0.000000000000000000e+00
1.237142857142857247e+05;3.966581937765928387e+02;1.591795622784411535e+01;0.000000000000000000e+00
1.237857142857142899e+05;3.973983858613313487e+02;1.612895127764204517e+01;0.000000000000000000e+00
1.238571428571428551e+05;3.981385779460696313e+02;1.634006220661103725e+01;0.000000000000000000e+00
1.239285714285714348e+05;3.988787700308081412e+02;1.655127607705071568e+01;0.000000000000000000e+00
1.240000000000000000e+05;3.996189621155466511e+02;1.676257984875701368e+01;0.000000000000000000e+00
1.240714285714285797e+05;4.003591542002851611e+02;1.697396035236306489e+01;0.000000000000000000e+00
1.241428571428571449e+05;4.010993462850234437e+02;1.718540432234294713e+01;0.000000000000000000e+00
1.242142857142857247e+05;4.018395383697621810e+02;1.739689836336765438e+01;0.000000000000000000e+00
1.242857142857142899e+05;4.025797304545004636e+02;1.760842897009570152e+01;0.000000000000000000e+00
1.243571428571428551e+05;4.033199225392389735e+02;1.781998253409983590e+01;0.000000000000000000e+00
1.244285714285714348e+05;4.040601146239774835e+02;1.803154531656764448e+01;0.000000000000000000e+00
1.245000000000000000e+05;4.048003067087157660e+02;1.824310348200378940e+01;0.000000000000000000e+00
1.245714285714285797e+05;4.055404987934542760e+02;1.845464306883513927e+01;0.000000000000000000e+00
1.246428571428571449e+05;4.062806908781927859e+02;1.866615000920137390e+01;0.000000000000000000e+00
1.247142857142857247e+05;4.070208829629312959e+02;1.887761011952534318e+01;0.000000000000000000e+00
1.247857142857142899e+05;4.077610750476698058e+02;1.908900910645024851e+01;0.000000000000000000e+00
1.248571428571428551e+05;4.085012671324080884e+02;1.930033255968010053e+01;0.000000000000000000e+00
1.249285714285714348e+05;4.092414592171465983e+02;1.951156596490181983e+01;0.000000000000000000e+00
1.250000000000000000e+05;4.099816513018851083e+02;1.972269467613659799e+01;0.000000000000000000e+00
1.250714285714285797e+05;4.107218433866236182e+02;1.993370396457612514e+01;0.000000000000000000e+00
1.251428571428571449e+05;4.114620354713619008e+02;2.014457896968815476e+01;0.000000000000000000e+00
1.252142857142857247e+05;4.122022275561004108e+02;2.035530472220852971e+01;0.000000000000000000e+00
1.252857142857142899e+05;4.129424196408389207e+02;2.056586615310516208e+01;0.000000000000000000e+00
1.253571428571428551e+05;4.136826117255772033e+02;2.077624806319363415e+01;0.000000000000000000e+00
1.254285714285714348e+05;4.144228038103159406e+02;2.098643516283482313e+01;0.000000000000000000e+00
1.255000000000000000e+05;4.151629958950542232e+02;2.119641204283107072e+01;0.000000000000000000e+00
1.255714285714285797e+05;4.159031879797927331e+02;2.140616318158572540e+01;0.000000000000000000e+00
1.256428571428571449e+05;4.166433800645312431e+02;2.161567295924760401e+01;0.000000000000000000e+00
1.257142857142857247e+05;4.173835721492697530e+02;2.182492563879350200e+01;0.000000000000000000e+00
1.257857142857142899e+05;4.181237642340080356e+02;2.203390537574887276e+01;0.000000000000000000e+00
1.258571428571428551e+05;4.188639563187465455e+02;2.224259621708188206e+01;0.000000000000000000e+00
1.259285714285714348e+05;4.196041484034850555e+02;2.245098211010918021e+01;0.000000000000000000e+00
1.260000000000000000e+05;4.203443404882233381e+02;2.265904688707087189e+01;0.000000000000000000e+00
1.260714285714285797e+05;4.210845325729620754e+02;2.286677427915856242e+01;0.000000000000000000e+00
1.261428571428571449e+05;4.218247246577003580e+02;2.307414790859911591e+01;0.000000000000000000e+00
1.262142857142857247e+05;4.225649167424388679e+02;2.328115128830540925e+01;0.000000000000000000e+00
1.262857142857142899e+05;4.233051088271773779e+02;2.348776784446090460e+01;0.000000000000000000e+00
1.263571428571428551e+05;4.240453009119156604e+02;2.369398087204899639e+01;0.000000000000000000e+00
1.264285714285714348e+05;4.247854929966541704e+02;2.389977359026670456e+01;0.000000000000000000e+00
1.265000000000000000e+05;4.255256850813926803e+02;2.410512909223325551e+01;0.000000000000000000e+00
1.265714285714285797e+05;4.262658771661311903e+02;2.431003038643393666e+01;0.000000000000000000e+00
1.266428571428571449e+05;4.270060692508697002e+02;2.451446037075947970e+01;0.000000000000000000e+00
1.267142857142857247e+05;4.277462613356082102e+02;2.471840184484608471e+01;0.000000000000000000e+00
1.267857142857142899e+05;4.284864534203464927e+02;2.492183750949334353e+01;0.000000000000000000e+00
1.268571428571428551e+05;4.292266455050850027e+02;2.512474996456876397e+01;0.000000000000000000e+00
1.269285714285714348e+05;4.299668375898235126e+02;2.532712170539889485e+01;0.000000000000000000e+00
1.270000000000000000e+05;4.307070296745617952e+02;2.552893514744937420e+01;0.000000000000000000e+00
1.270714285714285797e+05;4.314472217593003052e+02;2.573017258802428842e+01;0.000000000000000000e+00
1.271428571428571449e+05;4.321874138440388151e+02;2.593081624456681311e+01;0.000000000000000000e+00
1.272142857142857247e+05;4.329276059287773251e+02;2.613084822823293507e+01;0.000000000000000000e+00
1.272857142857142899e+05;4.336677980135158350e+02;2.633025056717451662e+01;0.000000000000000000e+00
1.273571428571428551e+05;4.344079900982541176e+02;2.652900518756359816e+01;0.000000000000000000e+00
1.274285714285714348e+05;4.351481821829926275e+02;2.672709392046090215e+01;0.000000000000000000e+00
1.275000000000000000e+05;4.358883742677311375e+02;2.692449851438868791e+01;0.000000000000000000e+00
1.275714285714285797e+05;4.366285663524696474e+02;2.712120062508620322e+01;0.000000000000000000e+00
1.276428571428571449e+05;4.373687584372079300e+02;2.731718181038741022e+01;0.000000000000000000e+00
1.277142857142857247e+05;4.381089505219464399e+02;2.751242355431895703e+01;0.000000000000000000e+00
1.277857142857142899e+05;4.388491426066849499e+02;2.770690724079031497e+01;0.000000000000000000e+00
1.278571428571428551e+05;4.395893346914232325e+02;2.790061416826210916e+01;0.000000000000000000e+00
1.279285714285714348e+05;4.403295267761619698e+02;2.809352556185331196e+01;0.000000000000000000e+00
1.280000000000000000e+05;4.410697188609002524e+02;2.828562254318967462e+01;0.000000000000000000e+00
1.280714285714285797e+05;4.418099109456387623e+02;2.847688616719096899e+01;0.000000000000000000e+00
1.281428571428571449e+05;4.425501030303772723e+02;2.866729740821756423e+01;0.000000000000000000e+00
1.282142857142857247e+05;4.432902951151157822e+02;2.885683714388869703e+01;0.000000000000000000e+00
1.282857142857142899e+05;4.440304871998540648e+02;2.904548618348781019e+01;0.000000000000000000e+00
1.283571428571428551e+05;4.447706792845925747e+02;2.923322525760158896e+01;0.000000000000000000e+00
1.284285714285714348e+05;4.455108713693310847e+02;2.942003502161242068e+01;0.000000000000000000e+00
1.285000000000000000e+05;4.462510634540695946e+02;2.960589604836422950e+01;0.000000000000000000e+00
1.285714285714285797e+05;4.469912555388081046e+02;2.979078884178306907e+01;0.000000000000000000e+00
1.286428571428571449e+05;4.477314476235463871e+02;2.997469383152201772e+01;0.000000000000000000e+00
1.287142857142857247e+05;4.484716397082848971e+02;3.015759137470740825e+01;0.000000000000000000e+00
1.287857142857142899e+05;4.492118317930234070e+02;3.033946176269091666e+01;0.000000000000000000e+00
1.288571428571428551e+05;4.499520238777616896e+02;3.052028521487955004e+01;0.000000000000000000e+00
1.289285714285714348e+05;4.506922159625001996e+02;3.070004188164602965e+01;0.000000000000000000e+00
1.290000000000000000e+05;4.514324080472387095e+02;3.087871185247786343e+01;0.000000000000000000e+00
1.290714285714285797e+05;4.521726001319772195e+02;3.105627515085507184e+01;0.000000000000000000e+00
1.291428571428571449e+05;4.529127922167157294e+02;3.123271173320244998e+01;0.000000000000000000e+00
1.292142857142857247e+05;4.536529843014542394e+02;3.140800150809809566e+01;0.000000000000000000e+00
1.292857142857142899e+05;4.543931763861925219e+02;3.158212430344428867e+01;0.000000000000000000e+00
1.293571428571428551e+05;4.551333684709310319e+02;3.175505991734098643e+01;0.000000000000000000e+00
1.294285714285714348e+05;4.558735605556695418e+02;3.192678806057665497e+01;0.000000000000000000e+00
1.295000000000000000e+05;4.566137526404078244e+02;3.209728842356707901e+01;0.000000000000000000e+00
1.295714285714285797e+05;4.573539447251465617e+02;3.226654061151202768e+01;0.000000000000000000e+00
1.296428571428571449e+05;4.580941368098848443e+02;3.243452420737594366e+01;0.000000000000000000e+00
1.297142857142857247e+05;4.588343288946233542e+02;3.260121872310992330e+01;0.000000000000000000e+00
1.297857142857142899e+05;4.595745209793618642e+02;3.276660363585688174e+01;0.000000000000000000e+00
1.298571428571428551e+05;4.603147130641001468e+02;3.293065837782341987e+01;0.000000000000000000e+00
1.299285714285714348e+05;4.610549051488386567e+02;3.309336233290378004e+01;0.000000000000000000e+00
1.300000000000000000e+05;4.617950972335771667e+02;3.325469484610948712e+01;0.000000000000000000e+00
1.300714285714285797e+05;4.625352893183156766e+02;3.341463522380217910e+01;0.000000000000000000e+00
1.301428571428571449e+05;4.632754814030539592e+02;3.357316273753531277e+01;0.000000000000000000e+00
1.302142857142857247e+05;4.640156734877926965e+02;3.373025661683641374e+01;0.000000000000000000e+00
1.302857142857142899e+05;4.647558655725309791e+02;3.388589607225731015e+01;0.000000000000000000e+00
1.303571428571428551e+05;4.654960576572694890e+02;3.404006025963462889e+01;0.000000000000000000e+00
1.304285714285714348e+05;4.662362497420079990e+02;3.419272832572460175e+01;0.000000000000000000e+00
1.305000000000000000e+05;4.669764418267462815e+02;3.434387939411681145e+01;0.000000000000000000e+00
1.305714285714285797e+05;4.677166339114847915e+02;3.449349253985565156e+01;0.000000000000000000e+00
1.306428571428571449e+05;4.684568259962233014e+02;3.464154684566892684e+01;0.000000000000000000e+00
1.307142857142857247e+05;4.691970180809618114e+02;3.478802135435398668e+01;0.000000000000000000e+00
1.307857142857142899e+05;4.699372101657000940e+02;3.493289510009344667e+01;0.000000000000000000e+00
1.308571428571428551e+05;4.706774022504386039e+02;3.507614709483459592e+01;0.000000000000000000e+00
1.309285714285714348e+05;4.714175943351771139e+02;3.521775635203812271e+01;0.000000000000000000e+00
1.310000000000000000e+05;4.721577864199156238e+02;3.535770185338333249e+01;0.000000000000000000e+00
1.310714285714285797e+05;4.728979785046541338e+02;3.549596259219106287e+01;0.000000000000000000e+00
1.311428571428571595e+05;4.736381705893926437e+02;3.563251755270175636e+01;0.000000000000000000e+00
1.312142857142857101e+05;4.743783626741309263e+02;3.576734570844564587e+01;0.000000000000000000e+00
1.312857142857142899e+05;4.751185547588694362e+02;3.590042604331392795e+01;0.000000000000000000e+00
1.313571428571428696e+05;4.758587468436079462e+02;3.603173752652946860e+01;0.000000000000000000e+00
1.314285714285714203e+05;4.765989389283462287e+02;3.616125916747841984e+01;0.000000000000000000e+00
1.315000000000000000e+05;4.773391310130847387e+02;3.628896994644310325e+01;0.000000000000000000e+00
1.315714285714285797e+05;4.780793230978232486e+02;3.641484886908438057e+01;0.000000000000000000e+00
1.316428571428571595e+05;4.788195151825617586e+02;3.653887496248353273e+01;0.000000000000000000e+00
1.317142857142857101e+05;4.795597072673000412e+02;3.666102726361714303e+01;0.000000000000000000e+00
1.317857142857142899e+05;4.802998993520385511e+02;3.678128482785541564e+01;0.000000000000000000e+00
1.318571428571428696e+05;4.810400914367770611e+02;3.689962671964894980e+01;0.000000000000000000e+00
1.319285714285714203e+05;4.817802835215153436e+02;3.701603206864092499e+01;0.000000000000000000e+00
1.320000000000000000e+05;4.825204756062538536e+02;3.713047999306581914e+01;0.000000000000000000e+00
1.320714285714285797e+05;4.832606676909925909e+02;3.724294965725857764e+01;0.000000000000000000e+00
1.321428571428571595e+05;4.840008597757311009e+02;3.735342026688158512e+01;0.000000000000000000e+00
1.322142857142857101e+05;4.847410518604693834e+02;3.746187104505952448e+01;0.000000000000000000e+00
1.322857142857142899e+05;4.854812439452078934e+02;3.756828128441702574e+01;0.000000000000000000e+00
1.323571428571428696e+05;4.862214360299464033e+02;3.767263030319008976e+01;0.000000000000000000e+00
1.324285714285714203e+05;4.869616281146846859e+02;3.777489746455103159e+01;0.000000000000000000e+00
1.325000000000000000e+05;4.877018201994231958e+02;3.787506219558417797e+01;0.000000000000000000e+00
1.325714285714285797e+05;4.884420122841617058e+02;3.797310396074317396e+01;0.000000000000000000e+00
1.326428571428571595e+05;4.891822043689002157e+02;3.806900229712482542e+01;0.000000000000000000e+00
1.327142857142857101e+05;4.899223964536384983e+02;3.816273680841550231e+01;0.000000000000000000e+00
1.327857142857142899e+05;4.906625885383770083e+02;3.825428713986184448e+01;0.000000000000000000e+00
1.328571428571428696e+05;4.914027806231155182e+02;3.834363301552366465e+01;0.000000000000000000e+00
1.329285714285714203e+05;4.921429727078538008e+02;3.843075423955451697e+01;0.000000000000000000e+00
1.330000000000000000e+05;4.928831647925923107e+02;3.851563068048562855e+01;0.000000000000000000e+00
1.330714285714285797e+05;4.936233568773308207e+02;3.859824229043442756e+01;0.000000000000000000e+00
1.331428571428571595e+05;4.943635489620695580e+02;3.867856910813134164e+01;0.000000000000000000e+00
1.332142857142857101e+05;4.951037410468076132e+02;3.875659124983940274e+01;0.000000000000000000e+00
1.332857142857142899e+05;4.958439331315463505e+02;3.883228893089108169e+01;0.000000000000000000e+00
1.333571428571428696e+05;4.965841252162848605e+02;3.890564245544373989e+01;0.000000000000000000e+00
1.334285714285714203e+05;4.973243173010229157e+02;3.897663222474511713e+01;0.000000000000000000e+00
1.335000000000000000e+05;4.980645093857616530e+02;3.904523874900769442e+01;0.000000000000000000e+00
1.335714285714285797e+05;4.988047014705001629e+02;3.911144263611640781e+01;0.000000000000000000e+00
1.336428571428571595e+05;4.995448935552386729e+02;3.917522461654152721e+01;0.000000000000000000e+00
1.337142857142857101e+05;5.002850856399769555e+02;3.923656552599277347e+01;0.000000000000000000e+00
1.337857142857142899e+05;5.010252777247154654e+02;3.929544631252065301e+01;0.000000000000000000e+00
1.338571428571428696e+05;5.017654698094539754e+02;3.935184806876350194e+01;0.000000000000000000e+00
1.339285714285714203e+05;5.025056618941922579e+02;3.940575199690647423e+01;0.000000000000000000e+00
1.340000000000000000e+05;5.032458539789307679e+02;3.945713942509610206e+01;0.000000000000000000e+00
1.340714285714285797e+05;5.039860460636692778e+02;3.950599184026941657e+01;0.000000000000000000e+00
1.341428571428571595e+05;5.047262381484077878e+02;3.955229085218161345e+01;0.000000000000000000e+00
1.342142857142857101e+05;5.054664302331460703e+02;3.959601821773685515e+01;0.000000000000000000e+00
1.342857142857142899e+05;5.062066223178845803e+02;3.963715586182661355e+01;0.000000000000000000e+00
1.343571428571428696e+05;5.069468144026230902e+02;3.967568583134561777e+01;0.000000000000000000e+00
1.344285714285714203e+05;5.076870064873613728e+02;3.971159035002347082e+01;0.000000000000000000e+00
1.345000000000000000e+05;5.084271985720998828e+02;3.974485181015916169e+01;0.000000000000000000e+00
1.345714285714285797e+05;5.091673906568386201e+02;3.977545276831369847e+01;0.000000000000000000e+00
1.346428571428571595e+05;5.099075827415771300e+02;3.980337594985030591e+01;0.000000000000000000e+00
1.347142857142857101e+05;5.106477748263154126e+02;3.982860425428953022e+01;0.000000000000000000e+00
1.347857142857142899e+05;5.113879669110539226e+02;3.985112078208476305e+01;0.000000000000000000e+00
1.348571428571428696e+05;5.121281589957924325e+02;3.987090879539027810e+01;0.000000000000000000e+00
1.349285714285714203e+05;5.128683510805307151e+02;3.988795177894644439e+01;0.000000000000000000e+00
1.350000000000000000e+05;5.136085431652692250e+02;3.990223339665681124e+01;0.000000000000000000e+00
1.350714285714285797e+05;5.143487352500077350e+02;3.991373752499930561e+01;0.000000000000000000e+00
1.351428571428571595e+05;5.150889273347462449e+02;3.992244823486544192e+01;0.000000000000000000e+00
1.352142857142857101e+05;5.158291194194845275e+02;3.992834982834756374e+01;0.000000000000000000e+00
1.352857142857142899e+05;5.165693115042230374e+02;3.993142682453617454e+01;0.000000000000000000e+00
1.353571428571428696e+05;5.173095035889615474e+02;3.993166395742446184e+01;0.000000000000000000e+00
1.354285714285714203e+05;5.180496956736998300e+02;3.992904618871398270e+01;0.000000000000000000e+00
1.355000000000000000e+05;5.187898877584383399e+02;3.992355873575434089e+01;0.000000000000000000e+00
1.355714285714285797e+05;5.195300798431768499e+02;3.991518704290501773e+01;0.000000000000000000e+00
1.356428571428571595e+05;5.202702719279155872e+02;3.990391681203618646e+01;0.000000000000000000e+00
1.357142857142857101e+05;5.210104640126536424e+02;3.988973397971130908e+01;0.000000000000000000e+00
1.357857142857142899e+05;5.217506560973923797e+02;3.987262475001625717e+01;0.000000000000000000e+00
1.358571428571428696e+05;5.224908481821308897e+02;3.985257560899481177e+01;0.000000000000000000e+00
1.359285714285714203e+05;5.232310402668691722e+02;3.982957328390330076e+01;0.000000000000000000e+00
1.360000000000000000e+05;5.239712323516076822e+02;3.980360480118542910e+01;0.000000000000000000e+00
1.360714285714285797e+05;5.247114244363461921e+02;3.977465745620429516e+01;0.000000000000000000e+00
1.361428571428571595e+05;5.254516165210847021e+02;3.974271884514018893e+01;0.000000000000000000e+00
1.362142857142857101e+05;5.261918086058229846e+02;3.970777684729546309e+01;0.000000000000000000e+00
1.362857142857142899e+05;5.269320006905614946e+02;3.966981965187005699e+01;0.000000000000000000e+00
1.363571428571428696e+05;5.276721927753000045e+02;3.962883574818260968e+01;0.000000000000000000e+00
1.364285714285714203e+05;5.284123848600382871e+02;3.958481394103728235e+01;0.000000000000000000e+00
1.365000000000000000e+05;5.291525769447767971e+02;3.953774336562491953e+01;0.000000000000000000e+00
1.365714285714285797e+05;5.298927690295153070e+02;3.948761347471736372e+01;0.000000000000000000e+00
1.366428571428571595e+05;5.306329611142538170e+02;3.943441404565237463e+01;0.000000000000000000e+00
1.367142857142857101e+05;5.313731531989920995e+02;3.937813521688804030e+01;0.000000000000000000e+00
1.367857142857142899e+05;5.321133452837306095e+02;3.931876746844500303e+01;0.000000000000000000e+00
1.368571428571428696e+05;5.328535373684693468e+02;3.925630161934532225e+01;0.000000000000000000e+00
1.369285714285714203e+05;5.335937294532074020e+02;3.919072885671630502e+01;0.000000000000000000e+00
1.370000000000000000e+05;5.343339215379461393e+02;3.912204074673354626e+01;0.000000000000000000e+00
1.370714285714285797e+05;5.350741136226846493e+02;3.905022921459749341e+01;0.000000000000000000e+00
1.371428571428571595e+05;5.358143057074231592e+02;3.897528657387010753e+01;0.000000000000000000e+00
1.372142857142857101e+05;5.365544977921614418e+02;3.889720552903600037e+01;0.000000000000000000e+00
1.372857142857142899e+05;5.372946898768999517e+02;3.881597917480394244e+01;0.000000000000000000e+00
1.373571428571428696e+05;5.380348819616384617e+02;3.873160100588575006e+01;0.000000000000000000e+00
1.374285714285714203e+05;5.387750740463767443e+02;3.864406495215371251e+01;0.000000000000000000e+00
1.375000000000000000e+05;5.395152661311152542e+02;3.855336532695218921e+01;0.000000000000000000e+00
1.375714285714285797e+05;5.402554582158537642e+02;3.845949689159169793e+01;0.000000000000000000e+00
1.376428571428571595e+05;5.409956503005922741e+02;3.836245483323000371e+01;0.000000000000000000e+00
1.377142857142857101e+05;5.417358423853305567e+02;3.826223479025065899e+01;0.000000000000000000e+00
1.377857142857142899e+05;5.424760344700690666e+02;3.815883283177390695e+01;0.000000000000000000e+00
1.378571428571428696e+05;5.432162265548075766e+02;3.805224549164995551e+01;0.000000000000000000e+00
1.379285714285714203e+05;5.439564186395458592e+02;3.794246977823786438e+01;0.000000000000000000e+00
1.380000000000000000e+05;5.446966107242843691e+02;3.782950316136702895e+01;0.000000000000000000e+00
1.380714285714285797e+05;5.454368028090228790e+02;3.771334358793683350e+01;0.000000000000000000e+00
1.381428571428571595e+05;5.461769948937616164e+02;3.759398950682953000e+01;0.000000000000000000e+00
1.382142857142857101e+05;5.469171869784996716e+02;3.747143985400907695e+01;0.000000000000000000e+00
1.382857142857142899e+05;5.476573790632384089e+02;3.734569406462833285e+01;0.000000000000000000e+00
1.383571428571428696e+05;5.483975711479769188e+02;3.721675211563706398e+01;0.000000000000000000e+00
1.384285714285714203e+05;5.491377632327152014e+02;3.708461447013542056e+01;0.000000000000000000e+00
1.385000000000000000e+05;5.498779553174537114e+02;3.694928213860839605e+01;0.000000000000000000e+00
1.385714285714285797e+05;5.506181474021922213e+02;3.681075668404810131e+01;0.000000000000000000e+00
1.386428571428571595e+05;5.513583394869307313e+02;3.666904018772765994e+01;0.000000000000000000e+00
1.387142857142857101e+05;5.520985315716690138e+02;3.652413531090132892e+01;0.000000000000000000e+00
1.387857142857142899e+05;5.528387236564075238e+02;3.637604527384974062e+01;0.000000000000000000e+00
1.388571428571428696e+05;5.535789157411460337e+02;3.622477386542595923e+01;0.000000000000000000e+00
1.389285714285714203e+05;5.543191078258843163e+02;3.607032547960989177e+01;0.000000000000000000e+00
1.390000000000000000e+05;5.550592999106228262e+02;3.591270506405271590e+01;0.000000000000000000e+00
1.390714285714285797e+05;5.557994919953613362e+02;3.575191820948384702e+01;0.000000000000000000e+00
1.391428571428571595e+05;5.565396840800998461e+02;3.558797109848819673e+01;0.000000000000000000e+00
1.392142857142857101e+05;5.572798761648381287e+02;3.542087051994167268e+01;0.000000000000000000e+00
1.392857142857142899e+05;5.580200682495766387e+02;3.525062392768450081e+01;0.000000000000000000e+00
1.393571428571428696e+05;5.587602603343153760e+02;3.507723938953131437e+01;0.000000000000000000e+00
1.394285714285714203e+05;5.595004524190534312e+02;3.490072562848217785e+01;0.000000000000000000e+00
1.395000000000000000e+05;5.602406445037921685e+02;3.472109203506261110e+01;0.000000000000000000e+00
1.395714285714285797e+05;5.609808365885306785e+02;3.453834865964017808e+01;0.000000000000000000e+00
1.396428571428571595e+05;5.617210286732691884e+02;3.435250622523017228e+01;0.000000000000000000e+00
1.397142857142857101e+05;5.624612207580074710e+02;3.416357616125606000e+01;0.000000000000000000e+00
1.397857142857142899e+05;5.632014128427459809e+02;3.397157058492302895e+01;0.000000000000000000e+00
1.398571428571428696e+05;5.639416049274844909e+02;3.377650232356972992e+01;0.000000000000000000e+00
1.399285714285714203e+05;5.646817970122227734e+02;3.357838492142036557e+01;0.000000000000000000e+00
1.400000000000000000e+05;5.654219890969612834e+02;3.337723266519606113e+01;0.000000000000000000e+00
