# Range [m];Height [m];Real(p) [Pa];Imag(p) [Pa]
1.000000000000000000e+04;0.000000000000000000e+00;-3.311404539593670632e-04;4.760396683032767462e-04
1.000000000000000000e+04;3.968289718597812765e+01;-3.244154317874877532e-04;4.632517700050308470e-04
1.000000000000000000e+04;7.936579437195648268e+01;-3.318169104146093920e-04;4.742967457024742980e-04
1.000000000000000000e+04;1.190486915579346459e+02;-3.212814199807873189e-04;4.669926481832599452e-04
1.000000000000000000e+04;1.587315887439129654e+02;-3.259759244056048468e-04;4.816504263645764281e-04
1.000000000000000000e+04;1.984144859298911854e+02;-3.152196828001225864e-04;4.733950235834855774e-04
1.000000000000000000e+04;2.380973831158696896e+02;-3.184177507014957962e-04;4.916906823125375553e-04
1.000000000000000000e+04;2.777802803018482223e+02;-3.051655206046005901e-04;4.833996748944861875e-04
1.000000000000000000e+04;3.174631774878263286e+02;-3.075244820901568490e-04;4.996283634361539010e-04
1.000000000000000000e+04;3.571460746738040939e+02;-2.915031413556480296e-04;4.955904256174698333e-04
1.000000000000000000e+04;3.968289718597817455e+02;-2.908554921435903317e-04;5.190180983371422453e-04
1.000000000000000000e+04;4.365118690457586581e+02;-2.735658192927198492e-04;5.097993476515176158e-04
1.000000000000000000e+04;4.761947662317350591e+02;-2.711959418259778922e-04;5.306062995963100899e-04
1.000000000000000000e+04;5.158776634177095275e+02;-2.509861401448230727e-04;5.261046620932071944e-04
1.000000000000000000e+04;5.555605606036833706e+02;-2.471367957412364262e-04;5.497372633833041110e-04
1.000000000000000000e+04;5.952434577896535757e+02;-2.241357619130145400e-04;5.423144069160910040e-04
1.000000000000000000e+04;6.349263549756229850e+02;-2.150997479868515562e-04;5.681573194172539467e-04
1.000000000000000000e+04;6.746092521615850046e+02;-1.920738972615255655e-04;5.593760378287337357e-04
1.000000000000000000e+04;7.142921493475450916e+02;-1.835776812467331052e-04;5.812882187692039329e-04
1.000000000000000000e+04;7.539750465334909677e+02;-1.553661026620283903e-04;5.750579215288761231e-04
1.000000000000000000e+04;7.936579437194345701e+02;-1.396239252141778559e-04;6.008947935467685896e-04
1.000000000000000000e+04;8.333408409053508876e+02;-1.136363001250418242e-04;5.889733455915569047e-04
1.000000000000000000e+04;8.730237380912616345e+02;-9.735768364874289153e-05;6.101454733763323618e-04
1.000000000000000000e+04;9.127066352771191760e+02;-6.667609968979873025e-05;6.006103919642515401e-04
1.000000000000000000e+04;9.523895324629659171e+02;-4.468256811349429413e-05;6.205724443445785003e-04
1.000000000000000000e+04;9.920724296487095444e+02;-1.533081050259952824e-05;6.078936362444067442e-04
1.000000000000000000e+04;1.031755326834429752e+03;1.059442887394420687e-05;6.267580640387865809e-04
1.000000000000000000e+04;1.071438224019944528e+03;4.104910014904083391e-05;6.108454899663078117e-04
1.000000000000000000e+04;1.111121121205414966e+03;6.982725945677013596e-05;6.234053582699900084e-04
1.000000000000000000e+04;1.150804018390481815e+03;1.008973050725729367e-04;6.077865485404738109e-04
1.000000000000000000e+04;1.190486915575462945e+03;1.352995816940985899e-04;6.186454059561179207e-04
1.000000000000000000e+04;1.230169812759651677e+03;1.642217560573908596e-04;5.972022353790298714e-04
1.000000000000000000e+04;1.269852709943718537e+03;2.002078819895374375e-04;6.031455073416457178e-04
1.000000000000000000e+04;1.309535607126236755e+03;2.294250459570098513e-04;5.791489654942023066e-04
1.000000000000000000e+04;1.349218504308472347e+03;2.694408518180857622e-04;5.774685210737346515e-04
1.000000000000000000e+04;1.388901401487645671e+03;2.955677245705127989e-04;5.511326680048526808e-04
1.000000000000000000e+04;1.428584298666279892e+03;3.369332730874938426e-04;5.482879336015238384e-04
1.000000000000000000e+04;1.468267195838885982e+03;3.609574048333628708e-04;5.136534987155469238e-04
1.000000000000000000e+04;1.507950093010512091e+03;4.032393907322316781e-04;4.999539562211279160e-04
1.000000000000000000e+04;1.547632990170205858e+03;4.241628036136759383e-04;4.657701425490442452e-04
1.000000000000000000e+04;1.587315887328056306e+03;4.668577010376209584e-04;4.493101680641541930e-04
1.000000000000000000e+04;1.626998784462483854e+03;4.829474188346963184e-04;4.068269605179089684e-04
1.000000000000000000e+04;1.666681681476557969e+03;5.231559128350694431e-04;3.832724694084121910e-04
1.000000000000000000e+04;1.706364577430007557e+03;5.358506684007514551e-04;3.382211341831252091e-04
1.000000000000000000e+04;1.746047472144440007e+03;5.745909931319825078e-04;3.063398635988383105e-04
1.000000000000000000e+04;1.785730363141787620e+03;5.797771642041918720e-04;2.592278748331477674e-04
1.000000000000000000e+04;1.825413213607865146e+03;6.126029004744767362e-04;2.242056409512458261e-04
1.000000000000000000e+04;1.865096154266117765e+03;6.136550499092484519e-04;1.715571548115174170e-04
1.000000000000000000e+04;1.904779063548308159e+03;6.422783128730293837e-04;1.280036885453441004e-04
1.000000000000000000e+04;1.944461960402110890e+03;6.337705193525638558e-04;7.669801421231233342e-05
1.000000000000000000e+04;1.984144856404825987e+03;6.536487823863297141e-04;2.821490741865187769e-05
1.000000000000000000e+04;2.023827752243917075e+03;6.396706860207028705e-04;-2.414196375227284293e-05
1.000000000000000000e+04;2.063510648021444922e+03;6.519953286614435951e-04;-7.527572862339808020e-05
1.000000000000000000e+04;2.103193541864701274e+03;6.279020831492993556e-04;-1.273412180036669842e-04
1.000000000000000000e+04;2.142876433637073660e+03;6.310441701643225041e-04;-1.858923111132830324e-04
1.000000000000000000e+04;2.182559325807047571e+03;5.986760384937058616e-04;-2.310017398535143835e-04
1.000000000000000000e+04;2.222242199111197351e+03;5.904751058577521706e-04;-2.863796932339353883e-04
1.000000000000000000e+04;2.261974170282373507e+03;5.504061078983541258e-04;-3.311880351912977393e-04
1.000000000000000000e+04;2.301274081658771138e+03;5.332341783656085760e-04;-3.885284114356978122e-04
1.000000000000000000e+04;2.301691711955010305e+03;5.328546414969446803e-04;-3.890056784750887671e-04
1.000000000000000000e+04;2.302115509499399195e+03;5.327343886840357886e-04;-3.896471537751084423e-04
1.000000000000000000e+04;2.341362993228632604e+03;4.832633402073176643e-04;-4.236324675511044533e-04
1.000000000000000000e+04;2.380407407490301466e+03;4.553224720688669363e-04;-4.775434345891919224e-04
1.000000000000000000e+04;2.380879778552975495e+03;4.548007294478741158e-04;-4.780395412469394469e-04
1.000000000000000000e+04;2.381333317368606458e+03;4.545508347314143778e-04;-4.787632516636638634e-04
1.000000000000000000e+04;2.420609582147724723e+03;3.985462284883597994e-04;-5.050733101197650262e-04
1.000000000000000000e+04;2.462103761810718424e+03;3.580835418899191470e-04;-5.521176803541807347e-04
1.000000000000000000e+04;2.462812095334672904e+03;3.570369908901595583e-04;-5.523050080179143541e-04
1.000000000000000000e+04;2.463321876974030147e+03;3.562678869560604732e-04;-5.527553912547963997e-04
1.000000000000000000e+04;2.496075313073826692e+03;3.085806040593637575e-04;-5.684998728788451380e-04
1.000000000000000000e+04;2.523126872603419997e+03;2.721865740796980578e-04;-5.959631426976991697e-04
1.000000000000000000e+04;2.527748082366390463e+03;2.652218665054062192e-04;-5.963004810742605260e-04
1.000000000000000000e+04;2.569584439902913346e+03;2.021197994668492829e-04;-6.208619056315405754e-04
1.000000000000000000e+04;2.573057181347121059e+03;1.965718814039444989e-04;-6.206696648141849480e-04
1.000000000000000000e+04;2.618466347886307176e+03;1.238309922781167280e-04;-6.454061898238793327e-04
1.000000000000000000e+04;2.621325882352038661e+03;1.191535217980966497e-04;-6.444324238932517841e-04
1.000000000000000000e+04;2.667289468431302794e+03;4.760203812645567633e-05;-6.564999962190386359e-04
1.000000000000000000e+04;2.669783918479282875e+03;4.370495447493818705e-05;-6.553771152929310827e-04
1.000000000000000000e+04;2.716068929323826524e+03;-3.896956999296539645e-05;-6.564951149880961885e-04
1.000000000000000000e+04;2.718047724214777190e+03;-4.210863449219151127e-05;-6.553725731687471507e-04
1.000000000000000000e+04;2.764946051148658626e+03;-1.144634688009890140e-04;-6.464712678441819713e-04
1.000000000000000000e+04;2.766554329808586772e+03;-1.168608706189774670e-04;-6.448127111197719330e-04
1.000000000000000000e+04;2.813891193899443806e+03;-2.021198515455169958e-04;-6.332547980927605855e-04
1.000000000000000000e+04;2.815479394996732935e+03;-2.042529411609036148e-04;-6.317245840865203183e-04
1.000000000000000000e+04;2.862842350306129902e+03;-2.762243134932941394e-04;-5.923742079620537230e-04
1.000000000000000000e+04;2.864430577964604709e+03;-2.782775783959692546e-04;-5.905015592553179487e-04
1.000000000000000000e+04;2.911793468721099089e+03;-3.551140137651375914e-04;-5.560019520090585862e-04
1.000000000000000000e+04;2.913381701308668653e+03;-3.567692416374032820e-04;-5.536330638347741534e-04
1.000000000000000000e+04;2.960744454387262977e+03;-4.247841983318441025e-04;-5.041359268279139603e-04
1.000000000000000000e+04;2.962332743812954050e+03;-4.261894631626035883e-04;-5.016688641322127615e-04
1.000000000000000000e+04;3.009695388472990089e+03;-4.889068729841880828e-04;-4.402100149065590212e-04
1.000000000000000000e+04;3.011283608839356020e+03;-4.900544360690693843e-04;-4.376390353902067450e-04
1.000000000000000000e+04;3.058646501989342141e+03;-5.426953209829806944e-04;-3.697463622715332541e-04
1.000000000000000000e+04;3.060234557337679689e+03;-5.433354894117437038e-04;-3.667635568627559245e-04
1.000000000000000000e+04;3.107597635895472195e+03;-5.915390978183639528e-04;-2.926114013673241092e-04
1.000000000000000000e+04;3.109185613615975853e+03;-5.918781527627352962e-04;-2.897342983498350593e-04
1.000000000000000000e+04;3.156548707152296629e+03;-6.224586676699714978e-04;-2.053428218714560506e-04
1.000000000000000000e+04;3.158136714129098436e+03;-6.224375033443039443e-04;-2.023207059938653390e-04
1.000000000000000000e+04;3.205499700921529438e+03;-6.451759684297174967e-04;-1.147193764354483751e-04
1.000000000000000000e+04;3.207087740536848742e+03;-6.445891250581928505e-04;-1.117710978491974515e-04
1.000000000000000000e+04;3.254450709579876730e+03;-6.571465413036751144e-04;-1.975770571999970539e-05
1.000000000000000000e+04;3.256038735401048143e+03;-6.561510035524351471e-04;-1.682130599303632271e-05
1.000000000000000000e+04;3.303401778568574628e+03;-6.492841631344770364e-04;7.499609885619487539e-05
1.000000000000000000e+04;3.304989776103889653e+03;-6.480235858252195646e-04;7.781900819212377257e-05
1.000000000000000000e+04;3.352352867094728026e+03;-6.326866732769211195e-04;1.696603706415435783e-04
1.000000000000000000e+04;3.353940861284309449e+03;-6.307389126985819047e-04;1.721331541040378938e-04
1.000000000000000000e+04;3.401303931236804601e+03;-6.002111101994009454e-04;2.664254605509604711e-04
1.000000000000000000e+04;3.402891948676235643e+03;-5.980950819400391574e-04;2.687293952635048098e-04
1.000000000000000000e+04;3.450254959858420534e+03;-5.535427633669927393e-04;3.480561739799936769e-04
1.000000000000000000e+04;3.451843006299196077e+03;-5.509901540473510556e-04;3.501672718263761021e-04
1.000000000000000000e+04;3.499205972530071904e+03;-4.933540631011823670e-04;4.299473760328088087e-04
1.000000000000000000e+04;3.500794025625475115e+03;-4.905080677198378350e-04;4.313450766592869076e-04
1.000000000000000000e+04;3.548157009075758197e+03;-4.224726246236499660e-04;5.036873618930997470e-04
1.000000000000000000e+04;3.549745038058439150e+03;-4.193832462600668152e-04;5.048659572690051243e-04
1.000000000000000000e+04;3.597108097267597259e+03;-3.384798722038733442e-04;5.578851374059677235e-04
1.000000000000000000e+04;3.598696108594325324e+03;-3.352487765166556766e-04;5.586927623243253659e-04
1.000000000000000000e+04;3.646059186785584643e+03;-2.472184173860048312e-04;6.027760659549834081e-04
1.000000000000000000e+04;3.647647225818658626e+03;-2.438607923702347058e-04;6.027889421404109774e-04
1.000000000000000000e+04;3.695010227834589841e+03;-1.469134905862499898e-04;6.384233169826990370e-04
1.000000000000000000e+04;3.696598324844268973e+03;-1.435609853647657353e-04;6.380111928197950300e-04
1.000000000000000000e+04;3.743961223578341105e+03;-4.279509406684505162e-05;6.471408760235278484e-04
1.000000000000000000e+04;3.745549358184997345e+03;-3.954339998960077819e-05;6.464232331747342148e-04
1.000000000000000000e+04;3.792912230461910895e+03;6.234621444013772776e-05;6.447818847012848657e-04
1.000000000000000000e+04;3.794500345725884927e+03;6.551106786330470092e-05;6.431293914922757600e-04
1.000000000000000000e+04;3.841863307782881748e+03;1.704025439394439686e-04;6.283362934151405553e-04
1.000000000000000000e+04;3.843451370792037778e+03;1.731580186051592677e-04;6.264232789139098471e-04
1.000000000000000000e+04;3.890814414158992804e+03;2.696927866340963816e-04;5.881460784210994783e-04
1.000000000000000000e+04;3.892402456049504508e+03;2.723231930934727311e-04;5.857244065040732731e-04
1.000000000000000000e+04;3.939765467390024696e+03;3.662427032419467393e-04;5.340951875767205965e-04
1.000000000000000000e+04;3.941353538671302431e+03;3.682071019598221568e-04;5.312124435919377951e-04
1.000000000000000000e+04;3.988716455613538983e+03;4.505451306260631382e-04;4.674776596978455555e-04
1.000000000000000000e+04;3.990304547583943531e+03;4.522564682952325628e-04;4.641781574157758218e-04
1.000000000000000000e+04;4.037667460834599297e+03;5.235487866303896063e-04;3.822533499052715197e-04
1.000000000000000000e+04;4.039255517831226825e+03;5.244847199079837865e-04;3.788794656970372911e-04
1.000000000000000000e+04;4.086618550351859994e+03;5.799619413457298128e-04;2.879857287330905694e-04
1.000000000000000000e+04;4.088206541244019718e+03;5.804812116007973099e-04;2.842466540250519324e-04
1.000000000000000000e+04;4.135569659155438785e+03;6.215971195452992155e-04;1.826277532565599216e-04
1.000000000000000000e+04;4.137157633906275805e+03;6.213292834572541968e-04;1.790232649953768214e-04
1.000000000000000000e+04;4.184520737438447213e+03;6.409226478554273321e-04;7.259106133258443430e-05
1.000000000000000000e+04;4.186108740503474110e+03;6.401534886289850061e-04;6.889028864930604897e-05
1.000000000000000000e+04;4.233471766644882337e+03;6.436171516880479469e-04;-4.291369064703699765e-05
1.000000000000000000e+04;4.235059816881666848e+03;6.420569372912090633e-04;-4.626731224767289744e-05
1.000000000000000000e+04;4.282422753179661413e+03;6.239257642446677677e-04;-1.568417335057093896e-04
1.000000000000000000e+04;4.284010838893954315e+03;6.219279365243220517e-04;-1.599752403595676702e-04
1.000000000000000000e+04;4.331373763900051927e+03;5.825523055705631717e-04;-2.676425813496660622e-04
1.000000000000000000e+04;4.332961812480156368e+03;5.798995854437748784e-04;-2.703630071633990242e-04
1.000000000000000000e+04;4.380324837681040663e+03;5.258707921082181064e-04;-3.681094765415132090e-04
1.000000000000000000e+04;4.381912835801490473e+03;5.227085112932676903e-04;-3.702690206339725055e-04
1.000000000000000000e+04;4.429275953859300898e+03;4.460177308600072211e-04;-4.615191193524955759e-04
1.000000000000000000e+04;4.430863939051761008e+03;4.426504794623187505e-04;-4.630883558258555512e-04
1.000000000000000000e+04;4.478227039254991723e+03;3.541451745599409292e-04;-5.345168115146768173e-04
1.000000000000000000e+04;4.479815071531517788e+03;3.502669951621206344e-04;-5.354652375242982413e-04
1.000000000000000000e+04;4.527178052572167871e+03;2.471623791259136495e-04;-5.925012640280141307e-04
1.000000000000000000e+04;4.528766161790055776e+03;2.433569955239647700e-04;-5.927165454313798251e-04
1.000000000000000000e+04;4.576129032933421513e+03;1.335277864724831239e-04;-6.283986501274420712e-04
1.000000000000000000e+04;4.577717180205976547e+03;1.295131442506585286e-04;-6.278586850797018620e-04
1.000000000000000000e+04;4.625080048748230183e+03;9.235196079936045915e-06;-6.409377462075958832e-04
1.000000000000000000e+04;4.626668190856735237e+03;5.626523389654331547e-06;-6.397803090800084982e-04
1.000000000000000000e+04;4.674031126878318901e+03;-1.095945978546014859e-04;-6.306170479850228393e-04
1.000000000000000000e+04;4.675619236537277175e+03;-1.133015956209962414e-04;-6.285967042382193185e-04
1.000000000000000000e+04;4.722982248049153895e+03;-2.308220281115514101e-04;-5.959475941687373147e-04
1.000000000000000000e+04;4.724570351596393266e+03;-2.336757816577886271e-04;-5.934976693026700490e-04
1.000000000000000000e+04;4.771933325109200268e+03;-3.402053485303458595e-04;-5.373671882481902227e-04
1.000000000000000000e+04;4.773521475046716660e+03;-3.429140676731333632e-04;-5.341565627290210819e-04
1.000000000000000000e+04;4.820884305193229011e+03;-4.403959235283333982e-04;-4.597844943877237673e-04
1.000000000000000000e+04;4.822472506122050618e+03;-4.420842208581417026e-04;-4.562251720700292762e-04
1.000000000000000000e+04;4.869835264256347727e+03;-5.201401143225623663e-04;-3.627539625198274598e-04
1.000000000000000000e+04;4.871423401397832095e+03;-5.214704142449084557e-04;-3.588452002908998025e-04
1.000000000000000000e+04;4.918786364448416862e+03;-5.825646133869595393e-04;-2.488444986964424496e-04
1.000000000000000000e+04;4.920374389689452073e+03;-5.826614974943336491e-04;-2.447726020246700587e-04
1.000000000000000000e+04;4.967737490476421044e+03;-6.216964432753406197e-04;-1.293249205864421705e-04
1.000000000000000000e+04;4.969325465852868547e+03;-6.213419584699500812e-04;-1.251081419873800466e-04
1.000000000000000000e+04;5.016688563221488948e+03;-6.327118717991429614e-04;-7.544444619688076519e-08
1.000000000000000000e+04;5.018276567708998300e+03;-6.312876868362225693e-04;3.792986907764764008e-06
1.000000000000000000e+04;5.065639563778046977e+03;-6.196848582753597574e-04;1.289948553928665703e-04
1.000000000000000000e+04;5.067227600680947035e+03;-6.175925974630607201e-04;1.326774358008086792e-04
1.000000000000000000e+04;5.114590570339520127e+03;-5.805032586174872430e-04;2.517761537361748285e-04
1.000000000000000000e+04;5.116178596013252900e+03;-5.775761642285452604e-04;2.549764582557332931e-04
1.000000000000000000e+04;5.163541637263794655e+03;-5.146743620952987444e-04;3.641285007964554328e-04
1.000000000000000000e+04;5.165129632104262782e+03;-5.113472071488007120e-04;3.666028892528325005e-04
1.000000000000000000e+04;5.212492728504766092e+03;-4.249393453144675501e-04;4.639261311046963569e-04
1.000000000000000000e+04;5.214080717299717435e+03;-4.209457850784125332e-04;4.656879935948750522e-04
1.000000000000000000e+04;5.261443787278467425e+03;-3.205657936595997150e-04;5.408879838692166615e-04
1.000000000000000000e+04;5.263031798495556359e+03;-3.163548232218174020e-04;5.417823214812755037e-04
1.000000000000000000e+04;5.310394810273225630e+03;-1.956946257069319597e-04;5.947929968143485322e-04
1.000000000000000000e+04;5.311982842822387283e+03;-1.914500342192280286e-04;5.948095465505348275e-04
1.000000000000000000e+04;5.359345834810180349e+03;-6.459009673438234850e-05;6.220293918941041536e-04
1.000000000000000000e+04;5.360933868595431704e+03;-6.027439341974016456e-05;6.210058334489369216e-04
1.000000000000000000e+04;5.408296885366633433e+03;7.026577587272098894e-05;6.227028512108783017e-04
1.000000000000000000e+04;5.409884909633963616e+03;7.417565727738560861e-05;6.208707411719283390e-04
1.000000000000000000e+04;5.457247951857237240e+03;2.034715619617893760e-04;5.900511753339765780e-04
1.000000000000000000e+04;5.458835975892835449e+03;2.070004962562642891e-04;5.873806583889728747e-04
1.000000000000000000e+04;5.506199009544136970e+03;3.260414790685761005e-04;5.328979752983622033e-04
1.000000000000000000e+04;5.507787049219347864e+03;3.288605717527219824e-04;5.294754519201733296e-04
1.000000000000000000e+04;5.555150050176574041e+03;4.351148634767699661e-04;4.482998895037970471e-04
1.000000000000000000e+04;5.556738108340759936e+03;4.372039443849202490e-04;4.442974246672425792e-04
1.000000000000000000e+04;5.604101093073269112e+03;5.212226552596981770e-04;3.428635007869966153e-04
1.000000000000000000e+04;5.605689160213705691e+03;5.223524897716542385e-04;3.385803094586465342e-04
1.000000000000000000e+04;5.653052156618061417e+03;5.832758892329432086e-04;2.151115990574315438e-04
1.000000000000000000e+04;5.654640235098583616e+03;5.835097928174854493e-04;2.106163989325677568e-04
1.000000000000000000e+04;5.702003211707276932e+03;6.152559055677069661e-04;8.450602703913484071e-05
1.000000000000000000e+04;5.703591325007048908e+03;6.143292422514800991e-04;7.997103715392540055e-05
1.000000000000000000e+04;5.750954232152231270e+03;6.187975459726771481e-04;-6.035091912230572029e-05
1.000000000000000000e+04;5.752542375699507829e+03;6.170693697487756885e-04;-6.438154762693295587e-05
1.000000000000000000e+04;5.799905236634766879e+03;5.843994182299119518e-04;-1.946592190789102534e-04
1.000000000000000000e+04;5.801493345500726718e+03;5.816563427459710929e-04;-1.984112613385417714e-04
1.000000000000000000e+04;5.848856325059817209e+03;5.277292146819773837e-04;-3.268156459445058313e-04
1.000000000000000000e+04;5.850444373249222735e+03;5.241655225710885541e-04;-3.296850984310741354e-04
1.000000000000000000e+04;5.897807417899147367e+03;4.363373160966818902e-04;-4.333662219466904346e-04
1.000000000000000000e+04;5.899395450077570786e+03;4.322884858585256855e-04;-4.355586309776745212e-04
1.000000000000000000e+04;5.946758462638875244e+03;3.239514342911042747e-04;-5.270997577274381431e-04
1.000000000000000000e+04;5.948346533907598314e+03;3.194257460834184874e-04;-5.280524836209072020e-04
1.000000000000000000e+04;5.995709464953489260e+03;1.938925567685514625e-04;-5.828754371647185475e-04
1.000000000000000000e+04;5.997297560756142047e+03;1.891685903615869296e-04;-5.830390175916139693e-04
1.000000000000000000e+04;6.044660493364462127e+03;5.300418581907041316e-05;-6.158032011986009106e-04
1.000000000000000000e+04;6.046248569516188581e+03;4.848524833403709133e-05;-6.146169078151795953e-04
1.000000000000000000e+04;6.093611573861038778e+03;-9.370597728022123747e-05;-6.054233509576306942e-04
1.000000000000000000e+04;6.095199651273967902e+03;-9.794369790014068034e-05;-6.034469619390129234e-04
1.000000000000000000e+04;6.142562638619603604e+03;-2.318923063916289006e-04;-5.706182243574854478e-04
1.000000000000000000e+04;6.144150761522480934e+03;-2.355482918308796406e-04;-5.674032902318243204e-04
1.000000000000000000e+04;6.191513638650218127e+03;-3.600734024033273276e-04;-4.954552324204215645e-04
1.000000000000000000e+04;6.193101793408055528e+03;-3.628267876542883756e-04;-4.917634687293390757e-04
1.000000000000000000e+04;6.240464677804388884e+03;-4.673803201564129782e-04;-3.952459626450306523e-04
1.000000000000000000e+04;6.242052767228798075e+03;-4.692375920137458129e-04;-3.907472204354913033e-04
1.000000000000000000e+04;6.289415759245384834e+03;-5.460932378087103231e-04;-2.715985100434094822e-04
1.000000000000000000e+04;6.291003791814497163e+03;-5.467818665415846713e-04;-2.668644015157913300e-04
1.000000000000000000e+04;6.338366848235988982e+03;-5.960704195934689959e-04;-1.306997743936512716e-04
1.000000000000000000e+04;6.339954873174240674e+03;-5.955777424051214488e-04;-1.259136228997229979e-04
1.000000000000000000e+04;6.387317893640572947e+03;-6.071349202831297087e-04;1.795724216772645861e-05
1.000000000000000000e+04;6.388905934710404836e+03;-6.055586079986751335e-04;2.250395716047928814e-05
1.000000000000000000e+04;6.436268930438209281e+03;-5.839253370396523760e-04;1.673503590701929875e-04
1.000000000000000000e+04;6.437856982126398179e+03;-5.811646980935357854e-04;1.714110815123983419e-04
1.000000000000000000e+04;6.485219972246404723e+03;-5.257473882494164688e-04;3.025528037371484906e-04
1.000000000000000000e+04;6.486808043469086442e+03;-5.221209447857317948e-04;3.058586713918033705e-04
1.000000000000000000e+04;6.534170998798877918e+03;-4.316958832652588994e-04;4.267609870510089476e-04
1.000000000000000000e+04;6.535759092090072954e+03;-4.273987457884152394e-04;4.289633181637246204e-04
1.000000000000000000e+04;6.583122043270839640e+03;-3.143723637457292207e-04;5.159597404901167857e-04
1.000000000000000000e+04;6.584710119814431891e+03;-3.094887388639564699e-04;5.172237500960594073e-04
1.000000000000000000e+04;6.632073129958619575e+03;-1.750618147693395175e-04;5.816561726518152103e-04
1.000000000000000000e+04;6.633661194027818055e+03;-1.701743349053194199e-04;5.814616898289363999e-04
1.000000000000000000e+04;6.681024194675458602e+03;-2.329902349430114131e-05;6.011338278057811770e-04
1.000000000000000000e+04;6.682612276910852415e+03;-1.853519906090931484e-05;5.999289550810091862e-04
1.000000000000000000e+04;6.729975205768031628e+03;1.297989375463964271e-04;5.910142262290633179e-04
1.000000000000000000e+04;6.731563299531543635e+03;1.341767226213672959e-04;5.884015479961959534e-04
1.000000000000000000e+04;6.778926230276676506e+03;2.715909357830662636e-04;5.341999224126492592e-04
1.000000000000000000e+04;6.780514280218861131e+03;2.750737797102775989e-04;5.308136489692451927e-04
1.000000000000000000e+04;6.827877340564376027e+03;4.048905228900183742e-04;4.473241228229183687e-04
1.000000000000000000e+04;6.829465333722078867e+03;4.073831341013979404e-04;4.429009525979200109e-04
1.000000000000000000e+04;6.876828422709073493e+03;5.003435767257866920e-04;3.277349578205929030e-04
1.000000000000000000e+04;6.878416439514790909e+03;5.018234349306988605e-04;3.229740864887840316e-04
1.000000000000000000e+04;6.925779423507311549e+03;5.706196059816198837e-04;1.865145327886572513e-04
1.000000000000000000e+04;6.927367501433352118e+03;5.705555176500108974e-04;1.814273249477168289e-04
1.000000000000000000e+04;6.974730431983358358e+03;5.997801842418301870e-04;3.221061119234731434e-05
1.000000000000000000e+04;6.976318503235192111e+03;5.985520740287149323e-04;2.730562567215618174e-05
1.000000000000000000e+04;7.023681498422421100e+03;5.865387102574427585e-04;-1.246687922217147224e-04
1.000000000000000000e+04;7.025269563793825910e+03;5.841680353105886897e-04;-1.291468166140139449e-04
1.000000000000000000e+04;7.072632614201594151e+03;5.315827728035174213e-04;-2.713905592662875120e-04
1.000000000000000000e+04;7.074220714626344488e+03;5.278955208063430523e-04;-2.750043010060533328e-04
1.000000000000000000e+04;7.121583699204762524e+03;4.441896093696740227e-04;-4.053320053630730512e-04
1.000000000000000000e+04;7.123171896307830139e+03;4.398346229245332487e-04;-4.079897965599793672e-04
1.000000000000000000e+04;7.170534701658091763e+03;3.183996903135688115e-04;-4.992834497660156605e-04
1.000000000000000000e+04;7.172123004947656227e+03;3.134882466080510959e-04;-5.006873677845251509e-04
1.000000000000000000e+04;7.219485628323686797e+03;1.722208730028017233e-04;-5.722570167403148158e-04
1.000000000000000000e+04;7.221073952944370831e+03;1.670374363700924652e-04;-5.721385488089532822e-04
1.000000000000000000e+04;7.268436683250972237e+03;1.675905970683652755e-05;-5.913055095078221949e-04
1.000000000000000000e+04;7.270024847684379893e+03;1.171585779326148968e-05;-5.900517845733685863e-04
1.000000000000000000e+04;7.317387799327342691e+03;-1.475251588217040737e-04;-5.754554402709299550e-04
1.000000000000000000e+04;7.318975831700770868e+03;-1.518281936030455796e-04;-5.727373266100553280e-04
1.000000000000000000e+04;7.366338921434069562e+03;-2.937308507719948135e-04;-5.114518799122014844e-04
1.000000000000000000e+04;7.367926920883581261e+03;-2.974912701307644248e-04;-5.076026778195527741e-04
1.000000000000000000e+04;7.415289945846066985e+03;-4.240044301967677096e-04;-4.176585406377606932e-04
1.000000000000000000e+04;7.416877984424484566e+03;-4.263052504124814190e-04;-4.130578700226991608e-04
1.000000000000000000e+04;7.464240924883543812e+03;-5.175072872045697551e-04;-2.799399799438149952e-04
1.000000000000000000e+04;7.465828975728889418e+03;-5.186988083152030199e-04;-2.748206485043483134e-04
1.000000000000000000e+04;7.513191972220777643e+03;-5.773097248995503507e-04;-1.331616881421380746e-04
1.000000000000000000e+04;7.514779994483785231e+03;-5.769023571656321531e-04;-1.278050153207241954e-04
1.000000000000000000e+04;7.562143085490744852e+03;-5.865937459494530853e-04;3.127083725908337032e-05
1.000000000000000000e+04;7.563731107213668110e+03;-5.848527770872426071e-04;3.623341742732279328e-05
1.000000000000000000e+04;7.611094169292439801e+03;-5.576171848297334930e-04;1.930188172323923684e-04
1.000000000000000000e+04;7.612682253576389485e+03;-5.544724363818463210e-04;1.972629414025594185e-04
1.000000000000000000e+04;7.660045177575782873e+03;-4.775286146846220085e-04;3.380597756544172520e-04
1.000000000000000000e+04;7.661633343513975888e+03;-4.733904358617305164e-04;3.414754902544952500e-04
1.000000000000000000e+04;7.708996160062420131e+03;-3.669690771138337947e-04;4.579929600418195901e-04
1.000000000000000000e+04;7.710584300883071592e+03;-3.619481579787457107e-04;4.599122812127141228e-04
1.000000000000000000e+04;7.757947226152731673e+03;-2.220831556803567434e-04;5.409538115752738317e-04
1.000000000000000000e+04;7.759535292653852594e+03;-2.167579725619669809e-04;5.415552144632589885e-04
1.000000000000000000e+04;7.806898333076415838e+03;-6.092329307972111551e-05;5.837568032340304490e-04
1.000000000000000000e+04;7.808486375589302952e+03;-5.566073965695874092e-05;5.826970508921219729e-04
1.000000000000000000e+04;7.855849389657182655e+03;1.042313337707849349e-04;5.733885811433590005e-04
1.000000000000000000e+04;7.857437497460037775e+03;1.091751032594325774e-04;5.710691355195123909e-04
1.000000000000000000e+04;7.904800313048291173e+03;2.628835935242165335e-04;5.226292154959597674e-04
1.000000000000000000e+04;7.906388470407499881e+03;2.667117239238497818e-04;5.188109760889137714e-04
1.000000000000000000e+04;7.953751357452245429e+03;3.986919382411099758e-04;4.229000442260251653e-04
1.000000000000000000e+04;7.955339408500196441e+03;4.015557838214405331e-04;4.182566942866621125e-04
1.000000000000000000e+04;8.002702487856451626e+03;5.032849376895037362e-04;2.940892676328958079e-04
1.000000000000000000e+04;8.004290451696716445e+03;5.044775571310317671e-04;2.887535434140147328e-04
1.000000000000000000e+04;8.051653630648954277e+03;5.625103895852618437e-04;1.319962467551342848e-04
1.000000000000000000e+04;8.053241601675513266e+03;5.623339086844691796e-04;1.266182262712405135e-04
1.000000000000000000e+04;8.100604652205303864e+03;5.792448926160121640e-04;-3.284631227485985738e-05
1.000000000000000000e+04;8.102192694305276746e+03;5.772704038367134803e-04;-3.812736298174231563e-05
1.000000000000000000e+04;8.149555589894366676e+03;5.415520239736260847e-04;-2.004425516132331752e-04
1.000000000000000000e+04;8.151143654772278751e+03;5.383748527461998173e-04;-2.048043782942461340e-04
1.000000000000000000e+04;8.198506614205480219e+03;4.618554310319896708e-04;-3.497755775064624964e-04
1.000000000000000000e+04;8.200094619104353114e+03;4.573443626835489283e-04;-3.530375489549313723e-04
1.000000000000000000e+04;8.247457753978418623e+03;3.370241117405611440e-04;-4.694519119209581955e-04
1.000000000000000000e+04;8.249045710371414316e+03;3.318561241085021775e-04;-4.713856514956300142e-04
1.000000000000000000e+04;8.296408864676341182e+03;1.884853769421096959e-04;-5.447196826620042233e-04
1.000000000000000000e+04;8.297996850323655963e+03;1.828710986673001107e-04;-5.449877112110831142e-04
1.000000000000000000e+04;8.345359869159074151e+03;1.759971372416791374e-05;-5.769894754544466209e-04
1.000000000000000000e+04;8.346947906644387331e+03;1.224891515898360841e-05;-5.755348017910667498e-04
1.000000000000000000e+04;8.394310852510527184e+03;-1.529673077538360609e-04;-5.555360564193103333e-04
1.000000000000000000e+04;8.395898892733574030e+03;-1.577050702779352271e-04;-5.526884937846829196e-04
1.000000000000000000e+04;8.443261901393290827e+03;-3.087342762537139307e-04;-4.814151555554895619e-04
1.000000000000000000e+04;8.444849908892743770e+03;-3.125464822366385599e-04;-4.772366643584579726e-04
1.000000000000000000e+04;8.492212993677996565e+03;-4.386084539969973845e-04;-3.686038801610601995e-04
1.000000000000000000e+04;8.493800986495401958e+03;-4.407197999467513702e-04;-3.634085542639979940e-04
1.000000000000000000e+04;8.541164068807031072e+03;-5.299829903311407920e-04;-2.189313996882095395e-04
1.000000000000000000e+04;8.542752082243490804e+03;-5.307543729734343985e-04;-2.133787366809105170e-04
1.000000000000000000e+04;8.590115105671044148e+03;-5.689005663034434881e-04;-4.877200094916947422e-05
1.000000000000000000e+04;8.591703157152218409e+03;-5.677707086356849559e-04;-4.330129745138226185e-05
1.000000000000000000e+04;8.639066106075470088e+03;-5.572600243424415426e-04;1.256857155059361297e-04
1.000000000000000000e+04;8.640654189177461376e+03;-5.546382005866130590e-04;1.307887427934520538e-04
1.000000000000000000e+04;8.688017139607040008e+03;-4.961538203910347737e-04;2.860164570626806116e-04
1.000000000000000000e+04;8.689605184937312515e+03;-4.919328735272548081e-04;2.898611880250108529e-04
1.000000000000000000e+04;8.736968212822901478e+03;-3.821046281867187069e-04;4.259285156540214409e-04
1.000000000000000000e+04;8.738556215493284981e+03;-3.772228174706935958e-04;4.285117711303183634e-04
1.000000000000000000e+04;8.785919304947146884e+03;-2.362266942211575815e-04;5.178210709238712829e-04
1.000000000000000000e+04;8.787507292649590454e+03;-2.303829779111001106e-04;5.186866854394100654e-04
1.000000000000000000e+04;8.834870366495133567e+03;-6.674204849106671789e-05;5.670437981866192695e-04
1.000000000000000000e+04;8.836458375306290691e+03;-6.122560981119346880e-05;5.661813395569684996e-04
1.000000000000000000e+04;8.883821379324039299e+03;1.113144704284348119e-04;5.569960022048962367e-04
1.000000000000000000e+04;8.885409411166665450e+03;1.164863309986715283e-04;5.543278825070955792e-04
1.000000000000000000e+04;8.932772393526105589e+03;2.781888907027293598e-04;4.969147927283254669e-04
1.000000000000000000e+04;8.934360415594552251e+03;2.822189011753200639e-04;4.930056358657564520e-04
1.000000000000000000e+04;8.981723459704033303e+03;4.157374828398751319e-04;3.825769223985648953e-04
1.000000000000000000e+04;8.983311453003951101e+03;4.184451985833547122e-04;3.773143441202755281e-04
1.000000000000000000e+04;9.030674550799378267e+03;5.163816719667721575e-04;2.394422045365525464e-04
1.000000000000000000e+04;9.032262538920096631e+03;5.172075249421557129e-04;2.338281104231639375e-04
1.000000000000000000e+04;9.079625603185837463e+03;5.623028269525105760e-04;6.032256670121469844e-05
1.000000000000000000e+04;9.081213615437232875e+03;5.614886591738795039e-04;5.458568133705175987e-05
1.000000000000000000e+04;9.128576615809335635e+03;5.533386188188364578e-04;-1.123574135766251716e-04
1.000000000000000000e+04;9.130164642836924031e+03;5.506451814050032124e-04;-1.175559711808328654e-04
1.000000000000000000e+04;9.177527647731056277e+03;4.880602138253732733e-04;-2.845042691893403999e-04
1.000000000000000000e+04;9.179115659302402491e+03;4.839416324089275195e-04;-2.885718016161068801e-04
1.000000000000000000e+04;9.226478722815791116e+03;3.733720717069288764e-04;-4.204269316261363188e-04
1.000000000000000000e+04;9.228066715956951157e+03;3.681456719795976238e-04;-4.229767921471494540e-04
1.000000000000000000e+04;9.275429797090115244e+03;2.185502937755369913e-04;-5.195306795019494260e-04
1.000000000000000000e+04;9.277017798505188694e+03;2.127783589972933741e-04;-5.203831993129771688e-04
1.000000000000000000e+04;9.324380831210159158e+03;4.397213662683243859e-05;-5.585277408359133004e-04
1.000000000000000000e+04;9.325968855582663309e+03;3.817398150033074619e-05;-5.573931081204256928e-04
1.000000000000000000e+04;9.373331848348385392e+03;-1.386267140662731897e-04;-5.478260193010872680e-04
1.000000000000000000e+04;9.374919878932229039e+03;-1.437081969961679002e-04;-5.449531119052184206e-04
1.000000000000000000e+04;9.422282897346589380e+03;-3.046230324769769594e-04;-4.709868220320450878e-04
1.000000000000000000e+04;9.423870915404646439e+03;-3.086195872315231135e-04;-4.666694481547405994e-04
1.000000000000000000e+04;9.471233981842055073e+03;-4.396437357390071314e-04;-3.513322720013158833e-04
1.000000000000000000e+04;9.472822001055727014e+03;-4.420210652389029455e-04;-3.458285540221099370e-04
1.000000000000000000e+04;9.520185051683247366e+03;-5.271391836878456779e-04;-1.913940449045291553e-04
1.000000000000000000e+04;9.521773107689828976e+03;-5.276341652521903194e-04;-1.855602690234383787e-04
1.000000000000000000e+04;9.569136063445814216e+03;-5.603237309752582369e-04;-8.668929933294725298e-06
1.000000000000000000e+04;9.570724166861447884e+03;-5.588929809051046069e-04;-2.901912341423721341e-06
1.000000000000000000e+04;9.618087044766754843e+03;-5.311469490229408803e-04;1.699934477695796444e-04
1.000000000000000000e+04;9.619675141463067121e+03;-5.279588876855528063e-04;1.750438133822704160e-04
1.000000000000000000e+04;9.667038119962462588e+03;-4.451014643119246758e-04;3.354666255222272533e-04
1.000000000000000000e+04;9.668626159409088359e+03;-4.404231445013430824e-04;3.390787333644500949e-04
1.000000000000000000e+04;9.715989220372073760e+03;-3.119519879202149629e-04;4.617666362696312850e-04
1.000000000000000000e+04;9.717577231885432411e+03;-3.062448186860243591e-04;4.637437003432786720e-04
1.000000000000000000e+04;9.764940301898879625e+03;-1.427736626505390514e-04;5.389300118476946649e-04
1.000000000000000000e+04;9.766528337764233584e+03;-1.368780317919867946e-04;5.389860072644638575e-04
1.000000000000000000e+04;9.813891329059055352e+03;4.194609045026065201e-05;5.529102650652427484e-04
1.000000000000000000e+04;9.815479414301666111e+03;4.770292594735730694e-05;5.509003283818286745e-04
1.000000000000000000e+04;9.862842346317351257e+03;2.217686319787896755e-04;5.123863107384860321e-04
1.000000000000000000e+04;9.864430466231262471e+03;2.264606336192029193e-04;5.086551959103488172e-04
1.000000000000000000e+04;9.911793380293102018e+03;3.757342991034667303e-04;4.057101220263047950e-04
1.000000000000000000e+04;9.913381535777536556e+03;3.790466413325487699e-04;4.006949210276627158e-04
1.000000000000000000e+04;9.960744427424382593e+03;4.909402509292596153e-04;2.595354189051022036e-04
1.000000000000000000e+04;9.962332619245124079e+03;4.922036444558993210e-04;2.535810289243088135e-04
1.000000000000000000e+04;1.000969549797679429e+04;5.473652325143276310e-04;8.096445460619069708e-05
1.000000000000000000e+04;1.001128372986309842e+04;5.468471412651107651e-04;7.497642110219785230e-05
1.000000000000000000e+04;1.005864659238596141e+04;5.420414590054467661e-04;-1.066543165558590529e-04
1.000000000000000000e+04;1.006023490280589613e+04;5.393300283467308614e-04;-1.121297490954409744e-04
1.000000000000000000e+04;1.010759763012543590e+04;4.754418841707784798e-04;-2.817337693611948637e-04
1.000000000000000000e+04;1.010918605224141538e+04;4.711523731843612526e-04;-2.860143152139921316e-04
1.000000000000000000e+04;1.015654855530074565e+04;3.536810010858987361e-04;-4.257894613606461780e-04
1.000000000000000000e+04;1.015813702018195363e+04;3.481360237214390675e-04;-4.284000250673627953e-04
1.000000000000000000e+04;1.020549960961178658e+04;1.888474832046068504e-04;-5.169248672702560308e-04
1.000000000000000000e+04;1.020708793090994368e+04;1.828352441404753671e-04;-5.175383150470527945e-04
1.000000000000000000e+04;1.025445073487809168e+04;2.372006993010740133e-06;-5.520667227603959486e-04
1.000000000000000000e+04;1.025603895298340831e+04;-3.609804915028779512e-06;-5.505492879721897177e-04
1.000000000000000000e+04;1.030340184478324045e+04;-1.822441126598252066e-04;-5.179467169755801745e-04
1.000000000000000000e+04;1.030499008595119267e+04;-1.873702237832785189e-04;-5.145398797959480639e-04
1.000000000000000000e+04;1.035235281765647051e+04;-3.497482310813340668e-04;-4.256846022044632289e-04
1.000000000000000000e+04;1.035394113696342174e+04;-3.532655538167677411e-04;-4.207635870970509841e-04
1.000000000000000000e+04;1.040130376554006216e+04;-4.729921586035606106e-04;-2.780358935236859120e-04
1.000000000000000000e+04;1.040289197121099278e+04;-4.748344079267770345e-04;-2.720977607660149161e-04
1.000000000000000000e+04;1.045025487822115065e+04;-5.398159312883071262e-04;-1.036008802418172047e-04
1.000000000000000000e+04;1.045184292370798539e+04;-5.393773161535371161e-04;-9.741692768770348796e-05
1.000000000000000000e+04;1.049920604777486187e+04;-5.406502364083294859e-04;9.070116107927304601e-05
1.000000000000000000e+04;1.050079402713341551e+04;-5.382284882623594420e-04;9.629915322406861313e-05
1.000000000000000000e+04;1.054815711810847279e+04;-4.787504406474601525e-04;2.697380283973527183e-04
1.000000000000000000e+04;1.054974515151636479e+04;-4.743743817403328752e-04;2.742886846010571863e-04
1.000000000000000000e+04;1.059710808249627553e+04;-3.540659466052537962e-04;4.161805934089410613e-04
1.000000000000000000e+04;1.059869616455331015e+04;-3.486492237841659235e-04;4.189036647365674778e-04
1.000000000000000000e+04;1.064605907328223111e+04;-1.871234466722869168e-04;5.136124414252242693e-04
1.000000000000000000e+04;1.064764713119221597e+04;-1.808397358911411495e-04;5.142495593258887077e-04
1.000000000000000000e+04;1.069501016701565641e+04;2.034133468920272072e-06;5.452808073102396926e-04
1.000000000000000000e+04;1.069659817533000933e+04;8.030956322102910706e-06;5.437433829663510833e-04
1.000000000000000000e+04;1.074396129399907113e+04;1.926609230346666734e-04;5.110704472906817857e-04
1.000000000000000000e+04;1.074554930535879794e+04;1.977880325937382121e-04;5.075351554613170358e-04
1.000000000000000000e+04;1.079291234909746345e+04;3.593634294206401276e-04;4.099546860838679122e-04
1.000000000000000000e+04;1.079450042513206972e+04;3.629490451650044377e-04;4.047891332878465970e-04
1.000000000000000000e+04;1.084186330661062129e+04;4.807752830628582181e-04;2.611734531034922953e-04
1.000000000000000000e+04;1.084345143807031127e+04;4.823285432405758624e-04;2.551398249443813989e-04
1.000000000000000000e+04;1.089081431771764619e+04;5.392032614350837942e-04;7.386743600850333873e-05
1.000000000000000000e+04;1.089240237974599950e+04;5.386336855349007149e-04;6.755828160983017407e-05
1.000000000000000000e+04;1.093976540133839808e+04;5.327397777828522937e-04;-1.166889187997661060e-04
1.000000000000000000e+04;1.094135339608645154e+04;5.297884531161073558e-04;-1.222779182433336731e-04
1.000000000000000000e+04;1.098871652150678710e+04;4.542129644905613180e-04;-2.999292684305678611e-04
1.000000000000000000e+04;1.099030449879608568e+04;4.497598721635205372e-04;-3.042159589271029659e-04
1.000000000000000000e+04;1.103766757352516106e+04;3.189123393351150459e-04;-4.375750065821322433e-04
1.000000000000000000e+04;1.103925558765510686e+04;3.129136999544733467e-04;-4.399809100666940138e-04
1.000000000000000000e+04;1.108661856970806002e+04;1.406415038340608139e-04;-5.227505842141917745e-04
1.000000000000000000e+04;1.108820660318396949e+04;1.344868815381320283e-04;-5.228914143038204633e-04
1.000000000000000000e+04;1.113556960584119042e+04;-5.389336976088459052e-05;-5.387975435379319328e-04
1.000000000000000000e+04;1.113715761875784847e+04;-6.007954710559887406e-05;-5.366242805022794753e-04
1.000000000000000000e+04;1.118452069347137694e+04;-2.435857715083276215e-04;-4.837888711912940423e-04
1.000000000000000000e+04;1.118610869903379535e+04;-2.482151819882669934e-04;-4.797512758579946450e-04
1.000000000000000000e+04;1.123347175338311354e+04;-4.001915915826601282e-04;-3.633632533435701456e-04
1.000000000000000000e+04;1.123505979272017976e+04;-4.034449169132888749e-04;-3.577432915557652551e-04
1.000000000000000000e+04;1.128242276996074543e+04;-5.031208341860433962e-04;-1.971486677757916300e-04
1.000000000000000000e+04;1.128401084717403864e+04;-5.038682092802774419e-04;-1.907830922067310533e-04
1.000000000000000000e+04;1.133137380679739181e+04;-5.389527495714118701e-04;-3.397065516332525128e-06
1.000000000000000000e+04;1.133296190056230989e+04;-5.376043296065303404e-04;2.755056888796080093e-06
1.000000000000000000e+04;1.138032487821175528e+04;-5.029806242861188789e-04;1.940915807527999039e-04
1.000000000000000000e+04;1.138191300233223046e+04;-4.992456827739219765e-04;1.994097023642795309e-04
1.000000000000000000e+04;1.142927592390876271e+04;-3.987897620053492071e-04;3.595463380286083896e-04
1.000000000000000000e+04;1.143086408965235205e+04;-3.936285969052390286e-04;3.631904374218017937e-04
1.000000000000000000e+04;1.147822694209282417e+04;-2.381413472539945029e-04;4.819540527454576739e-04
1.000000000000000000e+04;1.147981510516154776e+04;-2.318197387033544784e-04;4.833944150154380857e-04
1.000000000000000000e+04;1.152717800136335609e+04;-4.884455607081636185e-05;5.355657261305428463e-04
1.000000000000000000e+04;1.152876612326479881e+04;-4.243865640064877658e-05;5.346560541902530862e-04
1.000000000000000000e+04;1.157612907715720939e+04;1.504330505664737525e-04;5.163598450442724933e-04
1.000000000000000000e+04;1.157771718790302111e+04;1.559909379211303583e-04;5.132493852741417100e-04
1.000000000000000000e+04;1.162508012135609715e+04;3.289494255734489152e-04;4.255031807615261173e-04
1.000000000000000000e+04;1.162666825827291177e+04;3.330985096826627077e-04;4.203983072148599924e-04
1.000000000000000000e+04;1.167403112844967836e+04;4.599696193407115967e-04;2.770958890046385566e-04
1.000000000000000000e+04;1.167561927112142075e+04;4.619456894055738705e-04;2.710241676679753958e-04
1.000000000000000000e+04;1.172298219264415820e+04;5.285539878724315006e-04;8.672107042648420953e-05
1.000000000000000000e+04;1.172457029602405964e+04;5.281277550379110796e-04;8.018370288754276707e-05
1.000000000000000000e+04;1.177193327329116073e+04;5.238768108792319755e-04;-1.122608663717800890e-04
1.000000000000000000e+04;1.177352136158618305e+04;5.210815656520001275e-04;-1.181293434653036905e-04
1.000000000000000000e+04;1.182088432986307635e+04;4.430765243074206517e-04;-2.975279492900198683e-04
1.000000000000000000e+04;1.182247243681598047e+04;4.383902192607464767e-04;-3.019662785763258276e-04
1.000000000000000000e+04;1.186983534367983339e+04;3.014198546378254432e-04;-4.416999274865435546e-04
1.000000000000000000e+04;1.187142345087647118e+04;2.952470946223144876e-04;-4.440601011358464700e-04
1.000000000000000000e+04;1.191878639563255456e+04;1.175270096283338711e-04;-5.196935441506722207e-04
1.000000000000000000e+04;1.192037444357903223e+04;1.110699998140255601e-04;-5.197330007478157422e-04
1.000000000000000000e+04;1.196773746783766910e+04;-8.683644510514568681e-05;-5.263265087036503049e-04
1.000000000000000000e+04;1.196932547852398784e+04;-9.291414701968113638e-05;-5.237536311447417870e-04
1.000000000000000000e+04;1.201668852956494447e+04;-2.740319742099844857e-04;-4.566685164526830543e-04
1.000000000000000000e+04;1.201827654169617563e+04;-2.788041935081099899e-04;-4.521894695889138458e-04
1.000000000000000000e+04;1.206563955463610364e+04;-4.250553562754251524e-04;-3.189271299764032748e-04
1.000000000000000000e+04;1.206722757770849421e+04;-4.276505842900731524e-04;-3.129025061240865366e-04
1.000000000000000000e+04;1.211459058658276990e+04;-5.145950551892057058e-04;-1.374785803609311207e-04
1.000000000000000000e+04;1.211617859755665995e+04;-5.148768524418372190e-04;-1.308849557298975689e-04
1.000000000000000000e+04;1.216354165912798999e+04;-5.267370196041962997e-04;6.616159278943226573e-05
1.000000000000000000e+04;1.216512965180295396e+04;-5.245045243041531174e-04;7.233733473588105801e-05
1.000000000000000000e+04;1.221249273487843675e+04;-4.634810862172058089e-04;2.595741482070579461e-04
1.000000000000000000e+04;1.221408073489921480e+04;-4.590200436660380498e-04;2.644954774527477018e-04
1.000000000000000000e+04;1.226144376981077403e+04;-3.331861344113172183e-04;4.148307419266854907e-04
1.000000000000000000e+04;1.226303179379963149e+04;-3.272393433165180659e-04;4.177472708932798099e-04
1.000000000000000000e+04;1.231039478616998167e+04;-1.497689509015075117e-04;5.086005568638759773e-04
1.000000000000000000e+04;1.231198281763556952e+04;-1.432149691205960706e-04;5.089666713924285426e-04
1.000000000000000000e+04;1.235934583544526322e+04;5.302484021977166691e-05;5.287939457997278738e-04
1.000000000000000000e+04;1.236093385654298072e+04;5.938282938044362451e-05;5.267548316585749521e-04
1.000000000000000000e+04;1.240829691798977728e+04;2.481737003564650121e-04;4.650685212844324085e-04
1.000000000000000000e+04;1.240988494645889841e+04;2.531501557926006630e-04;4.607082480825564993e-04
1.000000000000000000e+04;1.245724797930603199e+04;4.089149092960610494e-04;3.385173201122574325e-04
1.000000000000000000e+04;1.245883605435915888e+04;4.118914272330682631e-04;3.325096635533486989e-04
1.000000000000000000e+04;1.250619898153141366e+04;5.052136799177878862e-04;1.549366539048485311e-04
1.000000000000000000e+04;1.250778711523057791e+04;5.057751436074074073e-04;1.483838550768115270e-04
1.000000000000000000e+04;1.255514998103985818e+04;5.261427135937648669e-04;-5.018236801984164681e-05
1.000000000000000000e+04;1.255673811106959874e+04;5.240069062529524938e-04;-5.658072308700633137e-05
1.000000000000000000e+04;1.260410105338854919e+04;4.677770288914195342e-04;-2.464242855909126511e-04
1.000000000000000000e+04;1.260568916325145256e+04;4.634845794985460016e-04;-2.515490527932120221e-04
1.000000000000000000e+04;1.265305216087157169e+04;3.362195543883680720e-04;-4.059068930643927684e-04
1.000000000000000000e+04;1.265464029328180550e+04;3.302135992016033109e-04;-4.088843500170891892e-04
1.000000000000000000e+04;1.270200321655467451e+04;1.541196860492282294e-04;-5.054024644937589504e-04
1.000000000000000000e+04;1.270359142365810658e+04;1.474633335177796855e-04;-5.058978766726130285e-04
1.000000000000000000e+04;1.275095417899402855e+04;-5.250032798315134853e-05;-5.228104432589003592e-04
1.000000000000000000e+04;1.275254242816892111e+04;-5.888397790602572688e-05;-5.207719346417724561e-04
1.000000000000000000e+04;1.279990521636138146e+04;-2.512190607994935947e-04;-4.612452308582637591e-04
1.000000000000000000e+04;1.280149335418288683e+04;-2.562619014884481589e-04;-4.567330207534076383e-04
1.000000000000000000e+04;1.284885631318480409e+04;-4.100838881704002873e-04;-3.292873595524525290e-04
1.000000000000000000e+04;1.285044435781754692e+04;-4.130906729419778212e-04;-3.232726099479557406e-04
1.000000000000000000e+04;1.289780742384543009e+04;-5.058555974329227278e-04;-1.427557762992319262e-04
1.000000000000000000e+04;1.289939545239867039e+04;-5.061986375480459531e-04;-1.359931823416563111e-04
1.000000000000000000e+04;1.294675845876365383e+04;-5.215692233237864857e-04;6.447254201867151115e-05
1.000000000000000000e+04;1.294834652935244594e+04;-5.193571467513066579e-04;7.081182919824618213e-05
1.000000000000000000e+04;1.299570945693453177e+04;-4.540150097001784276e-04;2.624770501503868284e-04
1.000000000000000000e+04;1.299729750065176086e+04;-4.494649381115296523e-04;2.675351429688410903e-04
1.000000000000000000e+04;1.304466052409681106e+04;-3.156968907993697279e-04;4.170902868008674580e-04
1.000000000000000000e+04;1.304624851936973209e+04;-3.094961505669342251e-04;4.199008292517058920e-04
1.000000000000000000e+04;1.309361163551104619e+04;-1.264666699841502631e-04;5.081578559110682238e-04
1.000000000000000000e+04;1.309519962790652789e+04;-1.197566310411827650e-04;5.083218191558461826e-04
1.000000000000000000e+04;1.314256266969178796e+04;8.501188625871752662e-05;5.163147282013963489e-04
1.000000000000000000e+04;1.314415072044669796e+04;9.137608511501356216e-05;5.138562073268333622e-04
1.000000000000000000e+04;1.319151362730656729e+04;2.794050229354824375e-04;4.400611977679725717e-04
1.000000000000000000e+04;1.319310171306087068e+04;2.842324024646609754e-04;4.353107630322796177e-04
1.000000000000000000e+04;1.324046464279348766e+04;4.325381096140004916e-04;2.952732479876156620e-04
1.000000000000000000e+04;1.324205270421976638e+04;4.351464576210837382e-04;2.889107722660811317e-04
1.000000000000000000e+04;1.328941576825504671e+04;5.128740311888476972e-04;1.013870497977986532e-04
1.000000000000000000e+04;1.329100383002567469e+04;5.127357780795185156e-04;9.456716114517324599e-05
1.000000000000000000e+04;1.333836687579972022e+04;5.118517707481824155e-04;-1.103106045446863441e-04
1.000000000000000000e+04;1.333995503423173068e+04;5.091035762303245315e-04;-1.164864564561393477e-04
1.000000000000000000e+04;1.338731783218471719e+04;4.245455227767514351e-04;-3.030274813727577192e-04
1.000000000000000000e+04;1.338890611382424322e+04;4.194887178365440915e-04;-3.077653662750702698e-04
1.000000000000000000e+04;1.343626871911168200e+04;2.708441048125896080e-04;-4.451391170185251271e-04
1.000000000000000000e+04;1.343785696150567674e+04;2.643740543979294661e-04;-4.472949056051075500e-04
1.000000000000000000e+04;1.348521985133535418e+04;6.880754044853032306e-05;-5.172384991478912565e-04
1.000000000000000000e+04;1.348680791899503492e+04;6.198654065542426523e-05;-5.168149873535092705e-04
1.000000000000000000e+04;1.353417104241961169e+04;-1.414603870607029782e-04;-4.994787790621052232e-04
1.000000000000000000e+04;1.353575900588531113e+04;-1.475625413136329232e-04;-4.962329955121632524e-04
1.000000000000000000e+04;1.358312217532839895e+04;-3.311736961435805338e-04;-4.026725621303345998e-04
1.000000000000000000e+04;1.358471016302178396e+04;-3.354601949566163787e-04;-3.973480820099649586e-04
1.000000000000000000e+04;1.363207316223754060e+04;-4.627042206664195786e-04;-2.361694713231911368e-04
1.000000000000000000e+04;1.363366121852043398e+04;-4.645908325037912409e-04;-2.294985180264680932e-04
1.000000000000000000e+04;1.368102410722796776e+04;-5.193112963174094680e-04;-2.957694316969794064e-05
1.000000000000000000e+04;1.368261216555604733e+04;-5.182049143213036469e-04;-2.281097539025046816e-05
1.000000000000000000e+04;1.372997515721821946e+04;-4.873591098131436930e-04;1.792554127724070654e-04
1.000000000000000000e+04;1.373156315194992203e+04;-4.838327144090027792e-04;1.852380491842094438e-04
1.000000000000000000e+04;1.377892629742957615e+04;-3.722916881335206147e-04;3.609325101939761570e-04
1.000000000000000000e+04;1.378051425644244409e+04;-3.664775269361983238e-04;3.646812729589618573e-04
1.000000000000000000e+04;1.382787739303900707e+04;-1.956594493350458607e-04;4.816639606568255314e-04
1.000000000000000000e+04;1.382946538763655553e+04;-1.889263632516521060e-04;4.830183148903887096e-04
1.000000000000000000e+04;1.387682839244235220e+04;1.536452575778619160e-05;5.179679276200476520e-04
1.000000000000000000e+04;1.387841643639326139e+04;2.219363852895419066e-05;5.163978499598161076e-04
1.000000000000000000e+04;1.392577938014517349e+04;2.239669329920234862e-04;4.673614877708624511e-04
1.000000000000000000e+04;1.392736742643178331e+04;2.294101032474677728e-04;4.631077203376206437e-04
1.000000000000000000e+04;1.397473043595017225e+04;3.944056255176390038e-04;3.397208605998493659e-04
1.000000000000000000e+04;1.397631845476125636e+04;3.979149231212086228e-04;3.336645894850716050e-04
1.000000000000000000e+04;1.402368153557536607e+04;4.953954175718115836e-04;1.466548621700672957e-04
1.000000000000000000e+04;1.402526955241599353e+04;4.959018733418400163e-04;1.397821706716844109e-04
1.000000000000000000e+04;1.407263260493717098e+04;5.140888131482152131e-04;-6.521163215984183080e-05
1.000000000000000000e+04;1.407422066067552441e+04;5.119178913419596307e-04;-7.189090698976151187e-05
1.000000000000000000e+04;1.412158361656187662e+04;4.406428423528080439e-04;-2.689001138808515571e-04
1.000000000000000000e+04;1.412317170869290385e+04;4.358415493574913720e-04;-2.739645749170054089e-04
1.000000000000000000e+04;1.417053461977225561e+04;2.923324341764071944e-04;-4.264837206072825200e-04
1.000000000000000000e+04;1.417212270151000303e+04;2.859280271727857948e-04;-4.291769613805744587e-04
1.000000000000000000e+04;1.421948567970915974e+04;9.227822038558644829e-05;-5.084682718348136491e-04
1.000000000000000000e+04;1.422107370583146439e+04;8.524445951043528938e-05;-5.083992730022049173e-04
1.000000000000000000e+04;1.426843677398556611e+04;-1.230751476334537983e-04;-5.007583349931202851e-04
1.000000000000000000e+04;1.427002476897434462e+04;-1.293965553370241613e-04;-4.977116640212552639e-04
1.000000000000000000e+04;1.431738784036628203e+04;-3.185392651681847806e-04;-4.078228721742788295e-04
1.000000000000000000e+04;1.431897584479888610e+04;-3.231032168016628172e-04;-4.024797075054577775e-04
1.000000000000000000e+04;1.436633886710963998e+04;-4.561568228794042525e-04;-2.398069343875400391e-04
1.000000000000000000e+04;1.436792688809585343e+04;-4.581416001817425381e-04;-2.331292620032561101e-04
1.000000000000000000e+04;1.441528989516854745e+04;-5.135228787679825156e-04;-2.971794577118283610e-05
1.000000000000000000e+04;1.441687791189796008e+04;-5.125239098927039053e-04;-2.270083448901683780e-05
1.000000000000000000e+04;1.446424095213260807e+04;-4.801391032023207450e-04;1.825954010020619555e-04
1.000000000000000000e+04;1.446582895561959776e+04;-4.763790716290807327e-04;1.885231748998829988e-04
1.000000000000000000e+04;1.451319201710955531e+04;-3.610354047966433640e-04;3.675965032041079213e-04
1.000000000000000000e+04;1.451478001977509484e+04;-3.551052765908751857e-04;3.714142023000590611e-04
1.000000000000000000e+04;1.456214306538097117e+04;-1.757259221397345283e-04;4.827791554665976240e-04
1.000000000000000000e+04;1.456373107710733348e+04;-1.688096927803437147e-04;4.838769053058394626e-04
1.000000000000000000e+04;1.461109410568380918e+04;3.875596628585364320e-05;5.125419042997705205e-04
1.000000000000000000e+04;1.461268212228255834e+04;4.564572624442350018e-05;5.106833503624879939e-04
1.000000000000000000e+04;1.466004515618065307e+04;2.481799517259227991e-04;4.493284463169666524e-04
1.000000000000000000e+04;1.466163317401773202e+04;2.535102248251854635e-04;4.446695831479454265e-04
1.000000000000000000e+04;1.470899621204117648e+04;4.123338871749078352e-04;3.075880232231212579e-04
1.000000000000000000e+04;1.471058423889788719e+04;4.154061202234639967e-04;3.012631654968192301e-04
1.000000000000000000e+04;1.475794725496135652e+04;5.018485039452698967e-04;1.040008706270881034e-04
1.000000000000000000e+04;1.475953529849490405e+04;5.018866035043343960e-04;9.693170824620621383e-05
1.000000000000000000e+04;1.480689828663122353e+04;4.989716834463431023e-04;-1.127366790376048986e-04
1.000000000000000000e+04;1.480848633734808209e+04;4.961338280344133357e-04;-1.192602371655452525e-04
1.000000000000000000e+04;1.485584933255362921e+04;4.074314260956135277e-04;-3.115657029140207475e-04
1.000000000000000000e+04;1.485743737358314138e+04;4.020382062151757019e-04;-3.162444038173402739e-04
1.000000000000000000e+04;1.490480040930077666e+04;2.377866128379707762e-04;-4.540346698059014138e-04
1.000000000000000000e+04;1.490638844634650195e+04;2.310313070880928063e-04;-4.560070265128837123e-04
1.000000000000000000e+04;1.495375147490058043e+04;2.800412602044155408e-05;-5.121788446754015241e-04
1.000000000000000000e+04;1.495533954196206469e+04;2.090098590942563903e-05;-5.112459657099148284e-04
1.000000000000000000e+04;1.500270249574527043e+04;-1.903594963999789814e-04;-4.745183235964811532e-04
1.000000000000000000e+04;1.500429058819090096e+04;-1.962601567861395129e-04;-4.706290371857388866e-04
1.000000000000000000e+04;1.505165350617310833e+04;-3.715825215562894432e-04;-3.514545134760470139e-04
1.000000000000000000e+04;1.505324157663703772e+04;-3.754315719851083295e-04;-3.453937172865758297e-04
1.000000000000000000e+04;1.510060457049851902e+04;-4.842416433832355234e-04;-1.620084625393652055e-04
1.000000000000000000e+04;1.510219258862274000e+04;-4.851202360073280642e-04;-1.549896478861569039e-04
1.000000000000000000e+04;1.514955566117034141e+04;-5.071954765788101597e-04;5.929166167182702831e-05
1.000000000000000000e+04;1.515114366379468629e+04;-5.049997576109766743e-04;6.612385900120972579e-05
1.000000000000000000e+04;1.519850672960423617e+04;-4.362212078157937990e-04;2.659509041340261514e-04
1.000000000000000000e+04;1.520009476179324338e+04;-4.314058620510453955e-04;2.712122308259538959e-04
1.000000000000000000e+04;1.524745774373635868e+04;-2.807480974916403468e-04;4.270298403963674531e-04
1.000000000000000000e+04;1.524904580234548121e+04;-2.741424040596288059e-04;4.297373548196552337e-04
1.000000000000000000e+04;1.529640878096069355e+04;-7.545904799262359835e-05;5.035250641466799395e-04
1.000000000000000000e+04;1.529799685360795775e+04;-6.826637701411507689e-05;5.032484675797222048e-04
1.000000000000000000e+04;1.534535984733591977e+04;1.445865157202940669e-04;4.885463187359689007e-04
1.000000000000000000e+04;1.534694795510071708e+04;1.509018471875802042e-04;4.851776677688079075e-04
1.000000000000000000e+04;1.539431089843588597e+04;3.398706145660364449e-04;3.786313765924862948e-04
1.000000000000000000e+04;1.539589907024812237e+04;3.441710344512243663e-04;3.729387024775010951e-04
1.000000000000000000e+04;1.544326189959115254e+04;4.666936880013598885e-04;1.985275643930800062e-04
1.000000000000000000e+04;1.544485012003611519e+04;4.682370242217301815e-04;1.915294550950078368e-04
1.000000000000000000e+04;1.549221293218134088e+04;5.074717559420563549e-04;-2.223231173576800101e-05
1.000000000000000000e+04;1.549380112915206337e+04;5.057728671906788938e-04;-2.923369693299011506e-05
1.000000000000000000e+04;1.554116402171980917e+04;4.499961515160468667e-04;-2.338279219867701159e-04
1.000000000000000000e+04;1.554275220092229938e+04;4.455524368471454723e-04;-2.395185700032969830e-04
1.000000000000000000e+04;1.559011511283713298e+04;3.070494348860409095e-04;-4.067712721632748261e-04
1.000000000000000000e+04;1.559170332635336672e+04;3.005790329245944573e-04;-4.098407169702145006e-04
1.000000000000000000e+04;1.563906612959950871e+04;1.036615345944855507e-04;-4.973967731736638658e-04
1.000000000000000000e+04;1.564065439761020571e+04;9.646237456414577137e-05;-4.976663053257636025e-04
1.000000000000000000e+04;1.568801712035178207e+04;-1.175387467556536362e-04;-4.928447619725953577e-04
1.000000000000000000e+04;1.568960537581211975e+04;-1.240872507910152536e-04;-4.897934595755764654e-04
1.000000000000000000e+04;1.573696818213851475e+04;-3.193116378044723422e-04;-3.949052666940178094e-04
1.000000000000000000e+04;1.573855635580736634e+04;-3.239934134861219284e-04;-3.894448170476323169e-04
1.000000000000000000e+04;1.578591929359619826e+04;-4.551128671906343268e-04;-2.190760408358539187e-04
1.000000000000000000e+04;1.578750743809552478e+04;-4.569571264347348834e-04;-2.120706663389414833e-04
1.000000000000000000e+04;1.583487034631943970e+04;-5.068636366115664973e-04;-3.289737644137568102e-07
1.000000000000000000e+04;1.583645852584574277e+04;-5.055036141832061668e-04;6.694625769514315882e-06
1.000000000000000000e+04;1.588382132567697226e+04;-4.568016722250290654e-04;2.177290618494248078e-04
1.000000000000000000e+04;1.588540950362458534e+04;-4.525554698348156855e-04;2.236742129887563655e-04
1.000000000000000000e+04;1.593277239386692418e+04;-3.188347569448035938e-04;3.921565418136855555e-04
1.000000000000000000e+04;1.593436047277957005e+04;-3.124861046564432910e-04;3.955014321177200581e-04
1.000000000000000000e+04;1.598172349574995133e+04;-1.178638863773219699e-04;4.934897500890932185e-04
1.000000000000000000e+04;1.598331152175139323e+04;-1.105740542590835700e-04;4.939042670401344506e-04
1.000000000000000000e+04;1.603067456904801656e+04;1.049247118311724165e-04;4.927888986277596329e-04
1.000000000000000000e+04;1.603226261412831445e+04;1.115531456663827178e-04;4.899537150858341910e-04
1.000000000000000000e+04;1.607962556451585988e+04;3.092534569028294834e-04;4.001877897703694188e-04
1.000000000000000000e+04;1.608121363102571559e+04;3.141092140917463088e-04;3.947865967220249802e-04
1.000000000000000000e+04;1.612857657274982557e+04;4.496770627830247078e-04;2.239105252123537132e-04
1.000000000000000000e+04;1.613016460547448332e+04;4.516386233804666329e-04;2.169177798307131714e-04
1.000000000000000000e+04;1.617752766070916732e+04;5.041415437803707178e-04;8.362167994507992662e-06
1.000000000000000000e+04;1.617911564475100749e+04;5.028965179632567759e-04;1.192313020065284016e-06
1.000000000000000000e+04;1.622647876360358532e+04;4.554449857921787884e-04;-2.141765452829957352e-04
1.000000000000000000e+04;1.622806675018903661e+04;4.512573868305722871e-04;-2.200436037726269270e-04
1.000000000000000000e+04;1.627542980493058167e+04;3.176321569853717344e-04;-3.889286993282468690e-04
1.000000000000000000e+04;1.627701782729970546e+04;3.111934141881059863e-04;-3.924701108567067503e-04
1.000000000000000000e+04;1.632438081351773872e+04;1.175745987479026811e-04;-4.900317260503742663e-04
1.000000000000000000e+04;1.632596885243064753e+04;1.102954384402608361e-04;-4.903661130866950654e-04
1.000000000000000000e+04;1.637333186195127018e+04;-1.084855113376010342e-04;-4.896927774213608075e-04
1.000000000000000000e+04;1.637491989303473019e+04;-1.151477960099626707e-04;-4.868637421304083186e-04
1.000000000000000000e+04;1.642228295319538665e+04;-3.123826783977451979e-04;-3.947987376644124333e-04
1.000000000000000000e+04;1.642387099431228489e+04;-3.172161913845468213e-04;-3.892693518219702956e-04
1.000000000000000000e+04;1.647123402681640073e+04;-4.501574844999229491e-04;-2.161942599132707398e-04
1.000000000000000000e+04;1.647282211784431274e+04;-4.521431289126727027e-04;-2.092509983882296374e-04
1.000000000000000000e+04;1.652018504402972030e+04;-5.013441326707094095e-04;2.414835076845609001e-06
1.000000000000000000e+04;1.652177320336775301e+04;-4.998551795003336549e-04;9.714224163109355106e-06
1.000000000000000000e+04;1.656913606540778710e+04;-4.506056219791864433e-04;2.216338088703163455e-04
1.000000000000000000e+04;1.657072422586754692e+04;-4.463412424034067017e-04;2.273975710313375900e-04
1.000000000000000000e+04;1.661808712591713265e+04;-3.048287843312590551e-04;3.975027347080669444e-04
1.000000000000000000e+04;1.661967527863008218e+04;-2.983178700327255347e-04;4.008925824911541841e-04
1.000000000000000000e+04;1.666703821485248409e+04;-1.012816083132790976e-04;4.903208677630621799e-04
1.000000000000000000e+04;1.666862639568590021e+04;-9.393302292769294397e-05;4.904852321265804668e-04
1.000000000000000000e+04;1.671598924553833058e+04;1.236908815274934202e-04;4.844635377678572358e-04
1.000000000000000000e+04;1.671757749751898154e+04;1.303499777859921287e-04;4.814234827337921505e-04
1.000000000000000000e+04;1.676494020058555179e+04;3.254443108152100324e-04;3.800106591200575401e-04
1.000000000000000000e+04;1.676652847400120299e+04;3.300062226307864032e-04;3.742435337727276386e-04
1.000000000000000000e+04;1.681389120033057407e+04;4.597194454979832107e-04;1.988220802363452929e-04
1.000000000000000000e+04;1.681547936946909613e+04;4.614074477029489279e-04;1.917698234454736186e-04
1.000000000000000000e+04;1.686284234547234882e+04;4.983082925023075722e-04;-2.708441947902791256e-05
1.000000000000000000e+04;1.686443036855732862e+04;4.966369570687463640e-04;-3.424989254273044895e-05
1.000000000000000000e+04;1.691179347961509848e+04;4.366458678541418944e-04;-2.410961224214387601e-04
1.000000000000000000e+04;1.691338147736291648e+04;4.319550779568111253e-04;-2.468106324086002360e-04
1.000000000000000000e+04;1.696074449590674703e+04;2.850846514608174303e-04;-4.107897392324543840e-04
1.000000000000000000e+04;1.696233254301874331e+04;2.783941837959897172e-04;-4.137611722588349747e-04
1.000000000000000000e+04;1.700969544689967370e+04;7.357116908044207505e-05;-4.933424170436946296e-04
1.000000000000000000e+04;1.701128350301167302e+04;6.623554248507025751e-05;-4.931003475302542542e-04
1.000000000000000000e+04;1.705864648833393585e+04;-1.529723656193753500e-04;-4.748172648435921976e-04
1.000000000000000000e+04;1.706023448637654292e+04;-1.594151206222443071e-04;-4.713842819134929688e-04
1.000000000000000000e+04;1.710759762287485864e+04;-3.465468805668621964e-04;-3.552308966695481266e-04
1.000000000000000000e+04;1.710918558477531042e+04;-3.508933144241966565e-04;-3.492330412917240634e-04
1.000000000000000000e+04;1.715654871621364873e+04;-4.686102461618025855e-04;-1.675063483870149750e-04
1.000000000000000000e+04;1.715813671068808253e+04;-4.696900178877605925e-04;-1.601829596780280772e-04
1.000000000000000000e+04;1.720549971991508573e+04;-4.951764415816125881e-04;6.128758489171870103e-05
1.000000000000000000e+04;1.720708775833167965e+04;-4.930097047763765637e-04;6.821479997888082200e-05
1.000000000000000000e+04;1.725445071767048285e+04;-4.150520627537171632e-04;2.733255651119626938e-04
1.000000000000000000e+04;1.725603875829440949e+04;-4.099772431399444387e-04;2.787277692366977124e-04
1.000000000000000000e+04;1.730340176884379980e+04;-2.506933950568865843e-04;4.292480607222738556e-04
1.000000000000000000e+04;1.730498979160424278e+04;-2.437466420953678765e-04;4.317336544864205255e-04
1.000000000000000000e+04;1.735235284733106528e+04;-3.333152547365279356e-05;4.949551463665031667e-04
1.000000000000000000e+04;1.735394087009549185e+04;-2.598395815017056509e-05;4.941155930349595132e-04
1.000000000000000000e+04;1.740130390863712091e+04;1.910564496336166298e-04;4.581291648352377893e-04
1.000000000000000000e+04;1.740289197030468495e+04;1.972044846518763073e-04;4.540963694649461290e-04
1.000000000000000000e+04;1.745025495223325197e+04;3.756153461923366125e-04;3.223195303899795507e-04
1.000000000000000000e+04;1.745184307568981603e+04;3.793623519003778196e-04;3.159884939540503622e-04
1.000000000000000000e+04;1.749920596475573257e+04;4.798659536971224145e-04;1.216874954910181179e-04
1.000000000000000000e+04;1.750079416696062617e+04;4.803625690906297837e-04;1.142889946204326873e-04
1.000000000000000000e+04;1.754815694517407246e+04;4.838423453762088675e-04;-1.074921518284882246e-04
1.000000000000000000e+04;1.754974516181865692e+04;4.809595473479589363e-04;-1.142644145557440645e-04
1.000000000000000000e+04;1.759710802090692232e+04;3.841191642853161855e-04;-3.115259721391057022e-04
1.000000000000000000e+04;1.759869616501848213e+04;3.785560148948761299e-04;-3.163961665791777361e-04
1.000000000000000000e+04;1.764605912650809842e+04;2.042717899530135754e-04;-4.499301926737636864e-04
1.000000000000000000e+04;1.764764723327778120e+04;1.970252175546468015e-04;-4.517109799839823334e-04
1.000000000000000000e+04;1.769501021320178188e+04;-1.941655644126730540e-05;-4.945596910270772407e-04
1.000000000000000000e+04;1.769659833843905290e+04;-2.657023594230562165e-05;-4.929128970284115925e-04
1.000000000000000000e+04;1.774396123093835195e+04;-2.404827947234616868e-04;-4.309530579845083408e-04
1.000000000000000000e+04;1.774554939214361366e+04;-2.462247976031012070e-04;-4.263836009008025460e-04
1.000000000000000000e+04;1.779291223921229175e+04;-4.073382402751834662e-04;-2.759986811588662999e-04
1.000000000000000000e+04;1.779450039233153802e+04;-4.103627447636545010e-04;-2.691685439727555342e-04
1.000000000000000000e+04;1.784186330444673149e+04;-4.894670214263797080e-04;-6.481615835691000699e-05
1.000000000000000000e+04;1.784345142166561345e+04;-4.890933431327198436e-04;-5.742857290387002803e-05
1.000000000000000000e+04;1.789081437492494661e+04;-4.663226041818532277e-04;1.639658157426457613e-04
1.000000000000000000e+04;1.789240249968741773e+04;-4.626531818940394255e-04;1.703381412114973509e-04
1.000000000000000000e+04;1.793976541028412976e+04;-3.424298817257242773e-04;3.579453395399114076e-04
1.000000000000000000e+04;1.794135355480796352e+04;-3.363045020529885354e-04;3.620815583836999463e-04
1.000000000000000000e+04;1.798871645590065964e+04;-1.452140278601672533e-04;4.697170703151220270e-04
1.000000000000000000e+04;1.799030458079246819e+04;-1.378502446186536106e-04;4.707044188420305146e-04
1.000000000000000000e+04;1.803766752332778560e+04;8.227548742144004997e-05;4.872497462760428440e-04
1.000000000000000000e+04;1.803925563952388620e+04;8.926499041902309867e-05;4.845958194014528763e-04
1.000000000000000000e+04;1.808661857970798155e+04;2.936984740712234726e-04;3.962692936432659361e-04
1.000000000000000000e+04;1.808820672154910790e+04;2.987160895234607788e-04;3.909892574868980750e-04
1.000000000000000000e+04;1.813556956168652687e+04;4.399627878951677964e-04;2.193465848938832283e-04
1.000000000000000000e+04;1.813715771163008685e+04;4.421062862897485795e-04;2.122498318986930463e-04
1.000000000000000000e+04;1.818452063289888611e+04;4.919228368216251208e-04;-4.074716418938647373e-06
1.000000000000000000e+04;1.818610869368823478e+04;4.904979946083840459e-04;-1.138364173834801126e-05
1.000000000000000000e+04;1.823347174707619342e+04;4.372091986592766184e-04;-2.247425444617744638e-04
1.000000000000000000e+04;1.823505974923453323e+04;4.327717211399473795e-04;-2.306045943246676623e-04
1.000000000000000000e+04;1.828242283700922781e+04;2.859881651078894781e-04;-4.007044764534002158e-04
1.000000000000000000e+04;1.828401085427816361e+04;2.792547313729729194e-04;-4.038781100188849915e-04
1.000000000000000000e+04;1.833137382625735700e+04;7.499235090941548762e-05;-4.852606110944825244e-04
1.000000000000000000e+04;1.833296189744078220e+04;6.761329655345208768e-05;-4.851107887092134677e-04
1.000000000000000000e+04;1.838032481328012364e+04;-1.543269096466673028e-04;-4.675339539124287675e-04
1.000000000000000000e+04;1.838191286292606310e+04;-1.608672301115458153e-04;-4.639851575424834909e-04
1.000000000000000000e+04;1.842927588230951369e+04;-3.492258325900866010e-04;-3.453643377610504878e-04
1.000000000000000000e+04;1.843086389343526753e+04;-3.534015025899145510e-04;-3.392995427552399404e-04
1.000000000000000000e+04;1.847822701230480016e+04;-4.672509887294627783e-04;-1.494358863617384901e-04
1.000000000000000000e+04;1.847981502894265577e+04;-4.682842531027747593e-04;-1.420532735452186522e-04
1.000000000000000000e+04;1.852717810235276193e+04;-4.830579288343200654e-04;7.850819009141594366e-05
1.000000000000000000e+04;1.852876619758351808e+04;-4.805428920685816908e-04;8.550366280465133051e-05
1.000000000000000000e+04;1.857612911375372278e+04;-3.937764119995976111e-04;2.910151889840564225e-04
1.000000000000000000e+04;1.857771731027935311e+04;-3.884251776584684711e-04;2.960692933391992723e-04
1.000000000000000000e+04;1.862508007367293976e+04;-2.159327585894338960e-04;4.374910053382015363e-04
1.000000000000000000e+04;1.862666835040426304e+04;-2.088227289664859165e-04;4.396240946607708170e-04
1.000000000000000000e+04;1.867403109311801381e+04;6.751002914634749143e-06;4.877009321147366154e-04
1.000000000000000000e+04;1.867561933740921813e+04;1.406129267457572983e-05;4.863161443470752376e-04
1.000000000000000000e+04;1.872298215764723136e+04;2.301431328693330578e-04;4.309663758230885449e-04
1.000000000000000000e+04;1.872457035203370469e+04;2.359497756817641547e-04;4.263495836090499961e-04
1.000000000000000000e+04;1.877193326321429049e+04;4.015816567886870518e-04;2.795202072876129713e-04
1.000000000000000000e+04;1.877352144597233564e+04;4.047554990507107190e-04;2.728473904119034336e-04
1.000000000000000000e+04;1.882088430824214811e+04;4.834380336562068788e-04;6.369479765152999493e-05
1.000000000000000000e+04;1.882247254482523931e+04;4.831416721575003143e-04;5.624504587440375049e-05
1.000000000000000000e+04;1.886983523343729757e+04;4.600097456672117805e-04;-1.624551712540575545e-04
1.000000000000000000e+04;1.887142349360460503e+04;4.563363335993856403e-04;-1.689095385467586394e-04
1.000000000000000000e+04;1.891878630761349268e+04;3.339310835778289957e-04;-3.562704069607483060e-04
1.000000000000000000e+04;1.892037443133521447e+04;3.277744507510234437e-04;-3.603655359168978509e-04
1.000000000000000000e+04;1.896773744725532742e+04;1.320883543241058492e-04;-4.672029214587779906e-04
1.000000000000000000e+04;1.896932547047477419e+04;1.247200429494313499e-04;-4.679918677836963133e-04
1.000000000000000000e+04;1.901668855512922528e+04;-9.557774566576677285e-05;-4.774946440551431129e-04
1.000000000000000000e+04;1.901827657307219488e+04;-1.025409549750347236e-04;-4.748058087632374977e-04
1.000000000000000000e+04;1.906563953937031329e+04;-3.045836496863397547e-04;-3.801329498770406696e-04
1.000000000000000000e+04;1.906722760051907972e+04;-3.094427910698228164e-04;-3.745727851789245819e-04
1.000000000000000000e+04;1.911459055897066355e+04;-4.457162614857573899e-04;-1.966296733323135207e-04
1.000000000000000000e+04;1.911617857485683999e+04;-4.475342435078762181e-04;-1.895053498034879563e-04
1.000000000000000000e+04;1.916354166119436195e+04;-4.849384250534432596e-04;2.832808522421612941e-05
1.000000000000000000e+04;1.916512963467440568e+04;-4.833305268482787306e-04;3.566622465522862451e-05
1.000000000000000000e+04;1.921249276751087746e+04;-4.182397527669021891e-04;2.464552440529306130e-04
1.000000000000000000e+04;1.921408075932691645e+04;-4.133303610311512112e-04;2.520576086538870320e-04
1.000000000000000000e+04;1.926144377381794038e+04;-2.579506480003591093e-04;4.129944149040599174e-04
1.000000000000000000e+04;1.926303181396238142e+04;-2.511557497354204244e-04;4.157546471242020477e-04
1.000000000000000000e+04;1.931039475426560966e+04;-3.791559250219610178e-05;4.835144762905690973e-04
1.000000000000000000e+04;1.931198278860394566e+04;-3.052412226357676642e-05;4.829568120567361879e-04
1.000000000000000000e+04;1.935934582534463334e+04;1.877679572010190019e-04;4.440406822555360128e-04
1.000000000000000000e+04;1.936093381193562163e+04;1.940388506419981663e-04;4.400164494293005209e-04
1.000000000000000000e+04;1.940829694319832197e+04;3.712996711148889325e-04;3.108721348446748830e-04
1.000000000000000000e+04;1.940988492209589458e+04;3.750065664101103770e-04;3.043860486066957854e-04
1.000000000000000000e+04;1.945724799039321442e+04;4.738804726818065475e-04;1.018782299035862429e-04
1.000000000000000000e+04;1.945883601018404079e+04;4.741616763732470858e-04;9.455260404771939436e-05
1.000000000000000000e+04;1.950619897666419274e+04;4.648617708845430557e-04;-1.280927342868607864e-04
1.000000000000000000e+04;1.950778701386637113e+04;4.618368452228072997e-04;-1.348441201532590719e-04
1.000000000000000000e+04;1.955515001114432744e+04;3.549077812999360524e-04;-3.274734851333966170e-04
1.000000000000000000e+04;1.955673801462668416e+04;3.489597394876787508e-04;-3.320895020176086745e-04
1.000000000000000000e+04;1.960410111881258854e+04;1.632339736863318801e-04;-4.538277927194012064e-04
1.000000000000000000e+04;1.960568909532591351e+04;1.559626630960586342e-04;-4.550751392727713646e-04
1.000000000000000000e+04;1.965305220677576290e+04;-6.517757317615922115e-05;-4.794657957452110346e-04
1.000000000000000000e+04;1.965464020981478097e+04;-7.223671843676632710e-05;-4.772911388452142647e-04
1.000000000000000000e+04;1.970200321429763790e+04;-2.792296327217739875e-04;-3.928699709314525967e-04
1.000000000000000000e+04;1.970359126201861000e+04;-2.845368804533983951e-04;-3.876843158719924724e-04
1.000000000000000000e+04;1.975095420396117697e+04;-4.266863134654241504e-04;-2.203953215807310313e-04
1.000000000000000000e+04;1.975254225564180524e+04;-4.289339275152001096e-04;-2.132825852207352298e-04
1.000000000000000000e+04;1.979990526709772530e+04;-4.825225572014910959e-04;2.470582614130376096e-06
1.000000000000000000e+04;1.980149329149675759e+04;-4.812206460792163077e-04;9.776874090249022787e-06
1.000000000000000000e+04;1.984885639153948796e+04;-4.236766981989894014e-04;2.251748740230504907e-04
1.000000000000000000e+04;1.985044442712687305e+04;-4.192276421171488299e-04;2.310620880265080166e-04
1.000000000000000000e+04;1.989780747234312003e+04;-2.712288058141576821e-04;3.958038104600460983e-04
1.000000000000000000e+04;1.989939559231629028e+04;-2.644713546084699845e-04;3.989596748049340446e-04
1.000000000000000000e+04;1.994675844145805968e+04;-5.760213765429296148e-05;4.756805276237676739e-04
1.000000000000000000e+04;1.994834666294026101e+04;-5.018346147540966748e-05;4.753904162087193045e-04
1.000000000000000000e+04;1.999570937092307577e+04;1.704288341173029536e-04;4.475453652853746871e-04
1.000000000000000000e+04;1.999729755341761484e+04;1.768221349567969673e-04;4.437662821996444639e-04
1.000000000000000000e+04;2.004466047806224014e+04;3.579412274697151767e-04;3.175906496237747225e-04
1.000000000000000000e+04;2.004624854884346496e+04;3.619234220667942180e-04;3.113645367102559460e-04
1.000000000000000000e+04;2.009361162978903667e+04;4.639717147004618239e-04;1.139766258748978959e-04
1.000000000000000000e+04;2.009519965354185842e+04;4.645753061241634564e-04;1.065581542035829593e-04
1.000000000000000000e+04;2.014256270375811073e+04;4.631804678672599021e-04;-1.145444222804123586e-04
1.000000000000000000e+04;2.014415077489638134e+04;4.602468987497897982e-04;-1.213658988484666597e-04
1.000000000000000000e+04;2.019151366092122043e+04;3.581520228392889274e-04;-3.167551415546362840e-04
1.000000000000000000e+04;2.019310176033225434e+04;3.524715523914035949e-04;-3.214963879613445819e-04
1.000000000000000000e+04;2.024046466556860469e+04;1.669744976786786137e-04;-4.463277131559563785e-04
1.000000000000000000e+04;2.024205270101323913e+04;1.596576805343104157e-04;-4.477816679152650482e-04
1.000000000000000000e+04;2.028941579616923991e+04;-5.528201340714209263e-05;-4.743280872474727448e-04
1.000000000000000000e+04;2.029100376517450422e+04;-6.240672325810416249e-05;-4.723333901620750848e-04
1.000000000000000000e+04;2.033836690862097385e+04;-2.733897391998285392e-04;-3.915731957840464048e-04
1.000000000000000000e+04;2.033995491506841790e+04;-2.786874266153209880e-04;-3.864269827222564790e-04
1.000000000000000000e+04;2.038731787624275239e+04;-4.210904750034743203e-04;-2.207245032785996723e-04
1.000000000000000000e+04;2.038890596165898751e+04;-4.234968383288537498e-04;-2.137231352980110217e-04
1.000000000000000000e+04;2.043626885095046600e+04;-4.768279142849982761e-04;2.064177646927939082e-06
1.000000000000000000e+04;2.043785688693368866e+04;-4.756396829896615487e-04;9.404489889901177386e-06
1.000000000000000000e+04;2.048521995061528287e+04;-4.191815870398604856e-04;2.224220116103202416e-04
1.000000000000000000e+04;2.048680791545383545e+04;-4.146774080824390573e-04;2.283196333063501453e-04
1.000000000000000000e+04;2.053417110600662272e+04;-2.708384815350398946e-04;3.948623731053744514e-04
1.000000000000000000e+04;2.053575906876577574e+04;-2.641529236029214935e-04;3.980189401115868139e-04
1.000000000000000000e+04;2.058312214315833990e+04;-5.189686619895730716e-05;4.718511775804444010e-04
1.000000000000000000e+04;2.058471017689752625e+04;-4.457907859305914531e-05;4.715522642969423241e-04
1.000000000000000000e+04;2.063207308451964127e+04;1.704004327972866108e-04;4.436506253832662463e-04
1.000000000000000000e+04;2.063366114942898639e+04;1.769134762895194397e-04;4.399216193822902128e-04
1.000000000000000000e+04;2.068102409955054827e+04;3.578762726679247789e-04;3.106515136026489132e-04
1.000000000000000000e+04;2.068261211455890589e+04;3.616907391649083867e-04;3.043347086215868278e-04
1.000000000000000000e+04;2.072997522725074668e+04;4.610656692617821472e-04;1.090280031382364972e-04
1.000000000000000000e+04;2.073156319929082019e+04;4.616196117833009120e-04;1.016965216987184153e-04
1.000000000000000000e+04;2.077892633695618133e+04;4.580856228756013059e-04;-1.226219070706867137e-04
1.000000000000000000e+04;2.078051434465762577e+04;4.550751007327859796e-04;-1.293965985640203626e-04
1.000000000000000000e+04;2.082787734169489340e+04;3.470405684781791467e-04;-3.187858271224529717e-04
1.000000000000000000e+04;2.082946542841055270e+04;3.413283753589009799e-04;-3.234080698183868755e-04
1.000000000000000000e+04;2.087682833868014495e+04;1.576863079658123918e-04;-4.472454842255665225e-04
1.000000000000000000e+04;2.087841642899666840e+04;1.503041110035166841e-04;-4.485550298752244230e-04
1.000000000000000000e+04;2.092577939686662285e+04;-6.792470953973178769e-05;-4.678854744816393326e-04
1.000000000000000000e+04;2.092736748190424623e+04;-7.489326171921627522e-05;-4.656933841343161408e-04
1.000000000000000000e+04;2.097473050952034100e+04;-2.798205698287809635e-04;-3.816118255897038764e-04
1.000000000000000000e+04;2.097631861591816414e+04;-2.850732288241709282e-04;-3.763888410858294174e-04
1.000000000000000000e+04;2.102368158152719479e+04;-4.236647177583666591e-04;-2.062826745615529251e-04
1.000000000000000000e+04;2.102526975569262504e+04;-4.257956272098898450e-04;-1.991603208434630551e-04
1.000000000000000000e+04;2.107263256041278873e+04;-4.709932888752798794e-04;1.577400632293061132e-05
1.000000000000000000e+04;2.107422078512025837e+04;-4.696291402664579530e-04;2.297718359740158478e-05
1.000000000000000000e+04;2.112158352276030928e+04;-4.064299962854847018e-04;2.355984675608722111e-04
1.000000000000000000e+04;2.112317167600794710e+04;-4.017630809048114643e-04;2.413729439906111358e-04
1.000000000000000000e+04;2.117053462963915081e+04;-2.505275064866600756e-04;3.983588973986736787e-04
1.000000000000000000e+04;2.117212264134086217e+04;-2.437618195423659634e-04;4.012807493463186725e-04
1.000000000000000000e+04;2.121948575834365693e+04;-3.247708100423223315e-05;4.682455620799460096e-04
1.000000000000000000e+04;2.122107375543471062e+04;-2.513327159125881892e-05;4.676006110998021451e-04
1.000000000000000000e+04;2.126843681474700861e+04;1.891101935170565564e-04;4.316629025616175409e-04
1.000000000000000000e+04;2.127002485707407686e+04;1.953633551803321598e-04;4.276825431645837612e-04
1.000000000000000000e+04;2.131738777901289359e+04;3.691724782855675320e-04;2.885700478733797228e-04
1.000000000000000000e+04;2.131897582790683737e+04;3.727504435317033696e-04;2.821800670835858502e-04
1.000000000000000000e+04;2.136633880891167428e+04;4.605310066867720391e-04;8.481324276414434736e-05
1.000000000000000000e+04;2.136792681606320184e+04;4.607836524296550430e-04;7.736389713234654479e-05
1.000000000000000000e+04;2.141528992222176385e+04;4.460716519411263336e-04;-1.440776230753364391e-04
1.000000000000000000e+04;2.141687789746928684e+04;4.427211462252518288e-04;-1.506025432985621778e-04
1.000000000000000000e+04;2.146424101191784575e+04;3.255126117572646068e-04;-3.356147539367290494e-04
1.000000000000000000e+04;2.146582901448349730e+04;3.195667242587475624e-04;-3.399184112028586901e-04
1.000000000000000000e+04;2.151319202404332100e+04;1.307410527523830831e-04;-4.508447927138147242e-04
1.000000000000000000e+04;2.151478006837686917e+04;1.233877187542267121e-04;-4.518075303741008993e-04
1.000000000000000000e+04;2.156214303822297370e+04;-9.670478372704546138e-05;-4.574225034605691590e-04
1.000000000000000000e+04;2.156373108843482623e+04;-1.035434984968733047e-04;-4.548196612604911578e-04
1.000000000000000000e+04;2.161109410932543324e+04;-2.987163936563825878e-04;-3.611666581843623767e-04
1.000000000000000000e+04;2.161268215689758654e+04;-3.036883404865759286e-04;-3.556385067819478130e-04
1.000000000000000000e+04;2.166004518198171354e+04;-4.323761359584003491e-04;-1.753023036666360903e-04
1.000000000000000000e+04;2.166163325702640577e+04;-4.339950435457633031e-04;-1.681960975271484533e-04
1.000000000000000000e+04;2.170899620848130871e+04;-4.638959425556174075e-04;4.763536883432542741e-05
1.000000000000000000e+04;2.171058431499299331e+04;-4.621096910356376104e-04;5.482292965749068978e-05
1.000000000000000000e+04;2.175794723382833763e+04;-3.863771429299385864e-04;2.604312710933720759e-04
1.000000000000000000e+04;2.175953534599827617e+04;-3.813689303658870174e-04;2.657594370544628937e-04
1.000000000000000000e+04;2.180689831082804449e+04;-2.174516647812393228e-04;4.134103930988246105e-04
1.000000000000000000e+04;2.180848643352835643e+04;-2.105309034404034667e-04;4.158657701171063334e-04
1.000000000000000000e+04;2.185584937675332912e+04;3.815885501582798045e-07;4.657166412122172453e-04
1.000000000000000000e+04;2.185743756514504275e+04;7.675670265708490621e-06;4.645812955023309273e-04
1.000000000000000000e+04;2.190480037117900429e+04;2.204492919198202696e-04;4.117916024097074057e-04
1.000000000000000000e+04;2.190638863976818175e+04;2.262837206370081850e-04;4.073774954304067142e-04
1.000000000000000000e+04;2.195375136440832648e+04;3.865663696666462234e-04;2.581894644003308848e-04
1.000000000000000000e+04;2.195533955196505485e+04;3.897097348266735412e-04;2.515300942490929855e-04
1.000000000000000000e+04;2.200270243874653170e+04;4.622638205584236469e-04;4.625832396174363792e-05
1.000000000000000000e+04;2.200429050954899139e+04;4.618594503957268015e-04;3.896965677965771749e-05
1.000000000000000000e+04;2.205165357774913718e+04;4.284236887788664492e-04;-1.789642028461718151e-04
1.000000000000000000e+04;2.205324157740804003e+04;4.246326308367247998e-04;-1.852730589149462312e-04
1.000000000000000000e+04;2.210060465392945480e+04;2.940178988139278407e-04;-3.585310426065609524e-04
1.000000000000000000e+04;2.210219269124961647e+04;2.877203557876356708e-04;-3.622212256266822412e-04
1.000000000000000000e+04;2.214955561160757134e+04;8.980679459861920283e-05;-4.568671324747697760e-04
1.000000000000000000e+04;2.215114372669087606e+04;8.247459437692865358e-05;-4.572168671703528671e-04
1.000000000000000000e+04;2.219850662671913960e+04;-1.351756869248044385e-04;-4.433626778495235697e-04
1.000000000000000000e+04;2.220009472303392613e+04;-1.417476491653229880e-04;-4.401994307790668280e-04
1.000000000000000000e+04;2.224745771731097921e+04;-3.285506833467944504e-04;-3.281464017291504053e-04
1.000000000000000000e+04;2.224904581131353552e+04;-3.329214673926497768e-04;-3.222180514694766677e-04
1.000000000000000000e+04;2.229640883984222819e+04;-4.429482161679387212e-04;-1.338387717823485621e-04
1.000000000000000000e+04;2.229799698639320559e+04;-4.439594267214672530e-04;-1.266436069214736768e-04
1.000000000000000000e+04;2.234535987095663586e+04;-4.535976143341936243e-04;9.292775234205960912e-05
1.000000000000000000e+04;2.234694809047548915e+04;-4.510920772591196174e-04;9.980923356262086940e-05
1.000000000000000000e+04;2.239431084007595564e+04;-3.568813561263124950e-04;2.944435580153300421e-04
1.000000000000000000e+04;2.239589904583713724e+04;-3.514144023437078637e-04;2.993143628098658780e-04
1.000000000000000000e+04;2.244326187018808560e+04;-1.741382207048234275e-04;4.297183757037695761e-04
1.000000000000000000e+04;2.244484996000497631e+04;-1.670983831053293527e-04;4.314033837844570844e-04
1.000000000000000000e+04;2.249221298069650220e+04;4.822141513683832155e-05;4.597203887473565675e-04
1.000000000000000000e+04;2.249380098783101494e+04;5.537867874790400926e-05;4.578809705985851467e-04
1.000000000000000000e+04;2.254116406922598617e+04;2.586553901099792555e-04;3.830647772652860054e-04
1.000000000000000000e+04;2.254275207757105818e+04;2.639216352838281705e-04;3.781311054343535513e-04
1.000000000000000000e+04;2.259011507656953472e+04;4.096211847150961786e-04;2.126751639625968152e-04
1.000000000000000000e+04;2.259170311683348700e+04;4.120419696920099920e-04;2.057338678663300064e-04
1.000000000000000000e+04;2.263906610614311649e+04;4.603088471932144377e-04;-3.981196567803947805e-06
1.000000000000000000e+04;2.264065411825246701e+04;4.590946525356761612e-04;-1.112861842803214489e-05
1.000000000000000000e+04;2.268801719034225243e+04;4.034178070854014305e-04;-2.244601288587035222e-04
1.000000000000000000e+04;2.268960517605194764e+04;3.990220365930078825e-04;-2.302370218665168418e-04
1.000000000000000000e+04;2.273696827660173585e+04;2.499722283889172598e-04;-3.862366888083151612e-04
1.000000000000000000e+04;2.273855627758227274e+04;2.432649946214554624e-04;-3.892379865544281711e-04
1.000000000000000000e+04;2.278591928943584935e+04;3.812863434736623214e-05;-4.596991708207417114e-04
1.000000000000000000e+04;2.278750732793174029e+04;3.095409519185186680e-05;-4.591703217790273702e-04
1.000000000000000000e+04;2.283487027640521410e+04;-1.844061918386078749e-04;-4.217277566677654415e-04
1.000000000000000000e+04;2.283645830995178039e+04;-1.906343820971850194e-04;-4.178794433793854676e-04
1.000000000000000000e+04;2.288382134009704532e+04;-3.593804160666255612e-04;-2.833902977177130676e-04
1.000000000000000000e+04;2.288540932451016488e+04;-3.629117647947590936e-04;-2.770697642835319289e-04
1.000000000000000000e+04;2.293277247144371358e+04;-4.520140966644056865e-04;-7.967372110727639748e-05
1.000000000000000000e+04;2.293436043541659092e+04;-4.522368749756803543e-04;-7.241698512718622576e-05
1.000000000000000000e+04;2.298172355144127869e+04;-4.335308249708950956e-04;1.455995573973204653e-04
1.000000000000000000e+04;2.298331156267224287e+04;-4.301998928328315715e-04;1.520304256318335905e-04
1.000000000000000000e+04;2.303067452783771660e+04;-3.148760518120923349e-04;3.331727502287033945e-04
1.000000000000000000e+04;2.303226259252813543e+04;-3.089478303381673185e-04;3.373261953754235648e-04
1.000000000000000000e+04;2.307962550014379667e+04;-1.184190445957943348e-04;4.431817263212369982e-04
1.000000000000000000e+04;2.308121355720958309e+04;-1.112365568815082499e-04;4.440216955143995556e-04
1.000000000000000000e+04;2.312857657901598577e+04;1.043662979891847023e-04;4.450072214211702750e-04
1.000000000000000000e+04;2.313016459080193454e+04;1.111354194672667199e-04;4.422915609486072100e-04
1.000000000000000000e+04;2.317752771578402462e+04;3.014559780527573335e-04;3.453621450812690381e-04
1.000000000000000000e+04;2.317911573084314296e+04;3.061238707146369436e-04;3.398644630048830743e-04
1.000000000000000000e+04;2.322647877298302046e+04;4.282185419307331029e-04;1.565897439480382384e-04
1.000000000000000000e+04;2.322806684986757318e+04;4.296712770563474956e-04;1.495365181391176024e-04
1.000000000000000000e+04;2.327542973492607780e+04;4.515125537543781230e-04;-6.148066014750358424e-05
1.000000000000000000e+04;2.327701784256752944e+04;4.495027710768213780e-04;-6.847598998781817439e-05
1.000000000000000000e+04;2.332438073396951222e+04;3.667725396117251673e-04;-2.700022098968525922e-04
1.000000000000000000e+04;2.332596878881096563e+04;3.617373009386926357e-04;-2.750432475559045839e-04
1.000000000000000000e+04;2.337333184299952336e+04;1.943980203975035151e-04;-4.116157376266425957e-04
1.000000000000000000e+04;2.337491982810890113e+04;1.874124511908719368e-04;-4.137690225832921990e-04
1.000000000000000000e+04;2.342228295314544812e+04;-2.112607831969263734e-05;-4.544556582144432754e-04
1.000000000000000000e+04;2.342387093601788365e+04;-2.812049267699025739e-05;-4.530583033739905862e-04
1.000000000000000000e+04;2.347123400259076152e+04;-2.377662968799564231e-04;-3.885315280816169117e-04
1.000000000000000000e+04;2.347282202059081828e+04;-2.433461735815438843e-04;-3.839276828383084107e-04
1.000000000000000000e+04;2.352018501358359208e+04;-3.899059209615444543e-04;-2.316154183769058845e-04
1.000000000000000000e+04;2.352177305243204319e+04;-3.926677750961668554e-04;-2.249316079155597344e-04
1.000000000000000000e+04;2.356913605242546328e+04;-4.549789599968887118e-04;-1.720566617211745803e-05
1.000000000000000000e+04;2.357072408767431261e+04;-4.541813490919153757e-04;-1.012996297796509690e-05
1.000000000000000000e+04;2.361808712120136261e+04;-4.068724182337550999e-04;2.007526990337585087e-04
1.000000000000000000e+04;2.361967515865897076e+04;-4.028471228784880520e-04;2.067751197566550030e-04
1.000000000000000000e+04;2.366703817516632625e+04;-2.653968809448508585e-04;3.672557447296894632e-04
1.000000000000000000e+04;2.366862622939954235e+04;-2.590161081483444887e-04;3.705061536504861532e-04
1.000000000000000000e+04;2.371598920486645147e+04;-5.631124887476324925e-05;4.515783756552495341e-04
1.000000000000000000e+04;2.371757726633532366e+04;-4.914299442553524166e-05;4.514500119961823094e-04
1.000000000000000000e+04;2.376494025538743517e+04;1.606944637755772308e-04;4.219271611573911437e-04
1.000000000000000000e+04;2.376652830334180544e+04;1.669840013106300568e-04;4.184745683616236667e-04
1.000000000000000000e+04;2.381389131536880450e+04;3.445894183180495964e-04;2.951823591479972109e-04
1.000000000000000000e+04;2.381547936232383290e+04;3.483698852358683442e-04;2.891031873763878703e-04
1.000000000000000000e+04;2.386284237373482028e+04;4.405807807482479944e-04;9.647710802998861891e-05
1.000000000000000000e+04;2.386443044155590178e+04;4.412170466960223616e-04;8.933840212783517173e-05
1.000000000000000000e+04;2.391179341718282740e+04;4.349970999272900849e-04;-1.240303988019655077e-04
1.000000000000000000e+04;2.391338151806977112e+04;4.319372210326091212e-04;-1.305388454271465596e-04
1.000000000000000000e+04;2.396074445105047926e+04;3.232266306757553519e-04;-3.169720268818517254e-04
1.000000000000000000e+04;2.396233258620792913e+04;3.176848976909838200e-04;-3.213175400974978670e-04
1.000000000000000000e+04;2.400969547680958567e+04;1.342050542647589258e-04;-4.298571670580550127e-04
1.000000000000000000e+04;2.401128364352435892e+04;1.270632516647191609e-04;-4.310593036236138481e-04
1.000000000000000000e+04;2.405864651246318681e+04;-8.546372631442232049e-05;-4.429636569591289641e-04
1.000000000000000000e+04;2.406023467056423760e+04;-9.215566441528585191e-05;-4.405399921294637531e-04
1.000000000000000000e+04;2.410759756546638891e+04;-2.854963432450896240e-04;-3.495722124458296252e-04
1.000000000000000000e+04;2.410918570567119605e+04;-2.903780605766161419e-04;-3.443842100943008311e-04
1.000000000000000000e+04;2.415654863108935024e+04;-4.171081906019950890e-04;-1.699026130280754195e-04
1.000000000000000000e+04;2.415813677336081309e+04;-4.187689361544917892e-04;-1.629751619771579139e-04
1.000000000000000000e+04;2.420549965754587174e+04;-4.477934713491524038e-04;4.700262247655531499e-05
1.000000000000000000e+04;2.420708782979610623e+04;-4.461913920564757421e-04;5.390084147977015037e-05
1.000000000000000000e+04;2.425445063900281457e+04;-3.705478005397113859e-04;2.539650190543076501e-04
1.000000000000000000e+04;2.425603880635447786e+04;-3.656211447451943476e-04;2.592546788791509150e-04
1.000000000000000000e+04;2.430340173469921137e+04;-2.081643715079251663e-04;3.993347724657837707e-04
1.000000000000000000e+04;2.430498982671379417e+04;-2.014989414090667100e-04;4.016024552335115670e-04
1.000000000000000000e+04;2.435235285280162498e+04;9.332627356541530969e-06;4.506886283321811853e-04
1.000000000000000000e+04;2.435394091872431818e+04;1.633204566178382821e-05;4.495926388296620901e-04
1.000000000000000000e+04;2.440130393045156234e+04;2.201795813366502123e-04;3.897881332309461482e-04
1.000000000000000000e+04;2.440289204737578257e+04;2.258371852343954759e-04;3.854827797055096093e-04
1.000000000000000000e+04;2.445025489769000342e+04;3.791577663715289294e-04;2.398893549679609425e-04
1.000000000000000000e+04;2.445184300278255614e+04;3.820897217341055383e-04;2.333584635416263860e-04
1.000000000000000000e+04;2.449920594962914038e+04;4.470745704166790018e-04;3.104420791593836176e-05
1.000000000000000000e+04;2.450079398163641599e+04;4.464931750589394674e-04;2.397067537301857397e-05
1.000000000000000000e+04;2.454815707641930567e+04;4.090659157242224303e-04;-1.853291377097969624e-04
1.000000000000000000e+04;2.454974507807640839e+04;4.052739691926604201e-04;-1.912779130901537308e-04
1.000000000000000000e+04;2.459710815895846463e+04;2.694270231487169731e-04;-3.564612824899761009e-04
1.000000000000000000e+04;2.459869620622763978e+04;2.632642769284788248e-04;-3.599181532335029589e-04
1.000000000000000000e+04;2.464605913750062246e+04;6.871784589068097283e-05;-4.402960512440919918e-04
1.000000000000000000e+04;2.464764722074998645e+04;6.158695961944120442e-05;-4.404259409522279581e-04
1.000000000000000000e+04;2.469501012689922209e+04;-1.491278292756254475e-04;-4.192968933773619884e-04
1.000000000000000000e+04;2.469659817105916591e+04;-1.553963962468415190e-04;-4.159409439949430382e-04
1.000000000000000000e+04;2.474396121757331275e+04;-3.314561443201300577e-04;-2.985132002736058383e-04
1.000000000000000000e+04;2.474554919910744866e+04;-3.353703793918424146e-04;-2.926749675548979469e-04
1.000000000000000000e+04;2.479291233162931167e+04;-4.335666603260269602e-04;-1.028547701028778853e-04
1.000000000000000000e+04;2.479450031172984745e+04;-4.342884977893800963e-04;-9.581274128729751986e-05
1.000000000000000000e+04;2.484186337189482947e+04;-4.300286228060572658e-04;1.138090906857331546e-04
1.000000000000000000e+04;2.484345138984799996e+04;-4.272980070892019476e-04;1.203399856402893441e-04
1.000000000000000000e+04;2.489081437222570457e+04;-3.238664041214333309e-04;3.052948663026159681e-04
1.000000000000000000e+04;2.489240240231504140e+04;-3.183526440650588716e-04;3.097410289362229258e-04
1.000000000000000000e+04;2.493976541316696239e+04;-1.413137383101929648e-04;4.210776889199734844e-04
1.000000000000000000e+04;2.494135342286792365e+04;-1.343279667803193235e-04;4.223616336563060323e-04
1.000000000000000000e+04;2.498871648841313799e+04;7.809391978641216784e-05;4.374262539237377587e-04
1.000000000000000000e+04;2.499030448722881556e+04;8.471172196866461675e-05;4.352513522773986013e-04
1.000000000000000000e+04;2.503766754585158196e+04;2.759222879612610157e-04;3.462922136244412133e-04
1.000000000000000000e+04;2.503925555481404444e+04;2.808984836289994983e-04;3.412071825682449740e-04
1.000000000000000000e+04;2.508661858311820106e+04;4.076281997359226198e-04;1.738382639541330985e-04
1.000000000000000000e+04;2.508820660022419543e+04;4.094238256460026979e-04;1.670390115102185437e-04
1.000000000000000000e+04;2.513556962893248055e+04;4.410283751338004809e-04;-4.219374411244693321e-05
1.000000000000000000e+04;2.513715764440328712e+04;4.394589457592776348e-04;-4.905068520286388954e-05
1.000000000000000000e+04;2.518452068507611330e+04;3.697555215661538046e-04;-2.459505718159560100e-04
1.000000000000000000e+04;2.518610870103935304e+04;3.650495322363768187e-04;-2.512504416774016380e-04
1.000000000000000000e+04;2.523347173743679377e+04;2.055901952203712153e-04;-3.911606798881523306e-04
1.000000000000000000e+04;2.523505976047635340e+04;1.990640868573263886e-04;-3.935496352758079608e-04
1.000000000000000000e+04;2.528242278387768965e+04;-3.038247273303240170e-06;-4.426471710477770764e-04
1.000000000000000000e+04;2.528401081650015476e+04;-1.011624335673592251e-05;-4.416360968867068530e-04
1.000000000000000000e+04;2.533137382678098948e+04;-2.141569632342402954e-04;-3.861118646092191438e-04
1.000000000000000000e+04;2.533296187380682022e+04;-2.196851498931864672e-04;-3.819371197652532152e-04
1.000000000000000000e+04;2.538032486644325036e+04;-3.718989578833496344e-04;-2.369136535428299881e-04
1.000000000000000000e+04;2.538191293227526330e+04;-3.749076762159271733e-04;-2.305232426858474940e-04
1.000000000000000000e+04;2.542927591229837708e+04;-4.398599259156021294e-04;-3.180644409214996248e-05
1.000000000000000000e+04;2.543086400133393545e+04;-4.394297270927681790e-04;-2.480365168743719857e-05
1.000000000000000000e+04;2.547822697342314859e+04;-4.006713816270009013e-04;1.810882396827076665e-04
1.000000000000000000e+04;2.547981510217675168e+04;-3.969315507641844746e-04;1.870447525926108236e-04
1.000000000000000000e+04;2.552717801383161714e+04;-2.676734705210320861e-04;3.514263670915671652e-04
1.000000000000000000e+04;2.552876620307053599e+04;-2.615788246449976821e-04;3.548298693702849906e-04
1.000000000000000000e+04;2.557612901966851496e+04;-6.596714043911560527e-05;4.349103615705458511e-04
1.000000000000000000e+04;2.557771724304222153e+04;-5.899803838805499600e-05;4.351227426994563234e-04
1.000000000000000000e+04;2.562508003961261784e+04;1.480505035257488134e-04;4.134443008337773846e-04
1.000000000000000000e+04;2.562666820656797427e+04;1.543094317435229749e-04;4.101835729589085075e-04
1.000000000000000000e+04;2.567403114558942980e+04;3.268368115550527057e-04;2.942337710896097253e-04
1.000000000000000000e+04;2.567561924091570836e+04;3.308027388320760806e-04;2.884589966691469614e-04
1.000000000000000000e+04;2.572298224274494714e+04;4.281419838407069206e-04;1.026951506035443434e-04
1.000000000000000000e+04;2.572457031494570037e+04;4.287606219656523018e-04;9.572193648661873509e-05
1.000000000000000000e+04;2.577193327377992318e+04;4.247189525550175383e-04;-1.140538415953713282e-04
1.000000000000000000e+04;2.577352136689637337e+04;4.221513458917748617e-04;-1.204316243553479529e-04
1.000000000000000000e+04;2.582088427217325079e+04;3.175709139869585290e-04;-3.011320034202393144e-04
1.000000000000000000e+04;2.582247235385836393e+04;3.120619083659520432e-04;-3.056058512027626521e-04
1.000000000000000000e+04;2.586983532695037502e+04;1.373051214323564671e-04;-4.155796111246890076e-04
1.000000000000000000e+04;2.587142334516704432e+04;1.304708634825299334e-04;-4.167906869427003675e-04
1.000000000000000000e+04;2.591878643382054361e+04;-7.867766987416441793e-05;-4.311843728412511289e-04
1.000000000000000000e+04;2.592037442153712982e+04;-8.533764658621368813e-05;-4.289996729879090565e-04
1.000000000000000000e+04;2.596773750755465153e+04;-2.749173571463297194e-04;-3.414352918117681220e-04
1.000000000000000000e+04;2.596932552252970345e+04;-2.796499695613354386e-04;-3.364261977327069109e-04
1.000000000000000000e+04;2.601668851604535666e+04;-4.031207350683809225e-04;-1.672184503629333178e-04
1.000000000000000000e+04;2.601827656809049950e+04;-4.050570614482931851e-04;-1.604951529369924709e-04
1.000000000000000000e+04;2.606563952733373662e+04;-4.337172585365605629e-04;4.212966632841040593e-05
1.000000000000000000e+04;2.606722758134885225e+04;-4.319944473467273675e-04;4.896122413149578038e-05
1.000000000000000000e+04;2.611459059360517858e+04;-3.624406966529811853e-04;2.456544843276583720e-04
1.000000000000000000e+04;2.611617863178069092e+04;-3.578645522893281498e-04;2.507869263316510550e-04
1.000000000000000000e+04;2.616354168357584422e+04;-1.984166158727707562e-04;3.871804691359582605e-04
1.000000000000000000e+04;2.616512972810645078e+04;-1.918490912250240209e-04;3.894840979623042298e-04
1.000000000000000000e+04;2.621249274122657880e+04;8.882592303731850881e-06;4.361469111453551229e-04
1.000000000000000000e+04;2.621408082278283109e+04;1.572268527566844822e-05;4.351704290701540498e-04
1.000000000000000000e+04;2.626144375402695732e+04;2.162709657487838280e-04;3.757834715523770378e-04
1.000000000000000000e+04;2.626303188173928356e+04;2.218706345763334987e-04;3.715071120051262896e-04
1.000000000000000000e+04;2.631039475573449818e+04;3.692721632225035174e-04;2.319551923797134212e-04
1.000000000000000000e+04;2.631198289021390883e+04;3.720292424410254380e-04;2.256076165417863848e-04
1.000000000000000000e+04;2.635934580357048981e+04;4.365103873526594218e-04;2.369888174695000322e-05
1.000000000000000000e+04;2.636093392333522570e+04;4.360655281334426523e-04;1.684547947951944518e-05
1.000000000000000000e+04;2.640829690878816473e+04;3.917751369257238200e-04;-1.839442182476459071e-04
1.000000000000000000e+04;2.640988502528295430e+04;3.880144776282891893e-04;-1.898161596997091183e-04
1.000000000000000000e+04;2.645724798055414794e+04;2.590929018722369311e-04;-3.491152744456203576e-04
1.000000000000000000e+04;2.645883613799781597e+04;2.530130457106887724e-04;-3.524808937012818832e-04
1.000000000000000000e+04;2.650619898053113866e+04;5.937014150446380214e-05;-4.284268707980634660e-04
1.000000000000000000e+04;2.650778716296183848e+04;5.242658681346787640e-05;-4.284086859302786905e-04
1.000000000000000000e+04;2.655514998009817282e+04;-1.525741457356124544e-04;-4.061956987677254141e-04
1.000000000000000000e+04;2.655673811205477250e+04;-1.586047415450792355e-04;-4.029376128165008540e-04
1.000000000000000000e+04;2.660410106859099324e+04;-3.283412117312644717e-04;-2.815553218863068989e-04
1.000000000000000000e+04;2.660568910262971622e+04;-3.322081922966752345e-04;-2.758366196914600454e-04
1.000000000000000000e+04;2.665305217083970638e+04;-4.220915981958591476e-04;-9.194480835265717641e-05
1.000000000000000000e+04;2.665464017879118182e+04;-4.226245261138318870e-04;-8.496869898043512702e-05
1.000000000000000000e+04;2.670200322010574382e+04;-4.166998507433384365e-04;1.195918619033341050e-04
1.000000000000000000e+04;2.670359126249523251e+04;-4.139093739972642128e-04;1.258610334450239380e-04
1.000000000000000000e+04;2.675095423359642882e+04;-3.084072947231900974e-04;3.051766757854991680e-04
1.000000000000000000e+04;2.675254229818991735e+04;-3.029726739682901248e-04;3.094199151008617996e-04
1.000000000000000000e+04;2.679990528761558016e+04;-1.243513178446367890e-04;4.122386040680818976e-04
1.000000000000000000e+04;2.680149337345426466e+04;-1.175380777804696449e-04;4.133574065934837011e-04
1.000000000000000000e+04;2.684885636312959468e+04;8.513825959185546838e-05;4.228849047420030487e-04
1.000000000000000000e+04;2.685044450249295915e+04;9.168616865477499005e-05;4.206476192849058671e-04
1.000000000000000000e+04;2.689780738845495944e+04;2.792528889762026169e-04;3.277070693823685012e-04
1.000000000000000000e+04;2.689939561222431803e+04;2.838303435308624461e-04;3.225705152532800345e-04
1.000000000000000000e+04;2.694675836887992773e+04;4.003092194963468308e-04;1.569648484698572225e-04
1.000000000000000000e+04;2.694834658510618101e+04;4.019719445705925232e-04;1.503042113881253501e-04
1.000000000000000000e+04;2.699570942492590257e+04;4.282382701474143688e-04;-5.567699138804100358e-05
1.000000000000000000e+04;2.699729759778508014e+04;4.264898330415631961e-04;-6.232465839378475818e-05
1.000000000000000000e+04;2.704466055303009853e+04;3.474564129702389535e-04;-2.516972266201851277e-04
1.000000000000000000e+04;2.704624874285937040e+04;3.426997203496873635e-04;-2.566990731362055775e-04
1.000000000000000000e+04;2.709361160926132652e+04;1.889105860516473751e-04;-3.878540878839635379e-04
1.000000000000000000e+04;2.709519991061782639e+04;1.823953653984334254e-04;-3.900317684341946868e-04
1.000000000000000000e+04;2.714256254566487041e+04;-2.293581057917715716e-05;-4.285770464793279546e-04
1.000000000000000000e+04;2.714415092403259769e+04;-2.969118981776899688e-05;-4.273268820821485964e-04
1.000000000000000000e+04;2.719151352688704355e+04;-2.214507884638768867e-04;-3.672149430162134414e-04
1.000000000000000000e+04;2.719310184410176589e+04;-2.268239598603114795e-04;-3.628751952022233880e-04
1.000000000000000000e+04;2.724046466974556461e+04;-3.720146551204534836e-04;-2.162450331219275916e-04
1.000000000000000000e+04;2.724205286650536073e+04;-3.746375067467499608e-04;-2.099870017473545877e-04
1.000000000000000000e+04;2.728941583634859489e+04;-4.271233555815220819e-04;-9.876872015840349920e-06
1.000000000000000000e+04;2.729100404591045663e+04;-4.264234583124592659e-04;-3.027370275011667748e-06
1.000000000000000000e+04;2.733836685791418495e+04;-3.823782901868713895e-04;1.912911266617115370e-04
1.000000000000000000e+04;2.733995517120173827e+04;-3.784974593453985150e-04;1.969944124013915513e-04
1.000000000000000000e+04;2.738731773719085322e+04;-2.418580446405023008e-04;3.532054721157507266e-04
1.000000000000000000e+04;2.738890606996541101e+04;-2.357671308164461708e-04;3.562439811453552933e-04
1.000000000000000000e+04;2.743626880147835618e+04;-4.395220943569455130e-05;4.238010459487593544e-04
1.000000000000000000e+04;2.743785692859510164e+04;-3.709534260540514925e-05;4.236539383174312587e-04
1.000000000000000000e+04;2.748521995630178571e+04;1.636952470913487624e-04;3.947266406627748673e-04
1.000000000000000000e+04;2.748680794065271039e+04;1.696090908755399848e-04;3.913378606267834455e-04
1.000000000000000000e+04;2.753417111039354495e+04;3.330766963419293431e-04;2.646542174873350167e-04
1.000000000000000000e+04;2.753575908431867356e+04;3.366483751593241178e-04;2.588178350776631598e-04
1.000000000000000000e+04;2.758312213517792770e+04;4.193790458604837023e-04;7.781491746593145785e-05
1.000000000000000000e+04;2.758471017160984775e+04;4.197125586754316909e-04;7.094174181772193888e-05
1.000000000000000000e+04;2.763207310033848626e+04;4.052282423394645123e-04;-1.354962929832845839e-04
1.000000000000000000e+04;2.763366116056673127e+04;4.023212886877466942e-04;-1.415467127482691401e-04
1.000000000000000000e+04;2.768102413164973041e+04;2.902037157206797707e-04;-3.104096659572489164e-04
1.000000000000000000e+04;2.768261216433818117e+04;2.846175083865573824e-04;-3.145019160908189425e-04
1.000000000000000000e+04;2.772997522803115135e+04;1.090832823001667082e-04;-4.122068459179621192e-04
1.000000000000000000e+04;2.773156324493929060e+04;1.023683311890313656e-04;-4.129958780626247650e-04
1.000000000000000000e+04;2.777892630679220383e+04;-1.046311293357339578e-04;-4.130424980774855806e-04
1.000000000000000000e+04;2.778051434534867076e+04;-1.109706357654164982e-04;-4.106380926092562632e-04
1.000000000000000000e+04;2.782787733824590032e+04;-2.863937377544900609e-04;-3.133671345684597249e-04
1.000000000000000000e+04;2.782946540034111604e+04;-2.908289561286242194e-04;-3.081086876788375110e-04
1.000000000000000000e+04;2.787682836537545882e+04;-4.019268157400334514e-04;-1.390913223543271916e-04
1.000000000000000000e+04;2.787841642357975434e+04;-4.032688807813739171e-04;-1.325013146170556447e-04
1.000000000000000000e+04;2.792577942095512117e+04;-4.193247438572701041e-04;7.161034166619135197e-05
1.000000000000000000e+04;2.792736746107912040e+04;-4.173313858276881641e-04;7.816602139887726859e-05
1.000000000000000000e+04;2.797473047754682193e+04;-3.333903455510730304e-04;2.604006274305199612e-04
1.000000000000000000e+04;2.797631851855173954e+04;-3.286049881318491039e-04;2.651068706579381398e-04
1.000000000000000000e+04;2.802368151749144090e+04;-1.670113384415409911e-04;3.903943706489771304e-04
1.000000000000000000e+04;2.802526956448700730e+04;-1.604656839316506147e-04;3.922850360714555851e-04
1.000000000000000000e+04;2.807263255267357090e+04;3.913578451476495642e-05;4.203234696250858428e-04
1.000000000000000000e+04;2.807422058950808787e+04;4.577980297255824658e-05;4.188297080168578812e-04
1.000000000000000000e+04;2.812158361087213780e+04;2.352396880664010446e-04;3.525719970248503577e-04
1.000000000000000000e+04;2.812317162735813326e+04;2.402756899148135103e-04;3.481142387200068236e-04
1.000000000000000000e+04;2.817053467345679019e+04;3.768013777604066277e-04;1.948128762694668632e-04
1.000000000000000000e+04;2.817212268328414939e+04;3.791969858382055500e-04;1.884705680399047082e-04
1.000000000000000000e+04;2.821948572763674383e+04;4.209686826068081804e-04;-6.080343119343434877e-06
1.000000000000000000e+04;2.822107374887264450e+04;4.199796432854659232e-04;-1.279889246638023559e-05
1.000000000000000000e+04;2.826843677066639066e+04;3.689706977155228756e-04;-2.089795615653969730e-04
1.000000000000000000e+04;2.827002480848834966e+04;3.649205074096249194e-04;-2.143162905223565374e-04
1.000000000000000000e+04;2.831738781028001176e+04;2.210253292417380317e-04;-3.583705843711337304e-04
1.000000000000000000e+04;2.831897586015017441e+04;2.148878421170381347e-04;-3.612744846273996499e-04
1.000000000000000000e+04;2.836633885073720376e+04;2.587977243414988049e-05;-4.198894111973386074e-04
1.000000000000000000e+04;2.836792690162616418e+04;1.912774456662124693e-05;-4.193313778649533576e-04
1.000000000000000000e+04;2.841528989857995839e+04;-1.816008111744326335e-04;-3.829491489946129212e-04
1.000000000000000000e+04;2.841687793244107888e+04;-1.872525294593000269e-04;-3.793644252203748433e-04
1.000000000000000000e+04;2.846424096463948445e+04;-3.394370201666912297e-04;-2.467972396634311792e-04
1.000000000000000000e+04;2.846582897977526227e+04;-3.427282218279584973e-04;-2.408923472866139463e-04
1.000000000000000000e+04;2.851319202683565163e+04;-4.170920695188598364e-04;-5.649694641567901018e-05
1.000000000000000000e+04;2.851478003875464128e+04;-4.171316762752785628e-04;-4.978798290463744465e-05
1.000000000000000000e+04;2.856214306809538539e+04;-3.916330978386253943e-04;1.517789339682613817e-04
1.000000000000000000e+04;2.856373109390923855e+04;-3.884404336478870638e-04;1.577688074740058702e-04
1.000000000000000000e+04;2.861109408751477531e+04;-2.729746481946945802e-04;3.185192869617958149e-04
1.000000000000000000e+04;2.861268211248027728e+04;-2.673117316358955878e-04;3.221008066998507684e-04
1.000000000000000000e+04;2.866004512932421858e+04;-8.454233315119480060e-05;4.141768529607810939e-04
1.000000000000000000e+04;2.866163313590598045e+04;-7.794063986911203043e-05;4.147706514379453772e-04
1.000000000000000000e+04;2.870899620575059089e+04;1.218625159129584789e-04;3.990513261233131267e-04
1.000000000000000000e+04;2.871058419393756776e+04;1.281281619225552561e-04;3.963551411248927327e-04
1.000000000000000000e+04;2.875794728598459915e+04;2.970427892188231807e-04;2.973710980791242995e-04
1.000000000000000000e+04;2.875953527959586791e+04;3.010493940241369508e-04;2.919622494046005901e-04
1.000000000000000000e+04;2.880689833100608666e+04;4.045542391909536135e-04;1.152411869767456132e-04
1.000000000000000000e+04;2.880848635020504298e+04;4.056102588107859952e-04;1.087217132147281530e-04
1.000000000000000000e+04;2.885584934649740171e+04;4.078288705013318784e-04;-9.083237040329852820e-05
1.000000000000000000e+04;2.885743738422234310e+04;4.055746286318362187e-04;-9.717856440437559556e-05
1.000000000000000000e+04;2.890480037468488445e+04;3.157699857585545685e-04;-2.758051427973996165e-04
1.000000000000000000e+04;2.890638841027218950e+04;3.107978385005951555e-04;-2.802363915559989466e-04
1.000000000000000000e+04;2.895375143929113983e+04;1.445402050260877636e-04;-3.923197842735746000e-04
1.000000000000000000e+04;2.895533947002325294e+04;1.379664526120397529e-04;-3.938564864193377967e-04
1.000000000000000000e+04;2.900270251766679939e+04;-5.873074783410115824e-05;-4.156556066212489645e-04
1.000000000000000000e+04;2.900429056595254951e+04;-6.515329063408522995e-05;-4.138208391004928296e-04
1.000000000000000000e+04;2.905165357591454449e+04;-2.511183804412651780e-04;-3.347256060552842097e-04
1.000000000000000000e+04;2.905324166498511113e+04;-2.559103822288498974e-04;-3.301913866710414012e-04
1.000000000000000000e+04;2.910060460066053565e+04;-3.784530508679944988e-04;-1.743050392381294614e-04
1.000000000000000000e+04;2.910219273682635685e+04;-3.805039601280950021e-04;-1.678290598504632173e-04
1.000000000000000000e+04;2.914955562993346393e+04;-4.154395367917090962e-04;2.745381020738374734e-05
1.000000000000000000e+04;2.915114382123043470e+04;-4.141038628334318484e-04;3.388655871077316960e-05
1.000000000000000000e+04;2.919850666084897239e+04;-3.499428497922733926e-04;2.257862645623887434e-04
1.000000000000000000e+04;2.920009494345048006e+04;-3.457180500503144373e-04;2.309397134993378109e-04
1.000000000000000000e+04;2.924745767350307869e+04;-2.004905910369645414e-04;3.637605016241780950e-04
1.000000000000000000e+04;2.924904607181547181e+04;-1.942160382341682849e-04;3.662482280886042722e-04
1.000000000000000000e+04;2.929640862489143910e+04;-1.709495289088922219e-06;4.164864815037229982e-04
1.000000000000000000e+04;2.929799696663506256e+04;4.808958015735332902e-06;4.156152260171783186e-04
1.000000000000000000e+04;2.934535975182158290e+04;1.985363185206611791e-04;3.676174038681997210e-04
1.000000000000000000e+04;2.934694796341215988e+04;2.040706045634259488e-04;3.637936429739899191e-04
1.000000000000000000e+04;2.939431089461389638e+04;3.462600669231938018e-04;2.257887228184069764e-04
1.000000000000000000e+04;2.939589902810804415e+04;3.491034094093048738e-04;2.198644988116048489e-04
1.000000000000000000e+04;2.944326197238274835e+04;4.137199877580774259e-04;3.249178596595991549e-05
1.000000000000000000e+04;2.944485011900128302e+04;4.134744377849509153e-04;2.580963691366724993e-05
1.000000000000000000e+04;2.949221295620466844e+04;3.770382806509088754e-04;-1.684829006416401420e-04
1.000000000000000000e+04;2.949380110613216311e+04;3.735409179447543387e-04;-1.741734813182902516e-04
1.000000000000000000e+04;2.954116396426521169e+04;2.505884170347923265e-04;-3.306338087055587811e-04
1.000000000000000000e+04;2.954275204113483414e+04;2.448994349568789732e-04;-3.338288470859465153e-04
1.000000000000000000e+04;2.959011506616024417e+04;6.062810430078304695e-05;-4.113725906464770583e-04
1.000000000000000000e+04;2.959170305880399974e+04;5.397363146917284293e-05;-4.117168416970721882e-04
1.000000000000000000e+04;2.963906617986594938e+04;-1.408002998300200313e-04;-3.869061775233829416e-04
1.000000000000000000e+04;2.964065416353844921e+04;-1.467183446763958778e-04;-3.838452042738214995e-04
1.000000000000000000e+04;2.968801721784302572e+04;-3.099253307344158859e-04;-2.764523079782367737e-04
1.000000000000000000e+04;2.968960523825049313e+04;-3.136803931056172229e-04;-2.709752627367856292e-04
1.000000000000000000e+04;2.973696821651675418e+04;-4.028284429105143485e-04;-9.224930080728648647e-05
1.000000000000000000e+04;2.973855624943852308e+04;-4.034946102596667031e-04;-8.572253635212550421e-05
1.000000000000000000e+04;2.978591925424769215e+04;-3.974191842617174134e-04;1.122805001479989194e-04
1.000000000000000000e+04;2.978750726669845244e+04;-3.948602384494632697e-04;1.183506175613625118e-04
1.000000000000000000e+04;2.983487032919696867e+04;-2.945332831522949938e-04;2.877805406241263709e-04
1.000000000000000000e+04;2.983645832812381559e+04;-2.894579536300979201e-04;2.919755199913741058e-04
1.000000000000000000e+04;2.988382139317395195e+04;-1.207798991859317713e-04;3.936146294417374228e-04
1.000000000000000000e+04;2.988540940045744355e+04;-1.141448573856246117e-04;3.947334957755046104e-04
1.000000000000000000e+04;2.993277243660193926e+04;8.028541031812102744e-05;4.044277920048801453e-04
1.000000000000000000e+04;2.993436045622007805e+04;8.644512060582146208e-05;4.023499096786004384e-04
1.000000000000000000e+04;2.998172347818325215e+04;2.665222301462597367e-04;3.145758967409050455e-04
1.000000000000000000e+04;2.998331150326979696e+04;2.710454440958126729e-04;3.098211000284790983e-04
1.000000000000000000e+04;3.003067452158623564e+04;3.813272368167016009e-04;1.486296886387074485e-04
1.000000000000000000e+04;3.003226254319160944e+04;3.829945465838709368e-04;1.421881653022035537e-04
1.000000000000000000e+04;3.007962557213850232e+04;4.070519130503217264e-04;-5.101979294423286508e-05
1.000000000000000000e+04;3.008121358627358131e+04;4.054455664965254621e-04;-5.731730641821206599e-05
1.000000000000000000e+04;3.012857662833768700e+04;3.317287260875458749e-04;-2.431911469053230806e-04
1.000000000000000000e+04;3.013016463766779998e+04;3.272159387095187029e-04;-2.480728919402779898e-04
1.000000000000000000e+04;3.017752767423157638e+04;1.768918516016051632e-04;-3.688393088091156320e-04
1.000000000000000000e+04;3.017911568812296173e+04;1.707239315867135985e-04;-3.709525506099909460e-04
1.000000000000000000e+04;3.022647871596677214e+04;-2.341195200595521167e-05;-4.105784271385381199e-04
1.000000000000000000e+04;3.022806672619107849e+04;-2.990930183214844163e-05;-4.094581484479241688e-04
1.000000000000000000e+04;3.027542977017927842e+04;-2.143870590401018741e-04;-3.483800614455962461e-04
1.000000000000000000e+04;3.027701777404296081e+04;-2.195470811749552435e-04;-3.443108098824114211e-04
1.000000000000000000e+04;3.032438083189169265e+04;-3.559705249200506181e-04;-2.026864745325305021e-04
1.000000000000000000e+04;3.032596883791566506e+04;-3.584930980560827149e-04;-1.967276091128240378e-04
1.000000000000000000e+04;3.037333188001234521e+04;-4.081215075785405095e-04;-6.417558294387657215e-06
1.000000000000000000e+04;3.037491990097332018e+04;-4.075630746162389696e-04;1.453896626807556135e-07
1.000000000000000000e+04;3.042228291148407152e+04;-3.622378606563071354e-04;1.882737507860668933e-04
1.000000000000000000e+04;3.042387094139479814e+04;-3.584701452106900453e-04;1.936880096655990431e-04
1.000000000000000000e+04;3.047123395562747828e+04;-2.286226652555102600e-04;3.405886544810420198e-04
1.000000000000000000e+04;3.047282198828859691e+04;-2.228903467872366787e-04;3.435304312458620311e-04
1.000000000000000000e+04;3.052018501220579856e+04;-3.638729953144857662e-05;4.076287799028655359e-04
1.000000000000000000e+04;3.052177305357436126e+04;-2.984401024317768215e-05;4.075820156228164375e-04
1.000000000000000000e+04;3.056913606259828885e+04;1.604786341721859333e-04;3.742057465405922156e-04
1.000000000000000000e+04;3.057072412311315566e+04;1.661807056341537943e-04;3.709170736741413993e-04
1.000000000000000000e+04;3.061808710445411634e+04;3.200489952400098394e-04;2.530157470384392896e-04
1.000000000000000000e+04;3.061967518549292436e+04;3.234465019230604800e-04;2.475341406188271212e-04
1.000000000000000000e+04;3.066703814763216360e+04;4.021996228444821558e-04;6.596301123570032297e-05
1.000000000000000000e+04;3.066862625196612862e+04;4.024926412369029941e-04;5.941851992299122890e-05
1.000000000000000000e+04;3.071598919235171343e+04;3.852362429737432397e-04;-1.325807141123894011e-04
1.000000000000000000e+04;3.071757732939637208e+04;3.824978512624565012e-04;-1.383909297409991498e-04
1.000000000000000000e+04;3.076494022226840389e+04;2.731000027046896327e-04;-3.023289034570198993e-04
1.000000000000000000e+04;3.076652837888529029e+04;2.678096651662544708e-04;-3.061894928926141529e-04
1.000000000000000000e+04;3.081389127846584597e+04;9.844494444993393066e-05;-3.961667224631257160e-04
1.000000000000000000e+04;3.081547942387717922e+04;9.192545519631897723e-05;-3.969477443256646133e-04
1.000000000000000000e+04;3.086284237803087308e+04;-1.032392146114465936e-04;-3.937125580062423419e-04
1.000000000000000000e+04;3.086443052024811186e+04;-1.091854600790761608e-04;-3.914713958358371506e-04
1.000000000000000000e+04;3.091179343794583474e+04;-2.787296306431190189e-04;-2.955158684417080782e-04
1.000000000000000000e+04;3.091338161521780785e+04;-2.829933269362387076e-04;-2.904722126497642862e-04
1.000000000000000000e+04;3.096074442427422036e+04;-3.847532930842012706e-04;-1.267995816623578497e-04
1.000000000000000000e+04;3.096233262689448748e+04;-3.860123545103780066e-04;-1.205228465229668999e-04
1.000000000000000000e+04;3.100969543425956363e+04;-3.983696781305298999e-04;7.418342343877567884e-05
1.000000000000000000e+04;3.101128355712421398e+04;-3.965060518526139196e-04;8.035860196797941580e-05
1.000000000000000000e+04;3.105864653105714751e+04;-3.141060290470345032e-04;2.577161413473497424e-04
1.000000000000000000e+04;3.106023455854064377e+04;-3.094420561062058319e-04;2.622825392470423851e-04
1.000000000000000000e+04;3.110759763703680801e+04;-1.543746586714882924e-04;3.726341044731489331e-04
1.000000000000000000e+04;3.110918563214201640e+04;-1.481869827647284228e-04;3.744291173679389515e-04
1.000000000000000000e+04;3.115654867609187932e+04;4.428135300813413602e-05;4.056207052341432012e-04
1.000000000000000000e+04;3.115813669546896199e+04;5.060397373765961954e-05;4.041471951282643951e-04
1.000000000000000000e+04;3.120549968530685146e+04;2.301884745352410298e-04;3.309392042204428405e-04
1.000000000000000000e+04;3.120708771224565135e+04;2.350472772502804335e-04;3.267833755414099048e-04
1.000000000000000000e+04;3.125445073116554340e+04;3.612041145833918806e-04;1.828953142531454545e-04
1.000000000000000000e+04;3.125603874070001984e+04;3.634217256936100242e-04;1.768043900459164873e-04
1.000000000000000000e+04;3.130340180544278701e+04;4.028143890528199989e-04;-1.510032240861616824e-05
1.000000000000000000e+04;3.130498981009947966e+04;4.019135289620588865e-04;-2.146150109870375374e-05
1.000000000000000000e+04;3.135235286214878943e+04;3.482651448206418071e-04;-2.029974165362925266e-04
1.000000000000000000e+04;3.135394088595341964e+04;3.443274535944321007e-04;-2.081535750516473160e-04
1.000000000000000000e+04;3.140130389521528923e+04;2.066565108111456824e-04;-3.482839242208720472e-04
1.000000000000000000e+04;3.140289194593130742e+04;2.008902341241239873e-04;-3.509377126027318186e-04
1.000000000000000000e+04;3.145025492907091393e+04;1.787550827736849793e-05;-4.011061815155751178e-04
1.000000000000000000e+04;3.145184299686377926e+04;1.135960111142531383e-05;-4.007474067140234797e-04
1.000000000000000000e+04;3.149920597724067920e+04;-1.783867382797815705e-04;-3.627998909483837208e-04
1.000000000000000000e+04;3.150079405813611083e+04;-1.836940255976767628e-04;-3.592374420839735305e-04
1.000000000000000000e+04;3.154815705249556413e+04;-3.270305525947308427e-04;-2.320901535295938865e-04
1.000000000000000000e+04;3.154974515236947991e+04;-3.302774030371951664e-04;-2.266132720725960541e-04
1.000000000000000000e+04;3.159710812387001351e+04;-3.990065842883238137e-04;-4.601408462951399195e-05
1.000000000000000000e+04;3.159869627244371441e+04;-3.989070484703716450e-04;-3.949972089465688546e-05
1.000000000000000000e+04;3.164605912476279627e+04;-3.722715316447840509e-04;1.487569226422014331e-04
1.000000000000000000e+04;3.164764732781058774e+04;-3.693351815675756313e-04;1.543535668667239214e-04
1.000000000000000000e+04;3.169501008325212388e+04;-2.564706701310901209e-04;3.107453496790595461e-04
1.000000000000000000e+04;3.169659826682302082e+04;-2.510914544685613611e-04;3.143005657841359550e-04
1.000000000000000000e+04;3.174396118565072902e+04;-7.358273804328067989e-05;3.940183865114076176e-04
1.000000000000000000e+04;3.174554924243047572e+04;-6.724327624199593213e-05;3.944865018698436336e-04
1.000000000000000000e+04;3.179291231948782297e+04;1.180712473182408127e-04;3.833634661181031626e-04
1.000000000000000000e+04;3.179450030593070551e+04;1.240235294696128083e-04;3.809214654559273756e-04
1.000000000000000000e+04;3.184186340745722191e+04;2.906991488511116153e-04;2.769000374264678037e-04
1.000000000000000000e+04;3.184345141660495574e+04;2.944430576663623262e-04;2.717137875828393645e-04
1.000000000000000000e+04;3.189081438741923557e+04;3.865632538958344022e-04;1.088649869503996546e-04
1.000000000000000000e+04;3.189240244373335008e+04;3.876585465417996994e-04;1.026246219478279544e-04
1.000000000000000000e+04;3.193976535016364505e+04;3.913082183554296998e-04;-9.238763529686731314e-05
1.000000000000000000e+04;3.194135339104952072e+04;3.892036266253100923e-04;-9.839290604546416230e-05
1.000000000000000000e+04;3.198871639959141248e+04;2.970680400944296167e-04;-2.651017358970396030e-04
1.000000000000000000e+04;3.199030437137483023e+04;2.922722576378486057e-04;-2.694152863711040302e-04
1.000000000000000000e+04;3.203766748757101232e+04;1.405187725588626525e-04;-3.755026767639429519e-04
1.000000000000000000e+04;3.203925544726143926e+04;1.342835022279118614e-04;-3.770012986632155960e-04
1.000000000000000000e+04;3.208661857448994488e+04;-6.102523016777588349e-05;-3.945275672667375292e-04
1.000000000000000000e+04;3.208820664670147744e+04;-6.701941290449639108e-05;-3.928451493501486326e-04
1.000000000000000000e+04;3.213556954767528441e+04;-2.414767123122082309e-04;-3.175866342932408336e-04
1.000000000000000000e+04;3.213715781485975094e+04;-2.461442955733215217e-04;-3.132263465226157767e-04
1.000000000000000000e+04;3.218452045615425232e+04;-3.621612054920379407e-04;-1.636359859102405742e-04
1.000000000000000000e+04;3.218610842323320321e+04;-3.641538957302738427e-04;-1.576402477566849749e-04
1.000000000000000000e+04;3.223347154018869333e+04;-3.960102133019448170e-04;3.348999283268058144e-05
1.000000000000000000e+04;3.223505896634149394e+04;-3.947529524857714116e-04;3.973424045831563565e-05
1.000000000000000000e+04;3.228188981182105999e+04;-3.373062743400490494e-04;2.112106219855536433e-04
1.000000000000000000e+04;3.228425100997514164e+04;-3.312736559804713155e-04;2.187309045366315379e-04
1.000000000000000000e+04;3.232946681755766622e+04;-1.973105329361296274e-04;3.474749348468816695e-04
1.000000000000000000e+04;3.233322244030064758e+04;-1.838111685221835727e-04;3.527246529127435167e-04
1.000000000000000000e+04;3.237661633087402151e+04;-1.424635570534526527e-05;3.957481767067535247e-04
1.000000000000000000e+04;3.238048200934710621e+04;1.309895144262100062e-06;3.958464869776448861e-04
1.000000000000000000e+04;3.242213087545193048e+04;1.614001382376353344e-04;3.583696284151135494e-04
1.000000000000000000e+04;3.242405806549942281e+04;1.682238375940470773e-04;3.545500544164405092e-04
1.000000000000000000e+04;3.243015791049150357e+04;1.870547226118368244e-04;3.398873863298479208e-04
1.000000000000000000e+04;3.246269731278998370e+04;2.910056381516001899e-04;2.657010917458553479e-04
1.000000000000000000e+04;3.247678001079450405e+04;3.230389024673800073e-04;2.178066285986770927e-04
1.000000000000000000e+04;3.250042463677572596e+04;3.700915597771723331e-04;1.347995237883199357e-04
1.000000000000000000e+04;3.253469255929113569e+04;3.920285324801469923e-04;1.770188145247206664e-06
1.000000000000000000e+04;3.253919024511142561e+04;3.954659431755855477e-04;-1.538690164582230631e-05
1.000000000000000000e+04;3.254242545577664350e+04;3.935216941964425467e-04;-2.805222675120288542e-05
1.000000000000000000e+04;3.257877415485579695e+04;3.557679275451895240e-04;-1.700113144465952497e-04
1.000000000000000000e+04;3.261902503175106904e+04;2.595330660194551447e-04;-2.969065530115194370e-04
1.000000000000000000e+04;3.261902547636897361e+04;2.595320928992031766e-04;-2.969080539514200160e-04
1.000000000000000000e+04;3.261902593837253153e+04;2.595305526538015236e-04;-2.969090752235994165e-04
1.000000000000000000e+04;3.265862414771697149e+04;1.216486622508212507e-04;-3.746562849919256874e-04
1.000000000000000000e+04;3.269839181968956836e+04;-3.305726695168150950e-05;-3.954731129399924002e-04
1.000000000000000000e+04;3.273807483127211890e+04;-1.862336580134240261e-04;-3.473567297534252765e-04
1.000000000000000000e+04;3.277775445183886040e+04;-3.072738940372440821e-04;-2.450596844453309777e-04
1.000000000000000000e+04;3.277776142735950998e+04;-3.072938259466010302e-04;-2.450398414197528388e-04
1.000000000000000000e+04;3.277776840697337320e+04;-3.073054857938281375e-04;-2.450151831832336757e-04
1.000000000000000000e+04;3.281747051146433660e+04;-3.788044886363242745e-04;-1.060979778489865813e-04
1.000000000000000000e+04;3.285710250475792418e+04;-3.878105417858149304e-04;4.835117193292618723e-05
1.000000000000000000e+04;3.285714635823227582e+04;-3.878066754404049755e-04;4.852956584412822862e-05
1.000000000000000000e+04;3.285719018788289395e+04;-3.877423627968991870e-04;4.868650766807707908e-05
1.000000000000000000e+04;3.289682541961640527e+04;-3.380920568230816282e-04;1.996108924506562036e-04
1.000000000000000000e+04;3.293648446536713891e+04;-2.331948476866987387e-04;3.161622660478000959e-04
1.000000000000000000e+04;3.293649420385310077e+04;-2.331665849397342464e-04;3.161897520094231889e-04
1.000000000000000000e+04;3.293650394021149987e+04;-2.331314677393650633e-04;3.162029295493701134e-04
1.000000000000000000e+04;3.297617404765191895e+04;-9.004049253066700651e-05;3.813176976205670489e-04
1.000000000000000000e+04;3.301585514168849477e+04;6.802684967551152456e-05;3.869480927654077372e-04
1.000000000000000000e+04;3.305553803860933112e+04;2.122489001522208873e-04;3.287141708108549053e-04
1.000000000000000000e+04;3.309522093555861647e+04;3.253401029372933722e-04;2.173722622745113454e-04
1.000000000000000000e+04;3.313490383261597890e+04;3.833141266336746256e-04;7.387094083142993007e-05
1.000000000000000000e+04;3.317458672968442261e+04;3.824326105261797288e-04;-8.219198176458308185e-05
1.000000000000000000e+04;3.321426962680912402e+04;3.180293924226762232e-04;-2.257670323151559038e-04
1.000000000000000000e+04;3.325395252393774717e+04;2.059627030778579139e-04;-3.331235818752111564e-04
1.000000000000000000e+04;3.329363542109598347e+04;5.747535317257390999e-05;-3.860812025155363827e-04
1.000000000000000000e+04;3.333331831825432164e+04;-9.832836167133031987e-05;-3.790916609362701977e-04
1.000000000000000000e+04;3.337300121542745183e+04;-2.379945662697789774e-04;-3.092597779698596366e-04
1.000000000000000000e+04;3.341268411259722052e+04;-3.390658585669578109e-04;-1.904403570972161629e-04
1.000000000000000000e+04;3.345236700977393775e+04;-3.873018832490514231e-04;-4.333993282025826535e-05
1.000000000000000000e+04;3.349204990694991284e+04;-3.720199891496291924e-04;1.124651978112880082e-04
1.000000000000000000e+04;3.353173280413087923e+04;-2.985578438083871713e-04;2.485840120015517067e-04
1.000000000000000000e+04;3.357141570131220215e+04;-1.774424826638504424e-04;3.460648041255278686e-04
1.000000000000000000e+04;3.361109859849714121e+04;-2.797683315639871784e-05;3.865829115443221811e-04
1.000000000000000000e+04;3.365078149568087247e+04;1.288680610287781683e-04;3.693381028919613695e-04
1.000000000000000000e+04;3.369046439286675013e+04;2.590928138726356729e-04;2.872231372795464250e-04
1.000000000000000000e+04;3.373014729005161644e+04;3.517272585142916541e-04;1.625430714311318619e-04
1.000000000000000000e+04;3.376983018723679561e+04;3.861837180172954806e-04;1.189865149240831891e-05
1.000000000000000000e+04;3.380951308442209847e+04;3.626308550593996573e-04;-1.395892494569634084e-04
1.000000000000000000e+04;3.384919598160764872e+04;2.758631317778678584e-04;-2.707128371250281437e-04
1.000000000000000000e+04;3.388887887879332266e+04;1.503930996018764646e-04;-3.560376972091104522e-04
1.000000000000000000e+04;3.392856177597907663e+04;-2.960542748317074424e-06;-3.867449945751852934e-04
1.000000000000000000e+04;3.396824467316491791e+04;-1.539642913854317660e-04;-3.563496383243564252e-04
1.000000000000000000e+04;3.400792757035080285e+04;-2.800504474001663433e-04;-2.664194841599813106e-04
1.000000000000000000e+04;3.404761046753668052e+04;-3.596931166099649703e-04;-1.332350996903667413e-04
1.000000000000000000e+04;3.408729336472260184e+04;-3.851748918307852827e-04;1.616843425652684076e-05
1.000000000000000000e+04;3.412697626190855226e+04;-3.486335881871709466e-04;1.658752222309530476e-04
1.000000000000000000e+04;3.416665915909451724e+04;-2.547180278294118669e-04;2.882645993746929883e-04
1.000000000000000000e+04;3.420634205628047494e+04;-1.212518163060484543e-04;3.659260512227246629e-04
1.000000000000000000e+04;3.424602495346643991e+04;3.056576887521957162e-05;3.826126552279313217e-04
1.000000000000000000e+04;3.428570785065239761e+04;1.788450994219724041e-04;3.433918224717178672e-04
1.000000000000000000e+04;3.432539074783839169e+04;2.967935356459137485e-04;2.431088469061823540e-04
1.000000000000000000e+04;3.436507364502435667e+04;3.677832060819845924e-04;1.068946137204554746e-04
1.000000000000000000e+04;3.440475654221032892e+04;3.807811023795014274e-04;-4.489002563291077079e-05
1.000000000000000000e+04;3.444443943939630844e+04;3.341060173995539953e-04;-1.881248856980243791e-04
1.000000000000000000e+04;3.448412233658228070e+04;2.321934780167162209e-04;-3.054632998180328808e-04
1.000000000000000000e+04;3.452380523376826750e+04;9.468179336611833583e-05;-3.715080645103818399e-04
1.000000000000000000e+04;3.456348813095423975e+04;-5.741977835463160239e-05;-3.787531143680574613e-04
1.000000000000000000e+04;3.460317102814021928e+04;-2.015563826675055722e-04;-3.273948548479105065e-04
1.000000000000000000e+04;3.464285392532619881e+04;-3.117681361102468533e-04;-2.218564214212111717e-04
1.000000000000000000e+04;3.468253682251217106e+04;-3.727356413762679746e-04;-7.993546938678700660e-05
1.000000000000000000e+04;3.472221971969815786e+04;-3.752547650984662943e-04;6.989272183675647920e-05
1.000000000000000000e+04;3.476190261688413739e+04;-3.189577176037367706e-04;2.094427666532938594e-04
1.000000000000000000e+04;3.480158551407010964e+04;-2.103911513731140069e-04;3.182320165778050993e-04
1.000000000000000000e+04;3.484126841125608189e+04;-6.879570003203032999e-05;3.761868464033240353e-04
1.000000000000000000e+04;3.488095130844206142e+04;8.169289692491220659e-05;3.715814761098064790e-04
1.000000000000000000e+04;3.492063420562804095e+04;2.219100090651657947e-04;3.108058742834303640e-04
1.000000000000000000e+04;3.496031710281402047e+04;3.232291991690410329e-04;1.992308335953879767e-04
1.000000000000000000e+04;3.500000000000000000e+04;3.760660780517582403e-04;5.521262242649880285e-05
1.000000000000000000e+04;3.503968289718597225e+04;3.668064025446527874e-04;-9.425812322312861831e-05
1.000000000000000000e+04;3.507936579437195178e+04;3.036405988269793633e-04;-2.292090333255135393e-04
1.000000000000000000e+04;3.511904869155793131e+04;1.870287925542207645e-04;-3.296143895401602115e-04
1.000000000000000000e+04;3.515873158874391083e+04;4.518666614225795618e-05;-3.778966301312562713e-04
1.000000000000000000e+04;3.519841448592989036e+04;-1.062971154133499541e-04;-3.636986319015963424e-04
1.000000000000000000e+04;3.523809738311586989e+04;-2.387859990324027416e-04;-2.945578079673696914e-04
1.000000000000000000e+04;3.527778028030184214e+04;-3.348782894553056864e-04;-1.774721994548413397e-04
1.000000000000000000e+04;3.531746317748782894e+04;-3.758219345303716861e-04;-3.053761130345828176e-05
1.000000000000000000e+04;3.535714607467380119e+04;-3.597187227259603234e-04;1.164497117258855255e-04
1.000000000000000000e+04;3.539682897185978072e+04;-2.860403559937589862e-04;2.463651307197997479e-04
1.000000000000000000e+04;3.543651186904574570e+04;-1.665895587144740190e-04;3.384207389878301055e-04
1.000000000000000000e+04;3.547619476623172523e+04;-2.101075919135505965e-05;3.801401201780072511e-04
1.000000000000000000e+04;3.551587766341770475e+04;1.267725981672857352e-04;3.543321925795641205e-04
1.000000000000000000e+04;3.555556056060369156e+04;2.555690362237293982e-04;2.782181720080652331e-04
1.000000000000000000e+04;3.559524345778966381e+04;3.428135462235673797e-04;1.553963380830736631e-04
1.000000000000000000e+04;3.563492635497564333e+04;3.752563405398364285e-04;1.101591290497623688e-05
1.000000000000000000e+04;3.567460925216163014e+04;3.504162854112089225e-04;-1.378316504366050642e-04
1.000000000000000000e+04;3.571429214934760967e+04;2.696993013685771009e-04;-2.607223948190977325e-04
1.000000000000000000e+04;3.575397504653357464e+04;1.463417429883800492e-04;-3.470508649555738051e-04
1.000000000000000000e+04;3.579365794371952506e+04;-1.982816099473972903e-06;-3.762339039671072378e-04
1.000000000000000000e+04;3.583334084090548276e+04;-1.455325175166634225e-04;-3.461233475105998788e-04
1.000000000000000000e+04;3.587302373809143319e+04;-2.703891729670371258e-04;-2.605218203526081587e-04
1.000000000000000000e+04;3.591270663527737634e+04;-3.483708383198908009e-04;-1.365061232335986700e-04
1.000000000000000000e+04;3.595238953246329766e+04;-3.756087784255519760e-04;1.143608389165451992e-05
1.000000000000000000e+04;3.599207242964918987e+04;-3.397131480651901592e-04;1.549609932535024972e-04
1.000000000000000000e+04;3.603175532683505298e+04;-2.550202764761347459e-04;2.751966100114170430e-04
1.000000000000000000e+04;3.607143822402088699e+04;-1.256606395962120795e-04;3.516232030202736249e-04
1.000000000000000000e+04;3.611112112120659731e+04;1.981391789832852730e-05;3.742649932938265506e-04
1.000000000000000000e+04;3.615080401839229307e+04;1.638450145813136151e-04;3.352334062937229972e-04
1.000000000000000000e+04;3.619048691557777784e+04;2.811244964255577797e-04;2.454191391651048713e-04
1.000000000000000000e+04;3.623016981276284059e+04;3.540723040162266702e-04;1.167159367335917730e-04
1.000000000000000000e+04;3.626985270994702296e+04;3.713642681622480535e-04;-3.088367909121470092e-05
1.000000000000000000e+04;3.630953560713042680e+04;3.301964644515708929e-04;-1.719757782735548070e-04
1.000000000000000000e+04;3.634921850431253552e+04;2.389675715304612810e-04;-2.861636162082929194e-04
1.000000000000000000e+04;3.638890140149346553e+04;1.075064997070085030e-04;-3.562225330730722892e-04
1.000000000000000000e+04;3.642858429867222731e+04;-3.818149331138373243e-05;-3.711058587087067264e-04
1.000000000000000000e+04;3.646826719584866805e+04;-1.794665904790739811e-04;-3.254754680067039577e-04
1.000000000000000000e+04;3.650795009302094695e+04;-2.906106047473040028e-04;-2.300328198685012374e-04
1.000000000000000000e+04;3.654763299018836551e+04;-3.580120475770426748e-04;-9.943973960127157840e-05
1.000000000000000000e+04;3.658731588734762772e+04;-3.667108755299965019e-04;4.926825882125689002e-05
1.000000000000000000e+04;3.662699878449670359e+04;-3.209193497396157623e-04;1.861343326234440507e-04
1.000000000000000000e+04;3.666668168147714459e+04;-2.220279839907511512e-04;2.957752051985262681e-04
1.000000000000000000e+04;3.670636457743813662e+04;-9.149135960143377645e-05;3.582507358708011502e-04
1.000000000000000000e+04;3.674604747215649695e+04;5.600306048070131091e-05;3.698481947035916692e-04
1.000000000000000000e+04;3.678573036318957747e+04;1.919932483415018255e-04;3.146458089593388678e-04
1.000000000000000000e+04;3.682541321338875423e+04;3.020989129896015026e-04;2.162477852673963606e-04
1.000000000000000000e+04;3.686509615427757672e+04;3.590773062102135078e-04;8.185582932194069173e-05
1.000000000000000000e+04;3.690477906354791048e+04;3.634651776011244982e-04;-6.142174944010087305e-05
1.000000000000000000e+04;3.694446196033984597e+04;3.100039490295712847e-04;-2.002416631720363113e-04
1.000000000000000000e+04;3.698414485625526140e+04;2.109037432322554133e-04;-3.017002107066684910e-04
1.000000000000000000e+04;3.702382775230912375e+04;7.479605891998144954e-05;-3.616791884478618661e-04
1.000000000000000000e+04;3.706351064796302671e+04;-7.049469380620174640e-05;-3.623638615354261025e-04
1.000000000000000000e+04;3.710319354172362364e+04;-2.045668720975556761e-04;-3.066177849461077551e-04
1.000000000000000000e+04;3.714287643369345460e+04;-3.083199031913563272e-04;-2.005523696317098160e-04
1.000000000000000000e+04;3.718255932789076905e+04;-3.611271370333592017e-04;-6.856644169162086691e-05
1.000000000000000000e+04;3.722224219506445661e+04;-3.586627276805293206e-04;7.696865070645180081e-05
1.000000000000000000e+04;3.726197417580288311e+04;-3.011323526945538088e-04;2.101673800052157256e-04
1.000000000000000000e+04;3.730127407950005727e+04;-1.990842049712823855e-04;3.090209853716089803e-04
1.000000000000000000e+04;3.730169171726831701e+04;-1.980182299778045143e-04;3.101127428491063124e-04
1.000000000000000000e+04;3.730211552280660544e+04;-1.966224643232620248e-04;3.107852250192667289e-04
1.000000000000000000e+04;3.734136299678224896e+04;-6.092487198021361543e-05;3.619350358154534912e-04
1.000000000000000000e+04;3.738040733000561158e+04;8.121792456098135516e-05;3.580048850869153626e-04
1.000000000000000000e+04;3.738087978044462943e+04;8.295771095256710738e-05;3.579914511778224738e-04
1.000000000000000000e+04;3.738133339622491621e+04;8.447399663261390926e-05;3.574170612117833737e-04
1.000000000000000000e+04;3.742060958096051763e+04;2.145151183238387389e-04;2.975399279690507074e-04
1.000000000000000000e+04;3.746210380608180276e+04;3.164687518341260226e-04;1.832082471272907160e-04
1.000000000000000000e+04;3.746281207573228312e+04;3.180307997276082626e-04;1.811776518146266367e-04
1.000000000000000000e+04;3.746332181101584865e+04;3.186036822843550838e-04;1.794031971314184379e-04
1.000000000000000000e+04;3.749607521928667848e+04;3.525470279326676105e-04;6.814657834630241608e-05
1.000000000000000000e+04;3.752312674831839104e+04;3.644262370140513943e-04;-3.014749369577863618e-05
1.000000000000000000e+04;3.752774787966957956e+04;3.615454098149323238e-04;-4.680548852894137726e-05
1.000000000000000000e+04;3.756958459508378292e+04;3.129789187542887370e-04;-1.896272102722356778e-04
1.000000000000000000e+04;3.757305719696584856e+04;3.053178771184969107e-04;-1.994726211308053083e-04
1.000000000000000000e+04;3.761846637987884606e+04;1.881838336757901827e-04;-3.169937085340763594e-04
1.000000000000000000e+04;3.762132583662063553e+04;1.787872470800646002e-04;-3.213669281791435833e-04
1.000000000000000000e+04;3.766728913367015048e+04;1.776521105179183364e-05;-3.634882932545612324e-04
1.000000000000000000e+04;3.766978219540593273e+04;8.701226916227294123e-06;-3.631205037298519179e-04
1.000000000000000000e+04;3.771606809768254607e+04;-1.526232908339569122e-04;-3.313876858106718599e-04
1.000000000000000000e+04;3.771804156405116373e+04;-1.588069804961402226e-04;-3.275748218704999516e-04
1.000000000000000000e+04;3.776494444284769270e+04;-2.912383281151425651e-04;-2.202363750407957657e-04
1.000000000000000000e+04;3.776654075465609640e+04;-2.941589383807137210e-04;-2.153757796671846995e-04
1.000000000000000000e+04;3.781389126612969267e+04;-3.605449022877986443e-04;-5.660319224449656696e-05
1.000000000000000000e+04;3.781547926380772697e+04;-3.609252672259688965e-04;-5.085212234186205102e-05
1.000000000000000000e+04;3.786284241522679076e+04;-3.439332762375540324e-04;1.199151476001998910e-04
1.000000000000000000e+04;3.786443044603095768e+04;-3.415579377941269502e-04;1.250712354330585016e-04
1.000000000000000000e+04;3.791179347463215527e+04;-2.476272249162053359e-04;2.670059777262873114e-04
1.000000000000000000e+04;3.791338152275003813e+04;-2.430878743751884222e-04;2.705673326677137834e-04
1.000000000000000000e+04;3.796074441663069592e+04;-9.398527889213731889e-05;3.513922173493015471e-04
1.000000000000000000e+04;3.796233251660134556e+04;-8.830824338789441518e-05;3.522902087363569243e-04
1.000000000000000000e+04;3.800969539076706860e+04;8.121843742175821894e-05;3.548748250379379020e-04
1.000000000000000000e+04;3.801128346259804675e+04;8.662934666554380548e-05;3.530508045049406823e-04
1.000000000000000000e+04;3.805864650900876586e+04;2.382750742129103444e-04;2.749375971359282697e-04
1.000000000000000000e+04;3.806023453801609867e+04;2.421838681591145662e-04;2.707927358464697542e-04
1.000000000000000000e+04;3.810759766223994666e+04;3.394036058913812862e-04;1.300496632288616157e-04
1.000000000000000000e+04;3.810918575404035801e+04;3.409492172457675497e-04;1.245987181339495119e-04
1.000000000000000000e+04;3.815654867207019561e+04;3.583435157408314514e-04;-4.511101473031302740e-05
1.000000000000000000e+04;3.815813691325250693e+04;3.571892468320440059e-04;-5.068641947563174279e-05
1.000000000000000000e+04;3.820549954554525902e+04;2.971353858437457006e-04;-2.067931071936317754e-04
1.000000000000000000e+04;3.820708787532784481e+04;2.933367875527767349e-04;-2.111807427493355815e-04
1.000000000000000000e+04;3.825445056770513474e+04;1.661634855908939259e-04;-3.236806128896198244e-04
1.000000000000000000e+04;3.825603878786381392e+04;1.609403895000394949e-04;-3.256700423925045634e-04
1.000000000000000000e+04;3.830340169805639744e+04;-5.795496480073010612e-06;-3.634701537023478477e-04
1.000000000000000000e+04;3.830498985798709327e+04;-1.144339862512564885e-05;-3.629256954225470208e-04
1.000000000000000000e+04;3.835235286793756677e+04;-1.739956962892249572e-04;-3.173963661153907253e-04
1.000000000000000000e+04;3.835394112839451554e+04;-1.787235533831803877e-04;-3.141791439931344073e-04
1.000000000000000000e+04;3.840130387889796839e+04;-2.999802142150903659e-04;-1.994694635243410589e-04
1.000000000000000000e+04;3.840289240229054121e+04;-3.026925656026134863e-04;-1.944644164266219860e-04
1.000000000000000000e+04;3.845025465214074939e+04;-3.595237388862249843e-04;-3.496299334008626063e-05
1.000000000000000000e+04;3.845184336454669392e+04;-3.594160805460634061e-04;-2.925694224587351122e-05
1.000000000000000000e+04;3.849920564574682794e+04;-3.332146304597127275e-04;1.377513592029595889e-04
1.000000000000000000e+04;3.850079409784395102e+04;-3.306626435023778620e-04;1.426785625662853633e-04
1.000000000000000000e+04;3.854815686716504570e+04;-2.284920436368087732e-04;2.784720822305280911e-04
1.000000000000000000e+04;3.854974499678209395e+04;-2.237631566557112765e-04;2.816900476675696205e-04
1.000000000000000000e+04;3.859710813145267457e+04;-7.310852847110115460e-05;3.522835150648970931e-04
1.000000000000000000e+04;3.859869610722153448e+04;-6.750829054745289594e-05;3.528631546210196819e-04
1.000000000000000000e+04;3.864605925271569868e+04;1.007785295186708167e-04;3.470468241734035665e-04
1.000000000000000000e+04;3.864764726412768505e+04;1.060656867577427099e-04;3.449583067591895287e-04
1.000000000000000000e+04;3.869501020543058257e+04;2.496607694022284708e-04;2.577769690175922752e-04
1.000000000000000000e+04;3.869659829008967063e+04;2.532932307246345770e-04;2.534902481974889155e-04
1.000000000000000000e+04;3.874396115626126266e+04;3.424944752830208299e-04;1.129718788524479694e-04
1.000000000000000000e+04;3.874554923817256349e+04;3.437397911415582675e-04;1.074381087481736982e-04
1.000000000000000000e+04;3.879291222612018464e+04;3.531696510846700303e-04;-6.235336392722386418e-05
1.000000000000000000e+04;3.879450026951193286e+04;3.517002514972060738e-04;-6.771250178293467968e-05
1.000000000000000000e+04;3.884186334632418584e+04;2.841034511817310416e-04;-2.190196936156945957e-04
1.000000000000000000e+04;3.884345140524422459e+04;2.802705146957846344e-04;-2.231842009850805713e-04
1.000000000000000000e+04;3.889081441490051657e+04;1.470902684520562960e-04;-3.272236241162687241e-04
1.000000000000000000e+04;3.889240255094452004e+04;1.417704976580068377e-04;-3.289832219674880412e-04
1.000000000000000000e+04;3.893976544510230451e+04;-2.006122542305258623e-05;-3.575052803617207505e-04
1.000000000000000000e+04;3.894135368606321572e+04;-2.563587147043531279e-05;-3.566874618670563823e-04
1.000000000000000000e+04;3.898871645685125986e+04;-1.874271234351355866e-04;-3.073315336143841135e-04
1.000000000000000000e+04;3.899030484634363529e+04;-1.918404309079201650e-04;-3.038995235614505401e-04
1.000000000000000000e+04;3.903766739456389769e+04;-3.068080304915796327e-04;-1.832566848751167917e-04
1.000000000000000000e+04;3.903925589896184101e+04;-3.093149307947940917e-04;-1.783021813749341704e-04
1.000000000000000000e+04;3.908661821059948852e+04;-3.570820789135387293e-04;-1.906223104027066360e-05
1.000000000000000000e+04;3.908820657714101981e+04;-3.568027070057031448e-04;-1.337337473297400146e-05
1.000000000000000000e+04;3.913556944664683397e+04;-3.237240755931831407e-04;1.497312992891659941e-04
1.000000000000000000e+04;3.913715759321708174e+04;-3.209576575874007343e-04;1.544666681382285487e-04
1.000000000000000000e+04;3.918452074036450358e+04;-2.174749095522062012e-04;2.844138862353782853e-04
1.000000000000000000e+04;3.918610872866180580e+04;-2.126802548255545683e-04;2.874373142623285414e-04
1.000000000000000000e+04;3.923347187895686511e+04;-5.850644995674724125e-05;3.520395105706110805e-04
1.000000000000000000e+04;3.923505990345076134e+04;-5.305487953244612538e-05;3.523522974820501733e-04
1.000000000000000000e+04;3.928242278269984672e+04;1.127249593808846585e-04;3.400055927320075680e-04
1.000000000000000000e+04;3.928401090530743386e+04;1.179122679403446673e-04;3.378387793471713521e-04
1.000000000000000000e+04;3.933137365572131966e+04;2.563642819725912999e-04;2.469285553444246261e-04
1.000000000000000000e+04;3.933296174805812916e+04;2.598055941384517587e-04;2.425287768282137003e-04
1.000000000000000000e+04;3.938032475117919967e+04;3.425382690274521497e-04;1.003125385187230611e-04
1.000000000000000000e+04;3.938191270991360943e+04;3.435980489716509252e-04;9.487088268162400509e-05
1.000000000000000000e+04;3.942927600514729420e+04;3.493274536555320562e-04;-7.164758423618967345e-05
1.000000000000000000e+04;3.943086391476852441e+04;3.476613917802024410e-04;-7.698325560446075185e-05
1.000000000000000000e+04;3.947822714321688545e+04;2.756285292662533667e-04;-2.252639013122775943e-04
1.000000000000000000e+04;3.947981516054109670e+04;2.718016586194627960e-04;-2.291415072226738359e-04
1.000000000000000000e+04;3.952717807972654555e+04;1.365094784611676213e-04;-3.280863697110558263e-04
1.000000000000000000e+04;3.952876623737091722e+04;1.312021237173180150e-04;-3.297934832053845506e-04
1.000000000000000000e+04;3.957612898242516530e+04;-2.925916835398135546e-05;-3.528693191456562040e-04
1.000000000000000000e+04;3.957771718703288207e+04;-3.474586613607062778e-05;-3.518507430204955680e-04
1.000000000000000000e+04;3.962508000333389646e+04;-1.920878054216110980e-04;-2.990703019497258780e-04
1.000000000000000000e+04;3.962666816651202680e+04;-1.963754376770027296e-04;-2.956383103218213852e-04
1.000000000000000000e+04;3.967403112554150721e+04;-3.091330304616841289e-04;-1.750967291961696656e-04
1.000000000000000000e+04;3.967561922723616590e+04;-3.114269656702284153e-04;-1.700559733515927773e-04
1.000000000000000000e+04;3.972298226862961747e+04;-3.545096414493952583e-04;-1.082175568790808980e-05
1.000000000000000000e+04;3.972457034241079236e+04;-3.541773841028917529e-04;-5.330531556577433108e-06
1.000000000000000000e+04;3.977193336015345267e+04;-3.178435323384550004e-04;1.545642726344914728e-04
1.000000000000000000e+04;3.977352147087107733e+04;-3.150083901957056922e-04;1.593072468600584886e-04
1.000000000000000000e+04;3.982088434718261851e+04;-2.103957434263541897e-04;2.848961000762059801e-04
1.000000000000000000e+04;3.982247252937262238e+04;-2.056054998688508278e-04;2.877295277972845245e-04
1.000000000000000000e+04;3.986983528987041791e+04;-5.320857919885793857e-05;3.484928883221071676e-04
1.000000000000000000e+04;3.987142349115141405e+04;-4.781335340067485810e-05;3.487974252016094105e-04
1.000000000000000000e+04;3.991878634061873890e+04;1.168419535425151720e-04;3.343622726691185070e-04
1.000000000000000000e+04;3.992037447633617558e+04;1.219063912311960210e-04;3.320728288853272794e-04
1.000000000000000000e+04;3.996773751392383565e+04;2.572307127706838941e-04;2.397580879375669680e-04
1.000000000000000000e+04;3.996932562487918767e+04;2.605574424298356256e-04;2.354747011936596159e-04
1.000000000000000000e+04;4.001668863731417514e+04;3.409679432418341572e-04;9.336955051971853659e-05
1.000000000000000000e+04;4.001827680960785074e+04;3.419942843637350117e-04;8.792079921659719797e-05
1.000000000000000000e+04;4.006563961615202425e+04;3.446014578977883063e-04;-7.566317925271570871e-05
1.000000000000000000e+04;4.006722784054368094e+04;3.428734017320694263e-04;-8.088817260636571235e-05
1.000000000000000000e+04;4.011459055691120739e+04;2.723026420721534569e-04;-2.264817501371118528e-04
1.000000000000000000e+04;4.011617872938429355e+04;2.684962703770972970e-04;-2.303119704359233764e-04
1.000000000000000000e+04;4.016354159665379120e+04;1.330725305346435361e-04;-3.276271263411570313e-04
1.000000000000000000e+04;4.016512965190463001e+04;1.278248751056036648e-04;-3.292452137436838676e-04
1.000000000000000000e+04;4.021249270400413661e+04;-3.130671770087948180e-05;-3.494542730714363045e-04
1.000000000000000000e+04;4.021408070255765779e+04;-3.664680692412399004e-05;-3.485174735573537148e-04
1.000000000000000000e+04;4.026144382107620913e+04;-1.918912010405030889e-04;-2.953294774512670983e-04
1.000000000000000000e+04;4.026303183053645625e+04;-1.962191304171072618e-04;-2.918879681617811113e-04
1.000000000000000000e+04;4.031039487583207665e+04;-3.060399391414146751e-04;-1.726038182811741436e-04
1.000000000000000000e+04;4.031198295316274744e+04;-3.081857248098114448e-04;-1.676664924712068438e-04
1.000000000000000000e+04;4.035934585033308394e+04;-3.533381525824013823e-04;-9.616034041067720339e-06
1.000000000000000000e+04;4.036093400593932893e+04;-3.530639120099797208e-04;-4.206167380124636136e-06
1.000000000000000000e+04;4.040829678849665652e+04;-3.153429484171982149e-04;1.545810611073900791e-04
1.000000000000000000e+04;4.040988490242096304e+04;-3.125220794083422883e-04;1.592521109121589323e-04
1.000000000000000000e+04;4.045724788117394201e+04;-2.099752252856802151e-04;2.824748145022317803e-04
1.000000000000000000e+04;4.045883589530566678e+04;-2.053249908995543596e-04;2.853116721690926905e-04
1.000000000000000000e+04;4.050619902325415023e+04;-5.483743734084708021e-05;3.471575423386057298e-04
1.000000000000000000e+04;4.050778698944522330e+04;-4.941479688308675117e-05;3.474593976099755381e-04
1.000000000000000000e+04;4.055515012531659158e+04;1.125128375746904002e-04;3.327745365677994512e-04
1.000000000000000000e+04;4.055673812920700584e+04;1.174146920133458755e-04;3.305880296833595437e-04
1.000000000000000000e+04;4.060410112859975925e+04;2.535977577346234645e-04;2.413517927447495653e-04
1.000000000000000000e+04;4.060568919309211924e+04;2.569859259206247796e-04;2.371260795747862061e-04
1.000000000000000000e+04;4.065305210052737675e+04;3.364618021672431962e-04;9.628609440645101946e-05
1.000000000000000000e+04;4.065464017651421455e+04;3.374671032488909769e-04;9.096674381098994228e-05
1.000000000000000000e+04;4.070200313400321465e+04;3.425932099204889551e-04;-7.028830254700027199e-05
1.000000000000000000e+04;4.070359116860612994e+04;3.410118902432196421e-04;-7.547562919693403421e-05
1.000000000000000000e+04;4.075095423519409815e+04;2.726693925212561273e-04;-2.208712041801912075e-04
1.000000000000000000e+04;4.075254223025564715e+04;2.688826010671850294e-04;-2.246966985439492520e-04
1.000000000000000000e+04;4.079990533749292081e+04;1.378520585790897338e-04;-3.216495620086054757e-04
1.000000000000000000e+04;4.080149333734605898e+04;1.327392476071983802e-04;-3.233235017172713874e-04
1.000000000000000000e+04;4.084885639164977329e+04;-2.470279943832261697e-05;-3.475607745747419787e-04
1.000000000000000000e+04;4.085044443109841086e+04;-3.001546725084124222e-05;-3.466922643576143110e-04
1.000000000000000000e+04;4.089780741031903017e+04;-1.841225705796763310e-04;-2.957196186459914826e-04
1.000000000000000000e+04;4.089939548947764706e+04;-1.884483169276987883e-04;-2.924438088130036379e-04
1.000000000000000000e+04;4.094675843894312857e+04;-2.978214565700632033e-04;-1.769674112823564128e-04
1.000000000000000000e+04;4.094834654047701770e+04;-3.000850334323857229e-04;-1.721334982083780492e-04
1.000000000000000000e+04;4.099570950317273673e+04;-3.485848022907059112e-04;-1.675857624801916176e-05
1.000000000000000000e+04;4.099729763183197792e+04;-3.483805029849221810e-04;-1.139834531285599862e-05
1.000000000000000000e+04;4.104466059560281428e+04;-3.144949831529443790e-04;1.451600160299078149e-04
1.000000000000000000e+04;4.104624878983603412e+04;-3.118507756577664413e-04;1.498328786008800903e-04
1.000000000000000000e+04;4.109361166894053895e+04;-2.138905445501169673e-04;2.749681695247232528e-04
1.000000000000000000e+04;4.109519998826269148e+04;-2.093603711802522935e-04;2.778440054908966556e-04
1.000000000000000000e+04;4.114256266073384177e+04;-6.159885247587937220e-05;3.430336639909425988e-04
1.000000000000000000e+04;4.114415113137214939e+04;-5.623758280527638034e-05;3.435100686883596293e-04
1.000000000000000000e+04;4.119151359147926996e+04;1.016200796967632602e-04;3.314129410545751443e-04
1.000000000000000000e+04;4.119310203008042299e+04;1.065262666978222361e-04;3.294380257587370344e-04
1.000000000000000000e+04;4.124046461792342598e+04;2.452709513927664496e-04;2.463440085899007209e-04
1.000000000000000000e+04;4.124205291603309161e+04;2.487636989999104063e-04;2.421943073291459839e-04
1.000000000000000000e+04;4.128941579825575172e+04;3.283404231478662377e-04;1.064459574961479355e-04
1.000000000000000000e+04;4.129100395602807839e+04;3.295199299748123416e-04;1.012902334020681272e-04
1.000000000000000000e+04;4.133836690708144306e+04;3.420325060654855589e-04;-5.977856598779191492e-05
1.000000000000000000e+04;4.133995509255439538e+04;3.406276229469178216e-04;-6.491222587588744313e-05
1.000000000000000000e+04;4.138731783931078098e+04;2.749125224429424096e-04;-2.103594342171280702e-04
1.000000000000000000e+04;4.138890608916924248e+04;2.713753177588237799e-04;-2.143291631248470997e-04
1.000000000000000000e+04;4.143626883887041186e+04;1.471392913136451784e-04;-3.121136479356489122e-04
1.000000000000000000e+04;4.143785695386591397e+04;1.421360603203123665e-04;-3.139435142199662084e-04
1.000000000000000000e+04;4.148521993908338482e+04;-1.411762931952771709e-05;-3.469917664347501912e-04
1.000000000000000000e+04;4.148680794045768562e+04;-1.940831328436695550e-05;-3.462669329529111280e-04
1.000000000000000000e+04;4.153417107552752714e+04;-1.710198720609263029e-04;-2.999548906978318505e-04
1.000000000000000000e+04;4.153575905464971584e+04;-1.753684899035209000e-04;-2.969984602179947131e-04
1.000000000000000000e+04;4.158312210933793540e+04;-2.915851695316197751e-04;-1.871786694565541595e-04
1.000000000000000000e+04;4.158471012985369453e+04;-2.940307708235552963e-04;-1.824469966049941760e-04
1.000000000000000000e+04;4.163207310825711465e+04;-3.437917821019850924e-04;-3.248360583141329599e-05
1.000000000000000000e+04;4.163366113230380870e+04;-3.438925070917768197e-04;-2.718535176632568793e-05
1.000000000000000000e+04;4.168102417483027239e+04;-3.198753009454021802e-04;1.289139049062399778e-04
1.000000000000000000e+04;4.168261217596026108e+04;-3.174071148021576538e-04;1.336066929433171280e-04
1.000000000000000000e+04;4.172997525329393102e+04;-2.243430742359541386e-04;2.624420528467414607e-04
1.000000000000000000e+04;4.173156327036666335e+04;-2.200856443700468677e-04;2.655276497142890365e-04
1.000000000000000000e+04;4.177892627021725639e+04;-7.766872510947230566e-05;3.340129735330287820e-04
1.000000000000000000e+04;4.178051432048375136e+04;-7.242194256155899852e-05;3.347372120188798193e-04
1.000000000000000000e+04;4.182787728908994177e+04;8.576466155602046910e-05;3.333343793106706182e-04
1.000000000000000000e+04;4.182946534484650329e+04;9.070494116821052307e-05;3.315934532348982153e-04
1.000000000000000000e+04;4.187682838374871062e+04;2.298353168166840637e-04;2.545521672869738902e-04
1.000000000000000000e+04;4.187841645078700822e+04;2.334632464599122091e-04;2.507046718757811703e-04
1.000000000000000000e+04;4.192577949883821566e+04;3.221185167306978166e-04;1.214405530077431708e-04
1.000000000000000000e+04;4.192736765069929970e+04;3.235246821168882023e-04;1.163661700174505070e-04
1.000000000000000000e+04;4.197473052991987061e+04;3.417451783346351604e-04;-4.050340420451248671e-05
1.000000000000000000e+04;4.197631883174397808e+04;3.407154685855537748e-04;-4.566503626409423676e-05
1.000000000000000000e+04;4.202368143364126445e+04;2.855114330047177590e-04;-1.929382586599782848e-04
1.000000000000000000e+04;4.202526983895315061e+04;2.821619937742341389e-04;-1.969906663333062633e-04
1.000000000000000000e+04;4.207263244139408926e+04;1.647335218779299732e-04;-3.014598211603231851e-04
1.000000000000000000e+04;4.207422070004678972e+04;1.599885414045026509e-04;-3.036356237549221325e-04
1.000000000000000000e+04;4.212158356801969057e+04;6.900211349405961718e-06;-3.420660143497988837e-04
1.000000000000000000e+04;4.212317164875783055e+04;1.650302429400480484e-06;-3.416559304013551423e-04
1.000000000000000000e+04;4.217053470442325488e+04;-1.508902463620907352e-04;-3.077715969070948560e-04
1.000000000000000000e+04;4.217212270882602752e+04;-1.553776458089867185e-04;-3.051081735245692863e-04
1.000000000000000000e+04;4.221948576414692070e+04;-2.754021318765893507e-04;-2.026295696386164831e-04
1.000000000000000000e+04;4.222107378759629501e+04;-2.780926831218776072e-04;-1.981537793154872901e-04
1.000000000000000000e+04;4.226843675291176623e+04;-3.393716315757161375e-04;-5.324190424146232046e-05
1.000000000000000000e+04;4.227002480032030144e+04;-3.397529429255393752e-04;-4.803694398865385933e-05
1.000000000000000000e+04;4.231738777625115472e+04;-3.245269339910174505e-04;1.066303636918837793e-04
1.000000000000000000e+04;4.231897580446784559e+04;-3.225014097041594818e-04;1.114657625733090414e-04
1.000000000000000000e+04;4.236633887088885967e+04;-2.398386648354380618e-04;2.445334080185790045e-04
1.000000000000000000e+04;4.236792688433809963e+04;-2.357718770969045082e-04;2.478018108908776329e-04
1.000000000000000000e+04;4.241528995685531117e+04;-1.007315737327465414e-04;3.257962000244612913e-04
1.000000000000000000e+04;4.241687800623318617e+04;-9.566309221179411753e-05;3.269488857456140894e-04
1.000000000000000000e+04;4.246424098279522877e+04;6.081974678445531418e-05;3.349618436493666685e-04
1.000000000000000000e+04;4.246582909610170464e+04;6.581098085608211453e-05;3.335587436658787896e-04
1.000000000000000000e+04;4.251319199599081912e+04;2.087747973019401040e-04;2.691962531062439467e-04
1.000000000000000000e+04;4.251478017166225618e+04;2.126310136373888706e-04;2.657033776014888684e-04
1.000000000000000000e+04;4.256214305495627195e+04;3.082793205898424951e-04;1.439925454140375690e-04
1.000000000000000000e+04;4.256373133306243835e+04;3.100385832035724596e-04;1.391002148770222014e-04
1.000000000000000000e+04;4.261109410170339834e+04;3.419452785905527739e-04;-1.419492739113151137e-05
1.000000000000000000e+04;4.261268258167778549e+04;3.412896224183729638e-04;-1.934412493820763366e-05
1.000000000000000000e+04;4.266004506043116999e+04;2.961925254610062218e-04;-1.674238149683509550e-04
1.000000000000000000e+04;4.266163378688227385e+04;2.932786657472148499e-04;-1.717180476751603807e-04
1.000000000000000000e+04;4.270899592270001449e+04;1.875642938193451106e-04;-2.844102146032391194e-04
1.000000000000000000e+04;4.271058459365642921e+04;1.829680231855612324e-04;-2.868655762101989383e-04
1.000000000000000000e+04;4.275794707750171074e+04;3.554988625333188606e-05;-3.374448126701696062e-04
1.000000000000000000e+04;4.275953551270279422e+04;3.040363309537261153e-05;-3.375316760619309023e-04
1.000000000000000000e+04;4.280689827481748944e+04;-1.230982054376905470e-04;-3.153533534604037827e-04
1.000000000000000000e+04;4.280848657754907617e+04;-1.277320599192734033e-04;-3.130789447731019285e-04
1.000000000000000000e+04;4.285584935362341639e+04;-2.542636349160195142e-04;-2.232098316039288774e-04
1.000000000000000000e+04;4.285743771529749210e+04;-2.573528804872507350e-04;-2.190417438009879835e-04
1.000000000000000000e+04;4.290480022277602257e+04;-3.277657367581234666e-04;-8.221353854222350499e-05
1.000000000000000000e+04;4.290638865843468375e+04;-3.285515835365253670e-04;-7.710042696171881874e-05
1.000000000000000000e+04;4.295375123278193496e+04;-3.311429065155329222e-04;7.683293628256733098e-05
1.000000000000000000e+04;4.295533945245960786e+04;-3.295265225512902861e-04;8.173543720956780081e-05
1.000000000000000000e+04;4.300270243593172927e+04;-2.567965243935432904e-04;2.198209755758932012e-04
1.000000000000000000e+04;4.300429045300620055e+04;-2.531868178865297951e-04;2.234404743310396309e-04
1.000000000000000000e+04;4.305165366945991263e+04;-1.290965417929829670e-04;3.107641887827414413e-04
1.000000000000000000e+04;4.305324165029698634e+04;-1.241074731786429247e-04;3.123734431266168474e-04
1.000000000000000000e+04;4.310060471493881050e+04;2.743302699596661913e-05;3.356693945301794419e-04
1.000000000000000000e+04;4.310219283434937097e+04;3.248650686927422097e-05;3.347453471161816177e-04
1.000000000000000000e+04;4.314955558136251784e+04;1.792316672793645952e-04;2.846588717001919257e-04
1.000000000000000000e+04;4.315114375629970164e+04;1.833025004917819307e-04;2.815831846251188133e-04
1.000000000000000000e+04;4.319850656192594033e+04;2.900025989317727543e-04;1.705763553797140476e-04
1.000000000000000000e+04;4.320009469505057496e+04;2.922883913704797296e-04;1.659943070015879258e-04
1.000000000000000000e+04;4.324745771864946437e+04;3.341025319255100075e-04;1.841093051506919077e-05
1.000000000000000000e+04;4.324904581852571573e+04;3.339875412200594908e-04;1.321356272576870463e-05
1.000000000000000000e+04;4.329640888064173487e+04;3.085113566144904074e-04;-1.344024253756906633e-04
1.000000000000000000e+04;4.329799708177611319e+04;3.059819184369493060e-04;-1.389034309735869856e-04
1.000000000000000000e+04;4.334535986004479491e+04;2.114819241749844143e-04;-2.627377865504973973e-04
1.000000000000000000e+04;4.334694824773838627e+04;2.073212524891004309e-04;-2.655843195581801802e-04
1.000000000000000000e+04;4.339431064000269544e+04;6.729265930615500521e-05;-3.280575593188157432e-04
1.000000000000000000e+04;4.339589906786112988e+04;6.219803566231828934e-05;-3.287461138476572534e-04
1.000000000000000000e+04;4.344326174361145240e+04;-8.890335870171031500e-05;-3.225234298752304796e-04
1.000000000000000000e+04;4.344484991768425971e+04;-9.374945408768025810e-05;-3.207881735024392146e-04
1.000000000000000000e+04;4.349221297061558289e+04;-2.269178980066343407e-04;-2.467343129404389970e-04
1.000000000000000000e+04;4.349380096468227566e+04;-2.303479548221911972e-04;-2.428991351304756092e-04
1.000000000000000000e+04;4.354116415327066352e+04;-3.161257771413210219e-04;-1.161135074891415486e-04
1.000000000000000000e+04;4.354275214319569932e+04;-3.174737974624721164e-04;-1.112982408560823699e-04
1.000000000000000000e+04;4.359011511904509098e+04;-3.329238811718500564e-04;4.182681727237562511e-05
1.000000000000000000e+04;4.359170319552072033e+04;-3.319641161638868000e-04;4.687467448792058568e-05
1.000000000000000000e+04;4.363906604045011773e+04;-2.773462054278336359e-04;1.868276871729829096e-04
1.000000000000000000e+04;4.364065411709069303e+04;-2.741237289086884306e-04;1.908045579614278859e-04
1.000000000000000000e+04;4.368801712139397569e+04;-1.626270123658842904e-04;2.927780220089997061e-04
1.000000000000000000e+04;4.368960513117572555e+04;-1.579777289489619379e-04;2.948701097114171709e-04
1.000000000000000000e+04;4.373696829652009183e+04;-9.405812718660574296e-06;3.347877181495408842e-04
1.000000000000000000e+04;4.373855631622900546e+04;-4.374151594299935996e-06;3.344723586676604508e-04
1.000000000000000000e+04;4.378591935839065991e+04;1.437576331612923028e-04;3.006624662215377644e-04
1.000000000000000000e+04;4.378750749021023512e+04;1.481677460441107317e-04;2.982105987956746446e-04
1.000000000000000000e+04;4.383487027551855135e+04;2.655129672807472817e-04;2.028912454885243850e-04
1.000000000000000000e+04;4.383645849255017674e+04;2.682548589535935246e-04;1.985313816020428527e-04
1.000000000000000000e+04;4.388382128931225452e+04;3.286659429289132388e-04;5.995126834620313029e-05
1.000000000000000000e+04;4.388540939296454599e+04;3.291568204327825742e-04;5.496060224422083117e-05
1.000000000000000000e+04;4.393277239891450154e+04;3.206751666233161936e-04;-9.569440479742615175e-05
1.000000000000000000e+04;4.393436040517613583e+04;3.188091676097295113e-04;-1.004425027405691573e-04
1.000000000000000000e+04;4.398172355215649441e+04;2.400726632276298266e-04;-2.308023677225850515e-04
1.000000000000000000e+04;4.398331154843053810e+04;2.363236712761823796e-04;-2.341288414949799853e-04
1.000000000000000000e+04;4.403067461046282551e+04;1.098974167625931539e-04;-3.127283081802401349e-04
1.000000000000000000e+04;4.403226269969422719e+04;1.049477397085188808e-04;-3.140413847868615371e-04
1.000000000000000000e+04;4.407962553029927949e+04;-4.650346961198011998e-05;-3.288851397005368980e-04
1.000000000000000000e+04;4.408121362364454399e+04;-5.136435579038432829e-05;-3.277037399407125868e-04
1.000000000000000000e+04;4.412857654893620929e+04;-1.910176367728543933e-04;-2.706880820738375749e-04
1.000000000000000000e+04;4.413016456528396520e+04;-1.949403578022883678e-04;-2.675227030421765766e-04
1.000000000000000000e+04;4.417752767777192639e+04;-2.939172494752293049e-04;-1.537397257766549613e-04
1.000000000000000000e+04;4.417911564286101930e+04;-2.958542557443392430e-04;-1.490773686608393058e-04
1.000000000000000000e+04;4.422647878438230691e+04;-3.315368199681249252e-04;-4.026186681372818964e-06
1.000000000000000000e+04;4.422806677554419730e+04;-3.312375218889298720e-04;1.015632779176414588e-06
1.000000000000000000e+04;4.427542978668570868e+04;-2.981760962398342842e-04;1.466339910752803728e-04
1.000000000000000000e+04;4.427701782484564319e+04;-2.955252566448553111e-04;1.509468892917293682e-04
1.000000000000000000e+04;4.432438078060574480e+04;-1.973020320848032142e-04;2.660115865640048580e-04
1.000000000000000000e+04;4.432596881347485032e+04;-1.931261600362946891e-04;2.686558069297750287e-04
1.000000000000000000e+04;4.437333185001862148e+04;-5.501368004810955722e-05;3.258270424415070647e-04
1.000000000000000000e+04;4.437491985476343689e+04;-4.993493720179297191e-05;3.263210510166171681e-04
1.000000000000000000e+04;4.442228293905968167e+04;9.891672655250409983e-05;3.137996991890526521e-04
1.000000000000000000e+04;4.442387095299737848e+04;1.035105757153982636e-04;3.118864787761333650e-04
1.000000000000000000e+04;4.447123398555017775e+04;2.324975999677344498e-04;2.365524926444747828e-04
1.000000000000000000e+04;4.447282203656476486e+04;2.357916773845799934e-04;2.327363153612665222e-04
1.000000000000000000e+04;4.452018501258790639e+04;3.143739342374403996e-04;1.035632290509638488e-04
1.000000000000000000e+04;4.452177309794675239e+04;3.155578181509266196e-04;9.876347311709635210e-05
1.000000000000000000e+04;4.456913604239177948e+04;3.268422505990271378e-04;-4.900259650923914178e-05
1.000000000000000000e+04;4.457072415567548160e+04;3.257464277210960846e-04;-5.392860098785579731e-05
1.000000000000000000e+04;4.461808706578396959e+04;2.693729387684822571e-04;-1.912175316927870836e-04
1.000000000000000000e+04;4.461967518990654935e+04;2.661031870825471095e-04;-1.950556401719958667e-04
1.000000000000000000e+04;4.466703811075477279e+04;1.536425044793124947e-04;-2.913923094706976757e-04
1.000000000000000000e+04;4.466862618708785885e+04;1.490629685627318526e-04;-2.933139950947498344e-04
1.000000000000000000e+04;4.471598920424155949e+04;2.548966111584467624e-06;-3.297428027204023031e-04
1.000000000000000000e+04;4.471757723695060122e+04;-2.388030032057943764e-06;-3.293951061701994899e-04
1.000000000000000000e+04;4.476494030028652924e+04;-1.465340451658371924e-04;-2.928906145780842477e-04
1.000000000000000000e+04;4.476652834679435182e+04;-1.508573542349196997e-04;-2.903644983704472735e-04
1.000000000000000000e+04;4.481389134392880806e+04;-2.640604131698026679e-04;-1.954152057403326195e-04
1.000000000000000000e+04;4.481547947168749670e+04;-2.666519055423089085e-04;-1.911346084754538097e-04
1.000000000000000000e+04;4.486284233404164843e+04;-3.248512768286427699e-04;-5.461486313885163428e-05
1.000000000000000000e+04;4.486443056264994084e+04;-3.252998591355456682e-04;-4.968077606936054119e-05
1.000000000000000000e+04;4.491179331509947224e+04;-3.144620391856104845e-04;9.872584719055775213e-05
1.000000000000000000e+04;4.491338161928834597e+04;-3.125717635149976312e-04;1.033448500545717955e-04
1.000000000000000000e+04;4.496074434684013977e+04;-2.350082465227458311e-04;2.288475228917643243e-04
1.000000000000000000e+04;4.496233270694993553e+04;-2.313294956566400065e-04;2.321285913429734600e-04
1.000000000000000000e+04;4.500969543311061716e+04;-1.060554312334337549e-04;3.107240670270098801e-04
1.000000000000000000e+04;4.501128393079674424e+04;-1.011542044954699020e-04;3.119473303733397694e-04
1.000000000000000000e+04;4.505864646980736143e+04;4.602291526880498810e-05;3.232209811176958063e-04
1.000000000000000000e+04;4.506023528352072026e+04;5.077791671239990386e-05;3.221376324144288854e-04
1.000000000000000000e+04;4.510759734158610809e+04;1.887163224856904821e-04;2.679109356512827987e-04
1.000000000000000000e+04;4.510918656332488172e+04;1.925905577324220927e-04;2.647408887966278923e-04
1.000000000000000000e+04;4.515654806559761346e+04;2.888261976557856756e-04;1.521043294421828632e-04
1.000000000000000000e+04;4.515813716707015556e+04;2.907431437133863972e-04;1.475716985662991402e-04
1.000000000000000000e+04;4.520549936747793981e+04;3.272464300139779343e-04;6.344532565122597281e-06
1.000000000000000000e+04;4.520708804214669362e+04;3.269931873216871108e-04;1.403821742759058728e-06
1.000000000000000000e+04;4.525445074940581981e+04;2.940933238727285945e-04;-1.440663943618490433e-04
1.000000000000000000e+04;4.525603915776663780e+04;2.915338910559361375e-04;-1.483196625276794473e-04
1.000000000000000000e+04;4.530340194085759867e+04;1.981393427323535736e-04;-2.588333213482611316e-04
1.000000000000000000e+04;4.530499039807203371e+04;1.940335076441358244e-04;-2.615431979269060249e-04
1.000000000000000000e+04;4.535235279048250959e+04;5.853989914677999040e-05;-3.213145076318114847e-04
1.000000000000000000e+04;4.535394133949072420e+04;5.358069435340669302e-05;-3.217849399682471529e-04
1.000000000000000000e+04;4.540130364177501906e+04;-9.198481686184355318e-05;-3.115576404834778982e-04
1.000000000000000000e+04;4.540289200978723966e+04;-9.655256810606697028e-05;-3.098233517611688362e-04
1.000000000000000000e+04;4.545025485570097226e+04;-2.238883964102819819e-04;-2.361081428298012462e-04
1.000000000000000000e+04;4.545184286464256002e+04;-2.272163715037398544e-04;-2.324542918580816146e-04
1.000000000000000000e+04;4.549920615481439745e+04;-3.053384415888147187e-04;-1.081992968905611658e-04
1.000000000000000000e+04;4.550079407904873369e+04;-3.066217323790539724e-04;-1.034793428722118269e-04
1.000000000000000000e+04;4.554815719837106008e+04;-3.220060207904743834e-04;4.132344208118720642e-05
1.000000000000000000e+04;4.554974526715165121e+04;-3.210204631865830414e-04;4.616149900703967628e-05
1.000000000000000000e+04;4.559710801131502376e+04;-2.682544561127352513e-04;1.825150751793420912e-04
1.000000000000000000e+04;4.559869617535179714e+04;-2.651892029103964776e-04;1.863337126538957005e-04
1.000000000000000000e+04;4.564605897461795394e+04;-1.567990348662029704e-04;2.849889233259622536e-04
1.000000000000000000e+04;4.564764706157229375e+04;-1.523626984813347988e-04;2.870286111916788008e-04
1.000000000000000000e+04;4.569501020637359761e+04;-1.110712286520373786e-05;3.245678495412380278e-04
1.000000000000000000e+04;4.569659823705229064e+04;-6.188585033401927031e-06;3.244083057053391236e-04
1.000000000000000000e+04;4.574396140147441474e+04;1.357916470682872046e-04;2.952167300837885101e-04
1.000000000000000000e+04;4.574554957020098664e+04;1.400724808648975256e-04;2.928464883242184991e-04
1.000000000000000000e+04;4.579291233922347601e+04;2.547304223301538628e-04;2.018798072824121387e-04
1.000000000000000000e+04;4.579450073751329910e+04;2.574670675125803718e-04;1.978263927347565128e-04
1.000000000000000000e+04;4.584186317244842212e+04;3.183764414899894666e-04;6.677713063793313023e-05
1.000000000000000000e+04;4.584345152968180628e+04;3.190121951019568081e-04;6.194010900390909573e-05
1.000000000000000000e+04;4.589081424949503707e+04;3.128670463810531168e-04;-8.522791913557646246e-05
1.000000000000000000e+04;4.589240248015330144e+04;3.112605337834738000e-04;-8.977772796664427210e-05
1.000000000000000000e+04;4.593976545294093376e+04;2.411104212878393313e-04;-2.159196746725153282e-04
1.000000000000000000e+04;4.594135368186775304e+04;2.375616547359827267e-04;-2.193471349812595129e-04
1.000000000000000000e+04;4.598871651383508288e+04;1.180416522573542106e-04;-3.010423370100571310e-04
1.000000000000000000e+04;4.599030492600623256e+04;1.133943593485936931e-04;-3.024162494156552427e-04
1.000000000000000000e+04;4.603766732667637552e+04;-3.146205040761389227e-05;-3.221443015050658794e-04
1.000000000000000000e+04;4.603925587014128541e+04;-3.623854359999253527e-05;-3.213148245383850589e-04
1.000000000000000000e+04;4.608661833436795860e+04;-1.729203994099764649e-04;-2.732682668720417315e-04
1.000000000000000000e+04;4.608820661568249488e+04;-1.768365616370474287e-04;-2.703627639727222806e-04
1.000000000000000000e+04;4.613556956001213257e+04;-2.769130740822987771e-04;-1.658300182411660134e-04
1.000000000000000000e+04;4.613715760759744444e+04;-2.790840033881178297e-04;-1.615327674766221420e-04
1.000000000000000000e+04;4.618452078630043252e+04;-3.218982978400725787e-04;-2.304079760023598284e-05
1.000000000000000000e+04;4.618610879506361380e+04;-3.218638735689362956e-04;-1.812964410475305626e-05
1.000000000000000000e+04;4.623347177151619690e+04;-2.984539081329075881e-04;1.227104361700051386e-04
1.000000000000000000e+04;4.623505989316913474e+04;-2.962550258807125463e-04;1.269796112215349653e-04
1.000000000000000000e+04;4.628242272145996685e+04;-2.088936812488020607e-04;2.455996161716808351e-04
1.000000000000000000e+04;4.628401078198259347e+04;-2.050231166209968818e-04;2.484684571981070713e-04
1.000000000000000000e+04;4.633137379422137019e+04;-7.752106008790461450e-05;3.115431046200229401e-04
1.000000000000000000e+04;4.633296180030341930e+04;-7.269740823321963407e-05;3.123458044187905360e-04
1.000000000000000000e+04;4.638032492733175604e+04;7.208087946131459269e-05;3.142097872090460231e-04
1.000000000000000000e+04;4.638191295942739816e+04;7.665528576713756407e-05;3.127878790160134865e-04
1.000000000000000000e+04;4.642927593234842061e+04;2.051015317898784770e-04;2.467909664476240100e-04
1.000000000000000000e+04;4.643086402863678813e+04;2.085944623100865233e-04;2.434118701491619981e-04
1.000000000000000000e+04;4.647822690182576480e+04;2.954005327231752761e-04;1.299171532115709357e-04
1.000000000000000000e+04;4.647981499538694334e+04;2.969757553501621876e-04;1.253892824357099667e-04
1.000000000000000000e+04;4.652717803233144514e+04;3.197198041188723926e-04;-1.825877641387937297e-05
1.000000000000000000e+04;4.652876609452226694e+04;3.191412740726407753e-04;-2.303760078130646463e-05
1.000000000000000000e+04;4.657612917934947473e+04;2.793363249049401207e-04;-1.587209236620385898e-04
1.000000000000000000e+04;4.657771733276114537e+04;2.765649878891164072e-04;-1.627099408682543497e-04
1.000000000000000000e+04;4.662508017254222068e+04;1.763559481266157669e-04;-2.680894743276430276e-04
1.000000000000000000e+04;4.662666847655164747e+04;1.722175398266567454e-04;-2.704147396206715826e-04
1.000000000000000000e+04;4.667403104642302060e+04;3.774767017889256806e-05;-3.180857737240600424e-04
1.000000000000000000e+04;4.667561926493449573e+04;3.289958008960757943e-05;-3.182984323594632349e-04
1.000000000000000000e+04;4.672298209126065194e+04;-1.096128821914612195e-04;-3.014942010304277344e-04
1.000000000000000000e+04;4.672457012376822968e+04;-1.139716287445649269e-04;-2.995049857931665225e-04
1.000000000000000000e+04;4.677193331780209701e+04;-2.324303671699021168e-04;-2.205004622289396057e-04
1.000000000000000000e+04;4.677352123941711761e+04;-2.354730392842578266e-04;-2.167838297953280052e-04
1.000000000000000000e+04;4.682088446185507200e+04;-3.066327807762778742e-04;-9.195731694494254109e-05
1.000000000000000000e+04;4.682247244634202070e+04;-3.076445995767216430e-04;-8.727853361330607568e-05
1.000000000000000000e+04;4.686983539747382747e+04;-3.144485288398698401e-04;5.466414405471960674e-05
1.000000000000000000e+04;4.687142348342193873e+04;-3.132852464427284813e-04;5.929374628394676577e-05
1.000000000000000000e+04;4.691878630294222967e+04;-2.556113204626053346e-04;1.908841881038332881e-04
1.000000000000000000e+04;4.692037437671010412e+04;-2.524651635890073063e-04;1.945040183145357534e-04
1.000000000000000000e+04;4.696773737918350525e+04;-1.429200245166336442e-04;2.846191681369713666e-04
1.000000000000000000e+04;4.696932535924606054e+04;-1.385040731135405996e-04;2.864000034439993401e-04
1.000000000000000000e+04;4.701668856011258322e+04;1.528069576505081506e-06;3.200585130741520298e-04
1.000000000000000000e+04;4.701827650863040617e+04;6.280822295562815439e-06;3.197189384809878319e-04
1.000000000000000000e+04;4.706563964874520752e+04;1.428754533927469744e-04;2.845945580437786600e-04
1.000000000000000000e+04;4.706722766403068817e+04;1.470020020121390986e-04;2.821184305828774975e-04
1.000000000000000000e+04;4.711459062025686580e+04;2.572444725418921233e-04;1.918443315049431946e-04
1.000000000000000000e+04;4.711617870378257066e+04;2.597438285913474952e-04;1.878333168566886620e-04
1.000000000000000000e+04;4.716354161675010255e+04;3.135480769550476137e-04;5.560981713134082436e-05
1.000000000000000000e+04;4.716512971101111179e+04;3.140910989125622350e-04;5.086180416516254688e-05
1.000000000000000000e+04;4.721249269951222232e+04;3.057069772423809200e-04;-8.945169271070077944e-05
1.000000000000000000e+04;4.721408079811050993e+04;3.039866693742329759e-04;-9.387772476928717071e-05
1.000000000000000000e+04;4.726144377774558961e+04;2.312270486083057490e-04;-2.175807535158238342e-04
1.000000000000000000e+04;4.726303191708843951e+04;2.277274937073427998e-04;-2.207929008657038758e-04
1.000000000000000000e+04;4.731039478815477923e+04;1.107811478352362897e-04;-2.983218255689915250e-04
1.000000000000000000e+04;4.731198294994083699e+04;1.062157981244493687e-04;-2.995878854597323676e-04
1.000000000000000000e+04;4.735934580630534765e+04;-3.763456701136866974e-05;-3.155580240665159411e-04
1.000000000000000000e+04;4.736093391310436709e+04;-4.225214747975112326e-05;-3.147076164399731303e-04
1.000000000000000000e+04;4.740829690838247916e+04;-1.724054488229781999e-04;-2.665923776101850485e-04
1.000000000000000000e+04;4.740988492839843093e+04;-1.762446815538307762e-04;-2.636645937967078100e-04
1.000000000000000000e+04;4.745724800256633898e+04;-2.742442711255225173e-04;-1.616064907367471750e-04
1.000000000000000000e+04;4.745883602086866449e+04;-2.762797163492788748e-04;-1.573658123580132099e-04
1.000000000000000000e+04;4.750619901766835392e+04;-3.167253807905389264e-04;-2.178952901973350411e-05
1.000000000000000000e+04;4.750778709248465748e+04;-3.166721760289653771e-04;-1.707769366303681668e-05
1.000000000000000000e+04;4.755514999214489217e+04;-2.920286873245663516e-04;1.226209565547561279e-04
1.000000000000000000e+04;4.755673806905780657e+04;-2.899385601767887457e-04;1.268440936326516069e-04
1.000000000000000000e+04;4.760410104874114040e+04;-2.048158674285409256e-04;2.380409253408900848e-04
1.000000000000000000e+04;4.760568909967508807e+04;-2.009659117602060425e-04;2.408486363067784488e-04
1.000000000000000000e+04;4.765305218668766611e+04;-7.686157204343782774e-05;3.071103124339489708e-04
1.000000000000000000e+04;4.765464024518414226e+04;-7.222205241722087375e-05;3.078509683812919047e-04
1.000000000000000000e+04;4.770200327069846389e+04;6.941898679813734931e-05;3.080234138308523325e-04
1.000000000000000000e+04;4.770359140441186173e+04;7.392199357949107434e-05;3.066756429720066514e-04
1.000000000000000000e+04;4.775095423714565550e+04;2.004527951008364865e-04;2.449061448582035873e-04
1.000000000000000000e+04;4.775254243085387134e+04;2.038633444372411896e-04;2.416872908227804951e-04
1.000000000000000000e+04;4.779990520313815796e+04;2.870195237836844593e-04;1.297403585664908313e-04
1.000000000000000000e+04;4.780149334752052528e+04;2.886945546295283235e-04;1.252590225960659837e-04
1.000000000000000000e+04;4.784885629349368537e+04;3.156853256869346803e-04;-1.063703767349835580e-05
1.000000000000000000e+04;4.785044431669949699e+04;3.150851557675913672e-04;-1.527983225405597206e-05
1.000000000000000000e+04;4.789780742208671290e+04;2.756479666632293468e-04;-1.520957734579156753e-04
1.000000000000000000e+04;4.789939540391800256e+04;2.731464489488634267e-04;-1.560315155940152879e-04
1.000000000000000000e+04;4.794675848521145963e+04;1.788740238641688151e-04;-2.581226734845772498e-04
1.000000000000000000e+04;4.794834649609311600e+04;1.748006594819451751e-04;-2.604959559617536780e-04
1.000000000000000000e+04;4.799570948363695788e+04;4.321473423900234459e-05;-3.109785895761276679e-04
1.000000000000000000e+04;4.799729751683346694e+04;3.855418367915584632e-05;-3.113312057991517862e-04
1.000000000000000000e+04;4.804466051692175097e+04;-9.908481628248831446e-05;-2.977761165460887280e-04
1.000000000000000000e+04;4.804624853251526656e+04;-1.034355934577725497e-04;-2.959049553088867837e-04
1.000000000000000000e+04;4.809361160540697892e+04;-2.232391275925127763e-04;-2.232626558488755384e-04
1.000000000000000000e+04;4.809519961321564915e+04;-2.262780260032858461e-04;-2.197580054061093089e-04
1.000000000000000000e+04;4.814256266588914150e+04;-2.973153134192851356e-04;-9.943367090557054145e-05
1.000000000000000000e+04;4.814415070365792781e+04;-2.984939485305413190e-04;-9.489194959103946440e-05
1.000000000000000000e+04;4.819151366716433404e+04;-3.113600141959764803e-04;4.322074756088274043e-05
1.000000000000000000e+04;4.819310172061210324e+04;-3.103740438476874507e-04;4.778864031565019686e-05
1.000000000000000000e+04;4.824046469155312661e+04;-2.576277968646669358e-04;1.768452156566201032e-04
1.000000000000000000e+04;4.824205270978306362e+04;-2.547109095810685107e-04;1.805249666306807128e-04
1.000000000000000000e+04;4.828941578921694600e+04;-1.522323700883387203e-04;2.737571606706926401e-04
1.000000000000000000e+04;4.829100376577091083e+04;-1.479964001043008028e-04;2.756564951003076394e-04
1.000000000000000000e+04;4.833836689063725498e+04;-1.264384371891931233e-05;3.135079743680997460e-04
1.000000000000000000e+04;4.833995487995364965e+04;-7.987231211255976936e-06;3.134087803717232877e-04
1.000000000000000000e+04;4.838731791253689153e+04;1.271593973934361443e-04;2.853367090784632298e-04
1.000000000000000000e+04;4.838890594787045120e+04;1.312699122501652393e-04;2.831477130303844424e-04
1.000000000000000000e+04;4.843626888787224016e+04;2.418745573448577337e-04;1.996235293510425016e-04
1.000000000000000000e+04;4.843785693357037962e+04;2.445818769177632388e-04;1.957895075191730958e-04
1.000000000000000000e+04;4.848521992364899052e+04;3.044033678021855374e-04;7.154246282807797373e-05
1.000000000000000000e+04;4.848680792513056076e+04;3.051089484911955309e-04;6.697334910386541480e-05
1.000000000000000000e+04;4.853417104311119328e+04;3.042292147414607691e-04;-7.264380287154420654e-05
1.000000000000000000e+04;4.853575900737899792e+04;3.028460478367112703e-04;-7.706528601710711508e-05
1.000000000000000000e+04;4.858312214795318869e+04;2.388392067248596643e-04;-1.994769574710930236e-04
1.000000000000000000e+04;4.858471013602391758e+04;2.356139651549118790e-04;-2.028399610636192447e-04
1.000000000000000000e+04;4.863207315841483069e+04;1.255061903543757361e-04;-2.854784910405110208e-04
1.000000000000000000e+04;4.863366119907059328e+04;1.211147653693571180e-04;-2.870143492621470222e-04
1.000000000000000000e+04;4.868102412738370185e+04;-1.587490141073197376e-05;-3.116778259731602606e-04
1.000000000000000000e+04;4.868261217622578988e+04;-2.044383099453248411e-05;-3.111056293528780231e-04
1.000000000000000000e+04;4.872997516522341903e+04;-1.526593254019797247e-04;-2.721320696143444159e-04
1.000000000000000000e+04;4.873156316681704629e+04;-1.565554342149742600e-04;-2.696267120034860328e-04
1.000000000000000000e+04;4.877892628600624448e+04;-2.571292516116783621e-04;-1.752982886778550590e-04
1.000000000000000000e+04;4.878051425018567534e+04;-2.594542356229430856e-04;-1.712591704013380811e-04
1.000000000000000000e+04;4.882787739168418921e+04;-3.086677016817448711e-04;-4.432469336709619196e-05
1.000000000000000000e+04;4.882946537898425595e+04;-3.089618012020405426e-04;-3.972829534775841273e-05
1.000000000000000000e+04;4.887682840813700022e+04;-2.952427059944264702e-04;9.989187515148260975e-05
1.000000000000000000e+04;4.887841644910531613e+04;-2.934660095132535598e-04;1.041227881771274904e-04
1.000000000000000000e+04;4.892577938043433824e+04;-2.196050128366938074e-04;2.186133727660044405e-04
1.000000000000000000e+04;4.892736744030150294e+04;-2.161485639938517478e-04;2.216919776504958127e-04
1.000000000000000000e+04;4.897473040694311203e+04;-9.911448379238112921e-05;2.944496299167254560e-04
1.000000000000000000e+04;4.897631843854147883e+04;-9.459817769368549477e-05;2.955673952329307451e-04
1.000000000000000000e+04;4.902368151131042396e+04;4.139821657060708214e-05;3.076028611485995593e-04
1.000000000000000000e+04;4.902526952287267341e+04;4.586553919519737040e-05;3.066569955550006200e-04
1.000000000000000000e+04;4.907263261567501468e+04;1.755192281264717988e-04;2.574558781017908453e-04
1.000000000000000000e+04;4.907422066656311654e+04;1.791356518638526356e-04;2.546229591713802635e-04
1.000000000000000000e+04;4.912158364406871260e+04;2.692587496209196212e-04;1.512274832475375068e-04
1.000000000000000000e+04;4.912317177281512704e+04;2.712499833849585243e-04;1.470872754821662498e-04
1.000000000000000000e+04;4.917053458397233771e+04;3.099780769633710392e-04;1.759039099622039895e-05
1.000000000000000000e+04;4.917212273789638130e+04;3.098659023494860273e-04;1.294451172801848701e-05
1.000000000000000000e+04;4.921948563924356858e+04;2.838474984190805794e-04;-1.231854353182669417e-04
1.000000000000000000e+04;4.922107370441591047e+04;2.817293567662456548e-04;-1.271904961652664859e-04
1.000000000000000000e+04;4.926843674558454222e+04;2.006942001708097371e-04;-2.363180504108198696e-04
1.000000000000000000e+04;4.927002474320345937e+04;1.970009498909709115e-04;-2.390657279030568424e-04
1.000000000000000000e+04;4.931738785333486157e+04;7.304155855367955286e-05;-3.002682380390086624e-04
1.000000000000000000e+04;4.931897584271494270e+04;6.851923420434802585e-05;-3.010334894760637687e-04
1.000000000000000000e+04;4.936633889222054131e+04;-6.567194671970995280e-05;-3.019285269639964461e-04
1.000000000000000000e+04;4.936792691319839651e+04;-7.007686833376480730e-05;-3.006375814335515619e-04
1.000000000000000000e+04;4.941528989977885067e+04;-1.947661860023853131e-04;-2.403485125803786785e-04
1.000000000000000000e+04;4.941687793383418466e+04;-1.980882282269127558e-04;-2.372239959079445201e-04
1.000000000000000000e+04;4.946424094329008221e+04;-2.792482975188345000e-04;-1.299646321375377812e-04
1.000000000000000000e+04;4.946582896548684948e+04;-2.808896941961232067e-04;-1.256882036616294922e-04
1.000000000000000000e+04;4.951319202212675009e+04;-3.089020225313574811e-04;9.217040672693220402e-06
1.000000000000000000e+04;4.951478004390221759e+04;-3.084278133799120414e-04;1.372281709865904850e-05
1.000000000000000000e+04;4.956214308681851253e+04;-2.714506448396580818e-04;1.446122231410654571e-04
1.000000000000000000e+04;4.956373113220524101e+04;-2.690447649505158206e-04;1.485139570294096789e-04
1.000000000000000000e+04;4.961109412308230822e+04;-1.799536379336649891e-04;2.508292888719606335e-04
1.000000000000000000e+04;4.961268220219036448e+04;-1.760634158581445897e-04;2.532098817996114191e-04
1.000000000000000000e+04;4.966004517920985381e+04;-4.973475057422037246e-05;3.034991705557277329e-04
1.000000000000000000e+04;4.966163329417312343e+04;-4.518985122326147795e-05;3.039307333876326315e-04
1.000000000000000000e+04;4.970899624958151981e+04;8.992567256704189890e-05;2.963502539896390744e-04
1.000000000000000000e+04;4.971058443136188725e+04;9.416222419572364236e-05;2.946778384515594002e-04
1.000000000000000000e+04;4.975794729139695846e+04;2.109393523253180031e-04;2.229903852323920519e-04
1.000000000000000000e+04;4.975953557358172839e+04;2.140398932770591080e-04;2.197589660578860230e-04
1.000000000000000000e+04;4.980689828603357455e+04;2.881644244158848567e-04;1.072788816293246107e-04
1.000000000000000000e+04;4.980848664071108215e+04;2.894253159521719245e-04;1.028135607757973865e-04
1.000000000000000000e+04;4.985584933262071718e+04;3.049742900749816783e-04;-3.150017681432319932e-05
1.000000000000000000e+04;4.985743771600753826e+04;3.042070915442985322e-04;-3.589379992285252221e-05
1.000000000000000000e+04;4.990480044360268948e+04;2.600696903835005643e-04;-1.647041414144719842e-04
1.000000000000000000e+04;4.990638889336572902e+04;2.573499697841231016e-04;-1.683721877020618132e-04
1.000000000000000000e+04;4.995375151364631165e+04;1.588342548098203291e-04;-2.631263474583370328e-04
1.000000000000000000e+04;4.995534012746842927e+04;1.548492585455213714e-04;-2.651920125590746889e-04
1.000000000000000000e+04;5.000270243097960338e+04;2.820498798843368955e-05;-3.058599386763463006e-04
1.000000000000000000e+04;5.000429118799885327e+04;2.362555040303573482e-05;-3.060110025557374359e-04
1.000000000000000000e+04;5.005165331138687907e+04;-1.117510442138820346e-04;-2.865381441903090795e-04
1.000000000000000000e+04;5.005324195869052346e+04;-1.157946254063782249e-04;-2.845300625571516940e-04
1.000000000000000000e+04;5.010060450698710338e+04;-2.248360600779932396e-04;-2.092695302563876453e-04
1.000000000000000000e+04;5.010219297119799739e+04;-2.277086491422725101e-04;-2.057959172303644056e-04
1.000000000000000000e+04;5.014955571548231819e+04;-2.943649054474519627e-04;-8.496525187432327523e-05
1.000000000000000000e+04;5.015114416558462835e+04;-2.952633580894353641e-04;-8.056199817043052354e-05
1.000000000000000000e+04;5.019850668163591763e+04;-3.004501453374696643e-04;5.191710046580696319e-05
1.000000000000000000e+04;5.020009527560681454e+04;-2.993976482744731315e-04;5.631938414690044743e-05
1.000000000000000000e+04;5.024745743435077020e+04;-2.464583894098742100e-04;1.813345934318141145e-04
1.000000000000000000e+04;5.024904600443247909e+04;-2.435103089517473009e-04;1.847565522942835263e-04
1.000000000000000000e+04;5.029640861116318410e+04;-1.397254539575954401e-04;2.700797214950491441e-04
1.000000000000000000e+04;5.029799679031831329e+04;-1.356038020466856673e-04;2.718594815800814773e-04
1.000000000000000000e+04;5.034535990399708680e+04;-6.298119285989168747e-06;3.068515035969674246e-04
1.000000000000000000e+04;5.034694786350603681e+04;-1.779130325270745014e-06;3.066262335811932886e-04
1.000000000000000000e+04;5.039431107032901491e+04;1.299270750402649951e-04;2.743159261027140663e-04
1.000000000000000000e+04;5.039589910436081846e+04;1.338258662659990242e-04;2.721723206453330888e-04
1.000000000000000000e+04;5.044326189071722183e+04;2.384321546612518062e-04;1.914807179368000194e-04
1.000000000000000000e+04;5.044485009284025728e+04;2.410179674958006510e-04;1.877200525038247455e-04
1.000000000000000000e+04;5.049221278522387729e+04;2.967518320151382011e-04;6.415976317955128690e-05
1.000000000000000000e+04;5.049380085716735630e+04;2.973927863463598814e-04;5.977604669288381738e-05
1.000000000000000000e+04;5.054116396443828853e+04;2.959342698415840574e-04;-7.284444127057199884e-05
1.000000000000000000e+04;5.054275187079882744e+04;2.945353808062629451e-04;-7.713963945095175139e-05
1.000000000000000000e+04;5.059011525422080740e+04;2.314047301538237099e-04;-1.975276003793789378e-04
1.000000000000000000e+04;5.059170316003936023e+04;2.283243787118597961e-04;-2.007396338005398189e-04
1.000000000000000000e+04;5.063906627320451662e+04;1.215020782426012576e-04;-2.778456573496597111e-04
1.000000000000000000e+04;5.064065433866255626e+04;1.172378200584894603e-04;-2.793686931843453181e-04
1.000000000000000000e+04;5.068801708956452057e+04;-1.477128992613176235e-05;-3.049424663056072410e-04
1.000000000000000000e+04;5.068960522245663014e+04;-1.920136518135613022e-05;-3.044057022292761898e-04
1.000000000000000000e+04;5.073696808708951721e+04;-1.465674058932394102e-04;-2.655451951789235395e-04
1.000000000000000000e+04;5.073855611781248444e+04;-1.503314171109492901e-04;-2.631593062188529604e-04
1.000000000000000000e+04;5.078591932799002825e+04;-2.499426064546470937e-04;-1.738106213667385709e-04
1.000000000000000000e+04;5.078750729938605218e+04;-2.522364779889367634e-04;-1.699586518178503199e-04
1.000000000000000000e+04;5.083487047520470514e+04;-2.990418365949227848e-04;-4.587972470376841647e-05
1.000000000000000000e+04;5.083645855252088950e+04;-2.994403528223821970e-04;-4.143185306882126123e-05
1.000000000000000000e+04;5.088382137295162829e+04;-2.893371842931396934e-04;9.193152660525678106e-05
1.000000000000000000e+04;5.088540953422635357e+04;-2.876514009032167529e-04;9.605987892275427557e-05
1.000000000000000000e+04;5.093277230226953543e+04;-2.185849712668500890e-04;2.097032948770450580e-04
1.000000000000000000e+04;5.093436037553784990e+04;-2.153352250084969801e-04;2.127475727804952355e-04
1.000000000000000000e+04;5.098172346146974451e+04;-1.027348039480172986e-04;2.847237948644924951e-04
1.000000000000000000e+04;5.098331140496817534e+04;-9.843454597746600985e-05;2.859243191616845032e-04
1.000000000000000000e+04;5.103067464518437191e+04;3.264151972718779487e-05;3.012655371619676805e-04
1.000000000000000000e+04;5.103226261190426885e+04;3.702672332699415413e-05;3.005082717180975155e-04
1.000000000000000000e+04;5.107962562077446637e+04;1.629807622800365794e-04;2.557314494137474087e-04
1.000000000000000000e+04;5.108121369180351030e+04;1.665453019372596308e-04;2.531048823496863517e-04
1.000000000000000000e+04;5.112857651580826496e+04;2.581297612076480295e-04;1.569805309356019389e-04
1.000000000000000000e+04;5.113016458863713342e+04;2.601880205218050769e-04;1.530389570683465925e-04
1.000000000000000000e+04;5.117752759301734477e+04;3.021142140974620639e-04;2.823090382782268985e-05
1.000000000000000000e+04;5.117911556630995619e+04;3.022074896691463513e-04;2.378264406535969680e-05
1.000000000000000000e+04;5.122647880198809435e+04;2.815054312955562717e-04;-1.090858988846601089e-04
1.000000000000000000e+04;5.122806675528585765e+04;2.796442694750031922e-04;-1.130746154227217577e-04
1.000000000000000000e+04;5.127542986746648967e+04;2.067367439785457151e-04;-2.214344167811604274e-04
1.000000000000000000e+04;5.127701793191380420e+04;2.032716971287516295e-04;-2.242539227828649275e-04
1.000000000000000000e+04;5.132438077667788457e+04;8.578255804627654669e-05;-2.894005904138790154e-04
1.000000000000000000e+04;5.132596889873905457e+04;8.149333120577201034e-05;-2.903661964273908098e-04
1.000000000000000000e+04;5.137333176010322495e+04;-4.849747142542382421e-05;-2.981019796456050859e-04
1.000000000000000000e+04;5.137491978797323827e+04;-5.283320502607170930e-05;-2.970606510273228495e-04
1.000000000000000000e+04;5.142228291423701012e+04;-1.765708180243705434e-04;-2.452409959521317773e-04
1.000000000000000000e+04;5.142387086444868328e+04;-1.799276927317076632e-04;-2.424664907794132766e-04
1.000000000000000000e+04;5.147123405653556983e+04;-2.644689157682584960e-04;-1.422097314745301370e-04
1.000000000000000000e+04;5.147282203753544309e+04;-2.663287939076751441e-04;-1.381450244005061106e-04
1.000000000000000000e+04;5.152018505149353587e+04;-3.012879178713316381e-04;-1.112427280661792343e-05
1.000000000000000000e+04;5.152177310894797847e+04;-3.010865658220274123e-04;-6.740157663008685176e-06
1.000000000000000000e+04;5.156913600803104055e+04;-2.739930378458163692e-04;1.231795165380967540e-04
1.000000000000000000e+04;5.157072407773767918e+04;-2.719456917913977119e-04;1.270799582977664109e-04
1.000000000000000000e+04;5.161808707098203740e+04;-1.922987788184871128e-04;2.314294735031324649e-04
1.000000000000000000e+04;5.161967510437011515e+04;-1.886984055587618680e-04;2.340025614172394934e-04
1.000000000000000000e+04;5.166703820098568394e+04;-7.002460046863035002e-05;2.914603775139119543e-04
1.000000000000000000e+04;5.166862624336672889e+04;-6.569927831134636303e-05;2.922128251275152777e-04
1.000000000000000000e+04;5.171598926178397960e+04;6.499123538652238198e-05;2.935465875392866976e-04
1.000000000000000000e+04;5.171757737619346153e+04;6.923778204020992165e-05;2.922664723233853287e-04
1.000000000000000000e+04;5.176494022441968991e+04;1.877084479214298181e-04;2.332794238952749745e-04
1.000000000000000000e+04;5.176652838534519833e+04;1.909047429400248627e-04;2.303395486069663922e-04
1.000000000000000000e+04;5.181389124797003024e+04;2.712590904030914114e-04;1.273147821921814490e-04
1.000000000000000000e+04;5.181547932522422343e+04;2.728782678069376490e-04;1.231802157269266615e-04
1.000000000000000000e+04;5.186284233311587013e+04;2.988865986223265109e-04;-5.711260377239424458e-06
1.000000000000000000e+04;5.186443033982786437e+04;2.984811555244004503e-04;-1.007036412769462394e-05
1.000000000000000000e+04;5.191179343921338295e+04;2.665920190029061939e-04;-1.366323020261639822e-04
1.000000000000000000e+04;5.191338143037251575e+04;2.643245979710909634e-04;-1.404001567981494401e-04
1.000000000000000000e+04;5.196074448552363901e+04;1.783017624362390478e-04;-2.402526302646838840e-04
1.000000000000000000e+04;5.196233250841580593e+04;1.746272336035775967e-04;-2.426459146104372095e-04
1.000000000000000000e+04;5.200969549549535441e+04;5.500195496834882141e-05;-2.931496239337854238e-04
1.000000000000000000e+04;5.201128354083488375e+04;5.062396105505345033e-05;-2.936545619706657667e-04
1.000000000000000000e+04;5.205864653216080478e+04;-7.978183492788801755e-05;-2.883458471263014166e-04
1.000000000000000000e+04;5.206023458053710783e+04;-8.390393700235087150e-05;-2.869017962634185870e-04
1.000000000000000000e+04;5.210759759452899743e+04;-1.982766926254911648e-04;-2.217162174069254731e-04
1.000000000000000000e+04;5.210918565704805951e+04;-2.013308159345682539e-04;-2.186039798777672993e-04
1.000000000000000000e+04;5.215654864257622103e+04;-2.759562870349051744e-04;-1.128511439724630687e-04
1.000000000000000000e+04;5.215813673722504609e+04;-2.773511840321390910e-04;-1.086732894980313089e-04
1.000000000000000000e+04;5.220549968170509965e+04;-2.964977514367761967e-04;2.099700661356878860e-05
1.000000000000000000e+04;5.220708780961684533e+04;-2.959031898681386023e-04;2.530621004918650436e-05
1.000000000000000000e+04;5.225445074680945982e+04;-2.578685646369700650e-04;1.496895724356979332e-04
1.000000000000000000e+04;5.225603892548649310e+04;-2.554068226859803345e-04;1.533327489682365802e-04
1.000000000000000000e+04;5.230340179575368529e+04;-1.654922930240992549e-04;2.475352392447171981e-04
1.000000000000000000e+04;5.230499007749460725e+04;-1.617549520203837607e-04;2.497482001591794817e-04
1.000000000000000000e+04;5.235235275424805150e+04;-3.936366094262698620e-05;2.944254433377322083e-04
1.000000000000000000e+04;5.235394112912071432e+04;-3.498589521538433698e-05;2.947154858288979174e-04
1.000000000000000000e+04;5.240130376904707373e+04;9.344788849011676749e-05;2.830649841123224209e-04
1.000000000000000000e+04;5.240289202336614107e+04;9.748663096087193725e-05;2.814216875511717729e-04
1.000000000000000000e+04;5.245025488971244340e+04;2.085400683546565761e-04;2.112749669301040292e-04
1.000000000000000000e+04;5.245184298926162592e+04;2.114128617383074355e-04;2.080793614636937048e-04
1.000000000000000000e+04;5.249920602834151941e+04;2.805761796817794838e-04;9.840482031584524172e-05
1.000000000000000000e+04;5.250079407127612649e+04;2.817676933589106925e-04;9.415766712403742227e-05
1.000000000000000000e+04;5.254815711017724971e+04;2.947969640898906582e-04;-3.422711718821909921e-05
1.000000000000000000e+04;5.254974521008997544e+04;2.940155960603806963e-04;-3.847086540952162807e-05
1.000000000000000000e+04;5.259710806862145546e+04;2.500862374428172567e-04;-1.614385338053969882e-04
1.000000000000000000e+04;5.259869623287917784e+04;2.474771530893151664e-04;-1.649420857924874880e-04
1.000000000000000000e+04;5.264605909356412303e+04;1.540978261352918613e-04;-2.541362561957829797e-04
1.000000000000000000e+04;5.264764729126595921e+04;1.502676854466023534e-04;-2.561492485384482347e-04
1.000000000000000000e+04;5.269501017554129066e+04;2.653950497370584008e-05;-2.954525981676640314e-04
1.000000000000000000e+04;5.269659841695317300e+04;2.220583798945887895e-05;-2.955735236985237665e-04
1.000000000000000000e+04;5.274396123301449552e+04;-1.055559865451991317e-04;-2.768323030359127915e-04
1.000000000000000000e+04;5.274554951581428031e+04;-1.095089787479764873e-04;-2.750035052563897962e-04
1.000000000000000000e+04;5.279291224555071676e+04;-2.160877657986621202e-04;-2.022891120586178923e-04
1.000000000000000000e+04;5.279450047001232451e+04;-2.187998444623528180e-04;-1.989513856055798559e-04
1.000000000000000000e+04;5.284186330738729157e+04;-2.831977879084856945e-04;-8.564430681171024255e-05
1.000000000000000000e+04;5.284345150334478240e+04;-2.841867263493983993e-04;-8.142333027875215182e-05
1.000000000000000000e+04;5.289081434397215344e+04;-2.915983516828234427e-04;4.676763914458944833e-05
1.000000000000000000e+04;5.289240252543019596e+04;-2.906306057839591834e-04;5.098671908497993184e-05
1.000000000000000000e+04;5.293976530969022861e+04;-2.414033533657179318e-04;1.711896499947784638e-04
1.000000000000000000e+04;5.294135348348075786e+04;-2.386777994391954441e-04;1.745511624228675849e-04
1.000000000000000000e+04;5.298871639827424224e+04;-1.420137655716921922e-04;2.584433650505088293e-04
1.000000000000000000e+04;5.299030445502648217e+04;-1.381012586908762676e-04;2.603044431620387430e-04
1.000000000000000000e+04;5.303766757253823016e+04;-1.364066268210569071e-05;2.954188150254930955e-04
1.000000000000000000e+04;5.303925555638158403e+04;-9.325255985425890071e-06;2.952853718292836201e-04
1.000000000000000000e+04;5.308661871371403686e+04;1.166454755491164619e-04;2.709863910238801831e-04
1.000000000000000000e+04;5.308820675165671128e+04;1.204863077773991729e-04;2.690784297157132769e-04
1.000000000000000000e+04;5.313556964694800263e+04;2.243382887148546827e-04;1.913383538005243491e-04
1.000000000000000000e+04;5.313715777554632223e+04;2.269025971477647114e-04;1.878628249040964308e-04
1.000000000000000000e+04;5.318452053123792575e+04;2.846772160947095621e-04;7.368436472408189028e-05
1.000000000000000000e+04;5.318610862417376484e+04;2.855084036430303139e-04;6.945099510804581780e-05
1.000000000000000000e+04;5.323347164940075891e+04;2.885866390500082959e-04;-5.849614592879359562e-05
1.000000000000000000e+04;5.323505959616698965e+04;2.874440902336192769e-04;-6.267043978307941412e-05
1.000000000000000000e+04;5.328242288588031806e+04;2.325372875171681682e-04;-1.801183736532936078e-04
1.000000000000000000e+04;5.328401080342365458e+04;2.296922504569417892e-04;-1.833070878217863678e-04
1.000000000000000000e+04;5.333137395974854007e+04;1.312916645425993485e-04;-2.640986840701520775e-04
1.000000000000000000e+04;5.333296198709640885e+04;1.273409436090406873e-04;-2.658213480901521495e-04
1.000000000000000000e+04;5.338032484122490860e+04;3.959396137763180935e-07;-2.933226675285218734e-04
1.000000000000000000e+04;5.338191294757821015e+04;-3.878811307178525394e-06;-2.930453313847546765e-04
1.000000000000000000e+04;5.342927579049455380e+04;-1.267856234163047715e-04;-2.659487289655918917e-04
1.000000000000000000e+04;5.343086383953478799e+04;-1.305528075731846277e-04;-2.638322124319877763e-04
1.000000000000000000e+04;5.347822693300950050e+04;-2.312486358745048578e-04;-1.816115808959775126e-04
1.000000000000000000e+04;5.347981489706136927e+04;-2.336577550381666621e-04;-1.781108687634094790e-04
1.000000000000000000e+04;5.352717810747015756e+04;-2.865949230551527536e-04;-6.274681160401626441e-05
1.000000000000000000e+04;5.352876609134449245e+04;-2.872339967713510790e-04;-5.848048550778440276e-05
1.000000000000000000e+04;5.357612914939656912e+04;-2.857035199084623093e-04;7.046453646273199284e-05
1.000000000000000000e+04;5.357771723545866553e+04;-2.844261481860381512e-04;7.453646771132253128e-05
1.000000000000000000e+04;5.362508009395768750e+04;-2.247772003676426500e-04;1.867853423969384604e-04
1.000000000000000000e+04;5.362666825433514896e+04;-2.218395680085535372e-04;1.899248268037872524e-04
1.000000000000000000e+04;5.367403107205271954e+04;-1.203057356218225921e-04;2.685769747417748421e-04
1.000000000000000000e+04;5.367561923392275639e+04;-1.162857128195549442e-04;2.700299125663319891e-04
1.000000000000000000e+04;5.372298214643737447e+04;8.850972706711230200e-06;2.920529393032065602e-04
1.000000000000000000e+04;5.372457028274504410e+04;1.310159263771375012e-05;2.917055485586365709e-04
1.000000000000000000e+04;5.377193326467180304e+04;1.371310440321185263e-04;2.600365785234377619e-04
1.000000000000000000e+04;5.377352142275101505e+04;1.407444832430089965e-04;2.577329910521670270e-04
1.000000000000000000e+04;5.382088431247408880e+04;2.358591695172361513e-04;1.720296340252167435e-04
1.000000000000000000e+04;5.382247255209481227e+04;2.381767415767247148e-04;1.684960246017478791e-04
1.000000000000000000e+04;5.386983525315768929e+04;2.879978171505775779e-04;5.242777476336375975e-05
1.000000000000000000e+04;5.387142353781140991e+04;2.884705254352050918e-04;4.811099026064904625e-05
1.000000000000000000e+04;5.391878629738267045e+04;2.799424440066641557e-04;-8.006886452404208285e-05
1.000000000000000000e+04;5.392037444608270016e+04;2.785068967808225406e-04;-8.403511594133115221e-05
1.000000000000000000e+04;5.396773743436557561e+04;2.190257343700705570e-04;-1.944625919141012660e-04
1.000000000000000000e+04;5.396932546693658514e+04;2.159693193234168485e-04;-1.974919124765061077e-04
1.000000000000000000e+04;5.401668855296484980e+04;1.078264067993276023e-04;-2.707025660377043903e-04
1.000000000000000000e+04;5.401827656164694054e+04;1.038475130836881226e-04;-2.720215121660758835e-04
1.000000000000000000e+04;5.406563955948141665e+04;-1.853147598058634845e-05;-2.905844839304983569e-04
1.000000000000000000e+04;5.406722760808945895e+04;-2.282580500247029492e-05;-2.900626617270338475e-04
1.000000000000000000e+04;5.411459057451778790e+04;-1.462552204931936918e-04;-2.529639746757479722e-04
1.000000000000000000e+04;5.411617859399106237e+04;-1.497508106423641697e-04;-2.505732533570040788e-04
1.000000000000000000e+04;5.416354165579927940e+04;-2.401728115756503830e-04;-1.640040312177174137e-04
1.000000000000000000e+04;5.416512964297640428e+04;-2.423401910388137430e-04;-1.603480127701694335e-04
1.000000000000000000e+04;5.421249274682739633e+04;-2.899660428854433604e-04;-4.075497435329921851e-05
1.000000000000000000e+04;5.421408074505051627e+04;-2.902915974345597529e-04;-3.652702458408701536e-05
1.000000000000000000e+04;5.426144376711046789e+04;-2.749105680235322448e-04;8.826938365845212625e-05
1.000000000000000000e+04;5.426303179980585992e+04;-2.733977461646338626e-04;9.227196567936063855e-05
1.000000000000000000e+04;5.431039477090165019e+04;-2.112479766575058645e-04;2.016064387584021221e-04
1.000000000000000000e+04;5.431198280222163885e+04;-2.080485894455367981e-04;2.044371955684943631e-04
1.000000000000000000e+04;5.435934583718733484e+04;-9.916793056446468566e-05;2.719415592110116346e-04
1.000000000000000000e+04;5.436093384408416023e+04;-9.517680138806219111e-05;2.731942448905212597e-04
1.000000000000000000e+04;5.440829693098663847e+04;2.913905060565974179e-05;2.892888810136444834e-04
1.000000000000000000e+04;5.440988494701863965e+04;3.336268548059594758e-05;2.885523916708895940e-04
1.000000000000000000e+04;5.445724797537745326e+04;1.532285865347522626e-04;2.454957871814766662e-04
1.000000000000000000e+04;5.445883603572886932e+04;1.566733851531034436e-04;2.430860214566290590e-04
1.000000000000000000e+04;5.450619897426434181e+04;2.447513700076500904e-04;1.553574826425185721e-04
1.000000000000000000e+04;5.450778706384051475e+04;2.467796232063160645e-04;1.515778466369700197e-04
1.000000000000000000e+04;5.455515001355093409e+04;2.882490990704582421e-04;3.016388219872129700e-05
1.000000000000000000e+04;5.455673808238112542e+04;2.884393135574246344e-04;2.598546385161760381e-05
1.000000000000000000e+04;5.460410109594437381e+04;2.717594410418026863e-04;-9.690916766747138160e-05
1.000000000000000000e+04;5.460568915653886506e+04;2.701132634874644795e-04;-1.008645163448397303e-04
1.000000000000000000e+04;5.465305218635915662e+04;2.013001950890102004e-04;-2.082376485757786466e-04
1.000000000000000000e+04;5.465464028983981552e+04;1.980656715657326387e-04;-2.109339575178071301e-04
1.000000000000000000e+04;5.470200321078315028e+04;9.054513502114620860e-05;-2.743160317082856087e-04
1.000000000000000000e+04;5.470359139687012794e+04;8.648337598125657754e-05;-2.754462890184486510e-04
1.000000000000000000e+04;5.475095416231700801e+04;-4.014534643757285918e-05;-2.866339432478346078e-04
1.000000000000000000e+04;5.475254239656024583e+04;-4.428545385956763171e-05;-2.857928733132932540e-04
1.000000000000000000e+04;5.479990520610528620e+04;-1.598884731463199053e-04;-2.400026981768049543e-04
1.000000000000000000e+04;5.480149336867005331e+04;-1.632772878498142178e-04;-2.374340035152963072e-04
1.000000000000000000e+04;5.484885632349460502e+04;-2.500482199927366489e-04;-1.467452428298639559e-04
1.000000000000000000e+04;5.485044444043734256e+04;-2.519196591433384060e-04;-1.429919713804613380e-04
1.000000000000000000e+04;5.489780744599441095e+04;-2.876214818999661151e-04;-2.075043736265569434e-05
1.000000000000000000e+04;5.489939561012801278e+04;-2.877118294601998085e-04;-1.654555936044356870e-05
1.000000000000000000e+04;5.494675844626889011e+04;-2.680458629512074125e-04;1.060044351361863301e-04
1.000000000000000000e+04;5.494834672114108980e+04;-2.662660320575807398e-04;1.098563519461091646e-04
1.000000000000000000e+04;5.499570932280448324e+04;-1.939701621436443375e-04;2.127032189664675567e-04
1.000000000000000000e+04;5.499729760984822497e+04;-1.906805452787644533e-04;2.153446102589028630e-04
1.000000000000000000e+04;5.504466042820332950e+04;-8.172089678650327615e-05;2.774327333358555104e-04
1.000000000000000000e+04;5.504624853521926707e+04;-7.763440591847360704e-05;2.783305614225738221e-04
1.000000000000000000e+04;5.509361159242358553e+04;4.861063652767669475e-05;2.843750953265125397e-04
1.000000000000000000e+04;5.509519959012931940e+04;5.269436150398519467e-05;2.835044548233246883e-04
1.000000000000000000e+04;5.514256271222301439e+04;1.671364941502693894e-04;2.343174620036762282e-04
1.000000000000000000e+04;5.514415072476371279e+04;1.704388092010462549e-04;2.316193299738462268e-04
1.000000000000000000e+04;5.519151367431911058e+04;2.524913236807111187e-04;1.383518486287359315e-04
1.000000000000000000e+04;5.519310175294325018e+04;2.542536743640576714e-04;1.345563203627527145e-04
1.000000000000000000e+04;5.524046467302956444e+04;2.879396409619652754e-04;1.342257252861699522e-05
1.000000000000000000e+04;5.524205270412161917e+04;2.878807009949002713e-04;9.225881283484057326e-06
1.000000000000000000e+04;5.528941577208667877e+04;2.628489900063588893e-04;-1.146227517510942643e-04
1.000000000000000000e+04;5.529100375374080613e+04;2.609901975840620198e-04;-1.183456828767968499e-04
1.000000000000000000e+04;5.533836688806510938e+04;1.873308011234275895e-04;-2.176815165909104077e-04
1.000000000000000000e+04;5.533995488821832259e+04;1.839595313404059778e-04;-2.202571475789172285e-04
1.000000000000000000e+04;5.538731790426088992e+04;7.226118896984838689e-05;-2.783453610370823839e-04
1.000000000000000000e+04;5.538890596688343066e+04;6.818226256012910726e-05;-2.791285988682258037e-04
1.000000000000000000e+04;5.543626889306998055e+04;-5.608495996006197619e-05;-2.820886886726613240e-04
1.000000000000000000e+04;5.543785698193022108e+04;-6.015239869666151725e-05;-2.810296555600853515e-04
1.000000000000000000e+04;5.548521996280047460e+04;-1.740530727631478785e-04;-2.298018663546084594e-04
1.000000000000000000e+04;5.548680805842210248e+04;-1.772316762508973189e-04;-2.270660800084602223e-04
1.000000000000000000e+04;5.553417105904367781e+04;-2.552844130495877961e-04;-1.301198025343460450e-04
1.000000000000000000e+04;5.553575920982786920e+04;-2.569543910339418193e-04;-1.262927811450250098e-04
1.000000000000000000e+04;5.558312208234676655e+04;-2.872408684068312209e-04;-5.285213128864673256e-06
1.000000000000000000e+04;5.558471031155488890e+04;-2.870499801456024257e-04;-1.090576654263835094e-06
1.000000000000000000e+04;5.563207308325392660e+04;-2.585262713470503227e-04;1.201875741086659414e-04
1.000000000000000000e+04;5.563366133664116933e+04;-2.565769218781100954e-04;1.238803482305640539e-04
1.000000000000000000e+04;5.568102416799604543e+04;-1.801752402526798674e-04;2.217124612224359429e-04
1.000000000000000000e+04;5.568261239992546325e+04;-1.767323760748901976e-04;2.241015688278572547e-04
1.000000000000000000e+04;5.572997525102522195e+04;-6.447931601829989768e-05;2.791561150054569485e-04
1.000000000000000000e+04;5.573156351231475128e+04;-6.040379056495972577e-05;2.798674796697951986e-04
1.000000000000000000e+04;5.577892625552992104e+04;6.457914526095855502e-05;2.779103578117048806e-04
1.000000000000000000e+04;5.578051453621927067e+04;6.859552523918664680e-05;2.767643419462552552e-04
1.000000000000000000e+04;5.582787724395506666e+04;1.787945250579414571e-04;2.222932522564292131e-04
1.000000000000000000e+04;5.582946544576420274e+04;1.819109683570510106e-04;2.194404536758573791e-04
1.000000000000000000e+04;5.587682834319930407e+04;2.583380764615042209e-04;1.224564602220499848e-04
1.000000000000000000e+04;5.587841640030897543e+04;2.598696740817214596e-04;1.185844039107844728e-04
1.000000000000000000e+04;5.592577947583667265e+04;2.850162033002801173e-04;-4.047043282830013992e-06
1.000000000000000000e+04;5.592736749812900234e+04;2.847318544650203134e-04;-8.176202491822178031e-06
1.000000000000000000e+04;5.597473052928799734e+04;2.543608195096041364e-04;-1.286480872757306477e-04
1.000000000000000000e+04;5.597631861990087782e+04;2.522977519933082948e-04;-1.322690638727374115e-04
1.000000000000000000e+04;5.602368149136948341e+04;1.715675492002319963e-04;-2.261338195855524993e-04
1.000000000000000000e+04;5.602526966355546756e+04;1.681067492282726367e-04;-2.285048962527670767e-04
1.000000000000000000e+04;5.607263247197525925e+04;5.663703336910819007e-05;-2.794575963744458575e-04
1.000000000000000000e+04;5.607422069144427223e+04;5.250943396680698321e-05;-2.799692837289151207e-04
1.000000000000000000e+04;5.612158354711415450e+04;-7.338847782289814701e-05;-2.766394579842115006e-04
1.000000000000000000e+04;5.612317183541681152e+04;-7.731022721766489341e-05;-2.754085871885337882e-04
1.000000000000000000e+04;5.617053466593618941e+04;-1.845805400522252684e-04;-2.162552445297609915e-04
1.000000000000000000e+04;5.617212314173658524e+04;-1.876438867151101163e-04;-2.133603090220065552e-04
1.000000000000000000e+04;5.621948569371406484e+04;-2.615664829086822491e-04;-1.137771458235657251e-04
1.000000000000000000e+04;5.622107447777765628e+04;-2.629619704877243953e-04;-1.098943632997877163e-04
1.000000000000000000e+04;5.626843647673882515e+04;-2.840605988859393628e-04;1.143723348699399325e-05
1.000000000000000000e+04;5.627002555169555853e+04;-2.836936962910788945e-04;1.563439651101771773e-05
1.000000000000000000e+04;5.631738744587934343e+04;-2.504227073516992227e-04;1.347536190354912044e-04
1.000000000000000000e+04;5.631897621837064798e+04;-2.482400709489833370e-04;1.382127111962830693e-04
1.000000000000000000e+04;5.636633866212246357e+04;-1.649753937171083526e-04;2.314777972614676257e-04
1.000000000000000000e+04;5.636792711049901118e+04;-1.614936446770139143e-04;2.337617194146956491e-04
1.000000000000000000e+04;5.641528991718222824e+04;-4.866008856264300304e-05;2.797913548360664456e-04
1.000000000000000000e+04;5.641687826666844194e+04;-4.451878502902308624e-05;2.802382032549316938e-04
1.000000000000000000e+04;5.646424096088330407e+04;8.009256070492626030e-05;2.728381209905157484e-04
1.000000000000000000e+04;5.646582940777603653e+04;8.396110962839020567e-05;2.714816475119477177e-04
1.000000000000000000e+04;5.651319181346640835e+04;1.903053224626910045e-04;2.111875089946278815e-04
1.000000000000000000e+04;5.651478026455706276e+04;1.932645391987197563e-04;2.081903995177138849e-04
1.000000000000000000e+04;5.656214290029108088e+04;2.634125374672775842e-04;1.064151744868181590e-04
1.000000000000000000e+04;5.656373107770850766e+04;2.647160413917714846e-04;1.025513273332950598e-04
1.000000000000000000e+04;5.661109408516699477e+04;2.830000756050949327e-04;-2.010321214879708563e-05
1.000000000000000000e+04;5.661268208130051789e+04;2.825004146353151053e-04;-2.424223875907955021e-05
1.000000000000000000e+04;5.666004523817523295e+04;2.457148991510882874e-04;-1.412371178192612948e-04
1.000000000000000000e+04;5.666163322576862265e+04;2.434648137698366304e-04;-1.446935444134849066e-04
1.000000000000000000e+04;5.670899622916213411e+04;1.588527260586046399e-04;-2.345722916361440567e-04
1.000000000000000000e+04;5.671058427519132965e+04;1.552946544934630008e-04;-2.366976257922226076e-04
1.000000000000000000e+04;5.675794719850083493e+04;4.070375126793127394e-05;-2.810396056140513840e-04
1.000000000000000000e+04;5.675953523293753096e+04;3.661189635715276017e-05;-2.813758751437655560e-04
1.000000000000000000e+04;5.680689828324556584e+04;-8.669598424908918203e-05;-2.700994641467723847e-04
1.000000000000000000e+04;5.680848626667325880e+04;-9.056766361409848936e-05;-2.686503946973741743e-04
1.000000000000000000e+04;5.685584939646114071e+04;-1.947402426082301861e-04;-2.046812986817671590e-04
1.000000000000000000e+04;5.685743738460456370e+04;-1.975608047117870865e-04;-2.016659703731962805e-04
1.000000000000000000e+04;5.690480041945225821e+04;-2.650358632581824932e-04;-9.893095942610640879e-05
1.000000000000000000e+04;5.690638844995258114e+04;-2.662650969426806212e-04;-9.497229671205470426e-05
1.000000000000000000e+04;5.695375141021074523e+04;-2.809678561832127286e-04;2.705744224622266681e-05
1.000000000000000000e+04;5.695533944022432115e+04;-2.803245938501617890e-04;3.111136527469990587e-05
1.000000000000000000e+04;5.700270247624206968e+04;-2.405109056046044217e-04;1.481214631976689958e-04
1.000000000000000000e+04;5.700429046948636096e+04;-2.382206006144030265e-04;1.514935460760132870e-04
1.000000000000000000e+04;5.705165358266575640e+04;-1.509830605932229179e-04;2.384436916183757093e-04
1.000000000000000000e+04;5.705324157661943173e+04;-1.473438380198439229e-04;2.404867854378062262e-04
1.000000000000000000e+04;5.710060463097869797e+04;-3.301301265599054444e-05;2.804470199626014708e-04
1.000000000000000000e+04;5.710219267781962844e+04;-2.894676555867912665e-05;2.806789934988498372e-04
1.000000000000000000e+04;5.714955561818971182e+04;9.470308936609619270e-05;2.672290160380057342e-04
1.000000000000000000e+04;5.715114368698005273e+04;9.852058567504650441e-05;2.656379202757998379e-04
1.000000000000000000e+04;5.719850666012493457e+04;1.997758742176588935e-04;1.989161308888458680e-04
1.000000000000000000e+04;5.720009472412360628e+04;2.025110931893352086e-04;1.958618831779378199e-04
1.000000000000000000e+04;5.724745775770813634e+04;2.672486160203077759e-04;9.102335991570356286e-05
1.000000000000000000e+04;5.724904583984040801e+04;2.683665671690230355e-04;8.706444803549937179e-05
1.000000000000000000e+04;5.729640882684122334e+04;2.789345271326666687e-04;-3.489815489137336517e-05
1.000000000000000000e+04;5.729799697029031086e+04;2.781936594637764311e-04;-3.895737760571578592e-05
1.000000000000000000e+04;5.734535981142395758e+04;2.362064300227241704e-04;-1.536439766015189660e-04
1.000000000000000000e+04;5.734694800066165772e+04;2.338066308074147979e-04;-1.569191852424941613e-04
1.000000000000000000e+04;5.739431083000658691e+04;1.433122473700748222e-04;-2.420838443189913560e-04
1.000000000000000000e+04;5.739589894184023433e+04;1.396861869094372858e-04;-2.440178694365936752e-04
1.000000000000000000e+04;5.744326190632375074e+04;2.503007337020087136e-05;-2.803985319328329670e-04
1.000000000000000000e+04;5.744484994885969354e+04;2.091502334220320981e-05;-2.805135047533024984e-04
1.000000000000000000e+04;5.749221302148984250e+04;-1.019234613657543230e-04;-2.635675939875962840e-04
1.000000000000000000e+04;5.749380105858081515e+04;-1.056265269628657398e-04;-2.618963345171103157e-04
1.000000000000000000e+04;5.754116409338354424e+04;-2.051793959461654438e-04;-1.925164447111677097e-04
1.000000000000000000e+04;5.754275220161886682e+04;-2.078607692822450888e-04;-1.893727198996724424e-04
1.000000000000000000e+04;5.759011506496396032e+04;-2.692749118389270750e-04;-8.338003567575598743e-05
1.000000000000000000e+04;5.759170322895120626e+04;-2.702352008862935113e-04;-7.941408981955355088e-05
1.000000000000000000e+04;5.763906606891989213e+04;-2.775538576284366826e-04;4.244322686864124386e-05
1.000000000000000000e+04;5.764065423089230171e+04;-2.767528497705624654e-04;4.647147479773020131e-05
1.000000000000000000e+04;5.768801715539002180e+04;-2.313236402219725444e-04;1.599866475477844732e-04
1.000000000000000000e+04;5.768960530565663794e+04;-2.287870347038232469e-04;1.631782472084710215e-04
1.000000000000000000e+04;5.773696827413090068e+04;-1.369970749218937789e-04;2.450460202343785290e-04
1.000000000000000000e+04;5.773855648144907900e+04;-1.333780767274921129e-04;2.468825559871121156e-04
1.000000000000000000e+04;5.778591931563491380e+04;-1.679763999970144392e-05;2.800880333034921313e-04
1.000000000000000000e+04;5.778750765442028205e+04;-1.266208349984977716e-05;2.800896335262124687e-04
1.000000000000000000e+04;5.783487024134772946e+04;1.079269516901551723e-04;2.595467246102024458e-04
1.000000000000000000e+04;5.783645867659043870e+04;1.115547957346710496e-04;2.577647390887878457e-04
1.000000000000000000e+04;5.788382117654024478e+04;2.103662989188993153e-04;1.862772150991310444e-04
1.000000000000000000e+04;5.788540947504247015e+04;2.129510902138434091e-04;1.830800322476478458e-04
1.000000000000000000e+04;5.793277235285152710e+04;2.697434275166587614e-04;7.513508353836816306e-05
1.000000000000000000e+04;5.793436044047150062e+04;2.705963234405528331e-04;7.114768599991121557e-05
1.000000000000000000e+04;5.798172355364239047e+04;2.758016515185916784e-04;-5.019806534800697680e-05
1.000000000000000000e+04;5.798331154350234283e+04;2.748730308332343174e-04;-5.417910039601020120e-05
1.000000000000000000e+04;5.803067461776579876e+04;2.251724910075271902e-04;-1.658000666103156976e-04
1.000000000000000000e+04;5.803226266006415244e+04;2.225720813391683748e-04;-1.689423609497959816e-04
1.000000000000000000e+04;5.807962553055653552e+04;1.298885184594246033e-04;-2.479070584603780417e-04
1.000000000000000000e+04;5.808121362078320089e+04;1.262074104821607739e-04;-2.495944235648499786e-04
1.000000000000000000e+04;5.812857650181232020e+04;7.803116810994734824e-06;-2.795289733726598422e-04
1.000000000000000000e+04;5.813016453030926641e+04;3.707570005646553606e-06;-2.794474179195117645e-04
1.000000000000000000e+04;5.817752764929058321e+04;-1.146083476688101749e-04;-2.551055890359256581e-04
1.000000000000000000e+04;5.817911559038633277e+04;-1.182082880225392943e-04;-2.532088763486278261e-04
1.000000000000000000e+04;5.822647882296114403e+04;-2.156549486773863685e-04;-1.788503687440477037e-04
1.000000000000000000e+04;5.822806677628698526e+04;-2.180970351152811755e-04;-1.756076888389849176e-04
1.000000000000000000e+04;5.827542985036261234e+04;-2.711145131543823018e-04;-6.714943850171139941e-05
1.000000000000000000e+04;5.827701788924627908e+04;-2.718883585227571328e-04;-6.311322894878053781e-05
1.000000000000000000e+04;5.832438078544623568e+04;-2.733848973690700536e-04;5.866668398019567323e-05
1.000000000000000000e+04;5.832596886460574751e+04;-2.723171193921567531e-04;6.255805091623972323e-05
1.000000000000000000e+04;5.837333179074021609e+04;-2.199011983720741323e-04;1.722308256205666197e-04
1.000000000000000000e+04;5.837491983534902101e+04;-2.172299661946048362e-04;1.753307049181299072e-04
1.000000000000000000e+04;5.842228290194320289e+04;-1.219705333289177173e-04;2.506974685760238230e-04
1.000000000000000000e+04;5.842387091544366558e+04;-1.182498822297316780e-04;2.522572141415638908e-04
1.000000000000000000e+04;5.847123402481336962e+04;1.244116670481933150e-07;2.788896935226473431e-04
1.000000000000000000e+04;5.847282207393856515e+04;4.205307175531837248e-06;2.786830990455888978e-04
1.000000000000000000e+04;5.852018507933995716e+04;1.222738467936358893e-04;2.508966579328794741e-04
1.000000000000000000e+04;5.852177321277306328e+04;1.258012179799617282e-04;2.489041885801680158e-04
1.000000000000000000e+04;5.856913606781934504e+04;2.196867924389484417e-04;1.715485457276405318e-04
1.000000000000000000e+04;5.857072424940836936e+04;2.220277714402321906e-04;1.682498663796791341e-04
1.000000000000000000e+04;5.861808705554500193e+04;2.729559383516953546e-04;5.808548252579178079e-05
1.000000000000000000e+04;5.861967521315564954e+04;2.735992066551071102e-04;5.403877743433683042e-05
1.000000000000000000e+04;5.866703812743342860e+04;2.698336859596430675e-04;-6.622211436832748873e-05
1.000000000000000000e+04;5.866862623907595844e+04;2.686641142424792475e-04;-7.009489622887688897e-05
1.000000000000000000e+04;5.871598924033241201e+04;2.147989430543443179e-04;-1.791858543241636043e-04
1.000000000000000000e+04;5.871757737863875809e+04;2.120150794246979337e-04;-1.821417933334435650e-04
1.000000000000000000e+04;5.876494032380136196e+04;1.132135644969430336e-04;-2.534385631544323024e-04
1.000000000000000000e+04;5.876652856405131752e+04;1.094906493416529812e-04;-2.549370797237416079e-04
1.000000000000000000e+04;5.881389127634947363e+04;-8.423946925887281206e-06;-2.781445601728125129e-04
1.000000000000000000e+04;5.881547957552604203e+04;-1.251008689407147093e-05;-2.777699588730743962e-04
1.000000000000000000e+04;5.886284227481230482e+04;-1.296443384693802300e-04;-2.456921107658143724e-04
1.000000000000000000e+04;5.886443051081798330e+04;-1.331019463994295802e-04;-2.436376537285309422e-04
1.000000000000000000e+04;5.891179337707365630e+04;-2.239677349398748463e-04;-1.647072896400564258e-04
1.000000000000000000e+04;5.891338152868399629e+04;-2.261761028579602109e-04;-1.612868872153615219e-04
1.000000000000000000e+04;5.896074450014466129e+04;-2.741160315908590817e-04;-4.866547084343567434e-05
1.000000000000000000e+04;5.896233266567574174e+04;-2.746451720129506604e-04;-4.468944253067298647e-05
1.000000000000000000e+04;5.900969550500972400e+04;-2.662644530644864781e-04;7.479832119781924837e-05
1.000000000000000000e+04;5.901128375802372466e+04;-2.649801361305764843e-04;7.869089081739732614e-05
1.000000000000000000e+04;5.905864643283770420e+04;-2.078061647729338181e-04;1.850246055761867127e-04
1.000000000000000000e+04;5.906023470893476770e+04;-2.049237437484124154e-04;1.878453152747751602e-04
1.000000000000000000e+04;5.910759751768485876e+04;-1.052791352027916363e-04;2.566700555354483313e-04
1.000000000000000000e+04;5.910918572439206037e+04;-1.015040037138184874e-04;2.580501538223327579e-04
1.000000000000000000e+04;5.915654865039169090e+04;1.855134431842709496e-05;2.768104734898733954e-04
1.000000000000000000e+04;5.915813686446826614e+04;2.256151073978839285e-05;2.762980345236151574e-04
1.000000000000000000e+04;5.920549970066150127e+04;1.371100178629320742e-04;2.407036524815947304e-04
1.000000000000000000e+04;5.920708803486275428e+04;1.405456607362598172e-04;2.385570502317026405e-04
1.000000000000000000e+04;5.925445059550136648e+04;2.288949781456798714e-04;1.561613234702507319e-04
1.000000000000000000e+04;5.925603900714039628e+04;2.309560428902559246e-04;1.526623456213145504e-04
1.000000000000000000e+04;5.930340163816927088e+04;2.747185493599013954e-04;4.037518403342630079e-05
1.000000000000000000e+04;5.930498989407314366e+04;2.751033004884556360e-04;3.638139755992659185e-05
1.000000000000000000e+04;5.935235279477615404e+04;2.640220240522934015e-04;-8.468163204209864202e-05
1.000000000000000000e+04;5.935394094133891485e+04;2.626129351555091403e-04;-8.846741416143402161e-05
1.000000000000000000e+04;5.940130393534184986e+04;2.000381123138831403e-04;-1.906726351987956278e-04
1.000000000000000000e+04;5.940289210533253208e+04;1.970910872889220899e-04;-1.934591969629583593e-04
1.000000000000000000e+04;5.945025489044246206e+04;9.709393572090344417e-05;-2.597108871760056385e-04
1.000000000000000000e+04;5.945184313333051250e+04;9.323346723415118324e-05;-2.608854851060863570e-04
1.000000000000000000e+04;5.949920592980764195e+04;-2.746987733247292362e-05;-2.752108356021389307e-04
1.000000000000000000e+04;5.950079407159514813e+04;-3.143018824785563333e-05;-2.746124090238110022e-04
1.000000000000000000e+04;5.954815705571884610e+04;-1.447487271954352877e-04;-2.352515080814027030e-04
1.000000000000000000e+04;5.954974514231776993e+04;-1.480850185901850852e-04;-2.329535734578999445e-04
1.000000000000000000e+04;5.959710817930292251e+04;-2.331793480532078620e-04;-1.471897369335657007e-04
1.000000000000000000e+04;5.959869632476033439e+04;-2.351429143269494996e-04;-1.436765964778457649e-04
1.000000000000000000e+04;5.964605912048553728e+04;-2.742754836608402589e-04;-3.058641344643199929e-05
1.000000000000000000e+04;5.964764736402377457e+04;-2.745041529051643462e-04;-2.653260153286109193e-05
1.000000000000000000e+04;5.969501008739223471e+04;-2.597998300600279386e-04;9.360886022858621474e-05
1.000000000000000000e+04;5.969659820258391119e+04;-2.582431894834892974e-04;9.727420570660446437e-05
1.000000000000000000e+04;5.974396117639933072e+04;-1.922915511738167713e-04;1.982518148831620430e-04
1.000000000000000000e+04;5.974554916778502957e+04;-1.892685102044779002e-04;2.009584529086073153e-04
1.000000000000000000e+04;5.979291235017732834e+04;-8.636211484804258616e-05;2.613075032941068678e-04
1.000000000000000000e+04;5.979450030239243642e+04;-8.246036684084225563e-05;2.623426890344401170e-04
1.000000000000000000e+04;5.984186342555468582e+04;3.719333952225132499e-05;2.741107384840759634e-04
1.000000000000000000e+04;5.984345143938993715e+04;4.113958666947063330e-05;2.733472193727374882e-04
1.000000000000000000e+04;5.989081439022093400e+04;1.533161240306937768e-04;2.283209599946251986e-04
1.000000000000000000e+04;5.989240245758935635e+04;1.565561113092827511e-04;2.259361035559140200e-04
1.000000000000000000e+04;5.993976537414549239e+04;2.377980034088334664e-04;1.384975993718422639e-04
1.000000000000000000e+04;5.994135342587340710e+04;2.396270748229080297e-04;1.349009811840974301e-04
1.000000000000000000e+04;5.998871644997261319e+04;2.743043458063442342e-04;1.886524821776199435e-05
1.000000000000000000e+04;5.999030445666633750e+04;2.744143978219057401e-04;1.484913156262942572e-05
1.000000000000000000e+04;6.003766756816195993e+04;2.547681530031249242e-04;-1.022337258617472090e-04
1.000000000000000000e+04;6.003925556954711647e+04;2.530473869799144265e-04;-1.058928530823406033e-04
1.000000000000000000e+04;6.008661864056817285e+04;1.840384533436194823e-04;-2.058815792270103932e-04
1.000000000000000000e+04;6.008820669825452933e+04;1.809455540012115606e-04;-2.083824512996510902e-04
1.000000000000000000e+04;6.013556961789469642e+04;7.520560691717948626e-05;-2.637192702794715336e-04
1.000000000000000000e+04;6.013715772994924919e+04;7.126755999489131296e-05;-2.646846961809462811e-04
1.000000000000000000e+04;6.018452061776139453e+04;-4.828708579783058501e-05;-2.714465795164914381e-04
1.000000000000000000e+04;6.018610867097848677e+04;-5.219278050680648852e-05;-2.704837560793346305e-04
1.000000000000000000e+04;6.023347169481655146e+04;-1.618814860940000710e-04;-2.214997415808240395e-04
1.000000000000000000e+04;6.023505968168246909e+04;-1.650399638989937879e-04;-2.190251460353599634e-04
1.000000000000000000e+04;6.028242282653818256e+04;-2.429868285212382641e-04;-1.286032232239928401e-04
1.000000000000000000e+04;6.028401079337653209e+04;-2.446478287504007341e-04;-1.249073365891531170e-04
1.000000000000000000e+04;6.033137389382813126e+04;-2.745352237139948252e-04;-7.838289814872823074e-06
1.000000000000000000e+04;6.033296190587831370e+04;-2.745027060521851238e-04;-3.885895762799021440e-06
1.000000000000000000e+04;6.038032487295274768e+04;-2.497652022466839640e-04;1.131635099143550171e-04
1.000000000000000000e+04;6.038191292633100966e+04;-2.479223979707060070e-04;1.167950650639745352e-04
1.000000000000000000e+04;6.042927586186400003e+04;-1.750080853323409270e-04;2.112124599273374902e-04
1.000000000000000000e+04;6.043086389755295386e+04;-1.717950398159517823e-04;2.135766715227157869e-04
1.000000000000000000e+04;6.047822693625046668e+04;-6.456290474686036680e-05;2.670394160795972653e-04
1.000000000000000000e+04;6.047981492508202064e+04;-6.061906268357936610e-05;2.678032990789562594e-04
1.000000000000000000e+04;6.052717805097927339e+04;5.947230594153723662e-05;2.675996971190996261e-04
1.000000000000000000e+04;6.052876602776421350e+04;6.333149833851660511e-05;2.665252290057803630e-04
1.000000000000000000e+04;6.057612911987251573e+04;1.708035327917646162e-04;2.141679569166648827e-04
1.000000000000000000e+04;6.057771712967856729e+04;1.738321755561108390e-04;2.115448170389805588e-04
1.000000000000000000e+04;6.062508013420735369e+04;2.470783890989374995e-04;1.166094165045291703e-04
1.000000000000000000e+04;6.062666817809829081e+04;2.486223137277163240e-04;1.128689822261856715e-04
1.000000000000000000e+04;6.067403115506592439e+04;2.739447150838674231e-04;-3.059188611617579931e-06
1.000000000000000000e+04;6.067561920547077898e+04;2.736814535795520213e-04;-7.037478169478261766e-06
1.000000000000000000e+04;6.072298221405190270e+04;2.441897039025101891e-04;-1.249726446255862769e-04
1.000000000000000000e+04;6.072457026132333704e+04;2.422361557354432075e-04;-1.284487465324740771e-04
1.000000000000000000e+04;6.077193327810765186e+04;1.650434505995120201e-04;-2.179704782264908530e-04
1.000000000000000000e+04;6.077352133336570114e+04;1.617230478545611712e-04;-2.202557456572177045e-04
1.000000000000000000e+04;6.082088431896507245e+04;5.225325002927580308e-05;-2.694386293470763969e-04
1.000000000000000000e+04;6.082247237963779480e+04;4.828831421285488166e-05;-2.699854659479326196e-04
1.000000000000000000e+04;6.086983535941474111e+04;-7.063468880316260744e-05;-2.640680988155124742e-04
1.000000000000000000e+04;6.087142340843736019e+04;-7.445337939751756669e-05;-2.628493459461452150e-04
1.000000000000000000e+04;6.091878642604182824e+04;-1.800814671350463151e-04;-2.062980050492981606e-04
1.000000000000000000e+04;6.092037446515568445e+04;-1.829519015918104770e-04;-2.035227205496209263e-04
1.000000000000000000e+04;6.096773749862048135e+04;-2.517369857100850241e-04;-1.050853066883745263e-04
1.000000000000000000e+04;6.096932556175630452e+04;-2.531212350006647929e-04;-1.013114829512740578e-04
1.000000000000000000e+04;6.101668855849913962e+04;-2.725880019619034448e-04;1.553362737864128168e-05
1.000000000000000000e+04;6.101827667337675666e+04;-2.721534246862947789e-04;1.950135029053616937e-05
1.000000000000000000e+04;6.106563959111081203e+04;-2.379046584044381654e-04;1.354199263153392789e-04
1.000000000000000000e+04;6.106722776216395869e+04;-2.357557275584303133e-04;1.388100901637539933e-04
1.000000000000000000e+04;6.111459060753201629e+04;-1.545402061851841276e-04;2.247540573496870076e-04
1.000000000000000000e+04;6.111617880546711240e+04;-1.511492313887213335e-04;2.268559875570484079e-04
1.000000000000000000e+04;6.116354165001103684e+04;-3.985256575847762061e-05;2.706394349635509442e-04
1.000000000000000000e+04;6.116512983994085516e+04;-3.584418986269967682e-05;2.710208713345561198e-04
1.000000000000000000e+04;6.121249271683909319e+04;8.288525145055840369e-05;2.597489511922755731e-04
1.000000000000000000e+04;6.121408091141442856e+04;8.662000257047976594e-05;2.583310847958692098e-04
1.000000000000000000e+04;6.126144375229917932e+04;1.882882288554492639e-04;1.964188163640967542e-04
1.000000000000000000e+04;6.126303199712860078e+04;1.910468182848699308e-04;1.935481031031159810e-04
1.000000000000000000e+04;6.131039472142876184e+04;2.560234522145699606e-04;9.232158586496920819e-05
1.000000000000000000e+04;6.131198300105324597e+04;2.571929018148442635e-04;8.845156216442206620e-05
1.000000000000000000e+04;6.135934571576454618e+04;2.696763624284464643e-04;-2.894248884705956777e-05
1.000000000000000000e+04;6.136093393259530421e+04;2.690785248033618609e-04;-3.285145063030886665e-05
1.000000000000000000e+04;6.140829686223839235e+04;2.303311948649386257e-04;-1.465651585766502142e-04
1.000000000000000000e+04;6.140988495529221109e+04;2.279938293229134133e-04;-1.498564357909723966e-04
1.000000000000000000e+04;6.145724802257539704e+04;1.419602127637584915e-04;-2.320356263448254621e-04
1.000000000000000000e+04;6.145883611764939269e+04;1.384823052416225798e-04;-2.339475541733208679e-04
1.000000000000000000e+04;6.150619902811606153e+04;2.596489598830023724e-05;-2.711900075654036365e-04
1.000000000000000000e+04;6.150778717684010189e+04;2.195152658300670871e-05;-2.713948157604959346e-04
1.000000000000000000e+04;6.155514997129805124e+04;-9.644513871274947329e-05;-2.542424659527044899e-04
1.000000000000000000e+04;6.155673808146491501e+04;-1.001224612971950102e-04;-2.526341203698145464e-04
1.000000000000000000e+04;6.160410105434681464e+04;-1.972723346512125211e-04;-1.856605596917198988e-04
1.000000000000000000e+04;6.160568905633323448e+04;-1.998648491754077892e-04;-1.826287479636559642e-04
1.000000000000000000e+04;6.165305218760994467e+04;-2.600313624343526353e-04;-7.900764828564770946e-05
1.000000000000000000e+04;6.165464016766653367e+04;-2.610019090026780507e-04;-7.513604493781305348e-05
1.000000000000000000e+04;6.170200322592066368e+04;-2.673850924786447258e-04;4.429219630345122534e-05
1.000000000000000000e+04;6.170359125049348950e+04;-2.665730020310556458e-04;4.819255650060287843e-05
1.000000000000000000e+04;6.175095420864877815e+04;-2.208584839460204022e-04;1.574289522657087081e-04
1.000000000000000000e+04;6.175254223847579851e+04;-2.183947676254331444e-04;1.605747849165460367e-04
1.000000000000000000e+04;6.179990527733573253e+04;-1.290256817900685264e-04;2.390931824852432887e-04
1.000000000000000000e+04;6.180149326405172178e+04;-1.254037649584851513e-04;2.408370573944162985e-04
1.000000000000000000e+04;6.184885640117404546e+04;-1.084741313215137272e-05;2.711637835867597608e-04
1.000000000000000000e+04;6.185044439249937568e+04;-6.861146286315340016e-06;2.710925906382959886e-04
1.000000000000000000e+04;6.189780744096019771e+04;1.099645819115851271e-04;2.486132013083263044e-04
1.000000000000000000e+04;6.189939550997636252e+04;1.135297841959427779e-04;2.468852948452096813e-04
1.000000000000000000e+04;6.194675838787607063e+04;2.082571873014134149e-04;1.725050370430578192e-04
1.000000000000000000e+04;6.194834647461569693e+04;2.106903037164395344e-04;1.692864918969247412e-04
1.000000000000000000e+04;6.199570942696573911e+04;2.623466854748481600e-04;6.494595535565067751e-05
1.000000000000000000e+04;6.199729747884201061e+04;2.631165415986022084e-04;6.104464847954051306e-05
1.000000000000000000e+04;6.204466057277117216e+04;2.648583277875075090e-04;-5.956994086445547621e-05
1.000000000000000000e+04;6.204624862213090091e+04;2.637940500380697999e-04;-6.342116022382540610e-05
1.000000000000000000e+04;6.209361168764861213e+04;2.111469266524949179e-04;-1.696470285189041001e-04
1.000000000000000000e+04;6.209519982737886312e+04;2.085096855217645766e-04;-1.726157182364642132e-04
1.000000000000000000e+04;6.214256266633881023e+04;1.150573742848173250e-04;-2.455434059695097218e-04
1.000000000000000000e+04;6.214415092483608896e+04;1.113992165070084293e-04;-2.471198659971234751e-04
1.000000000000000000e+04;6.219151355906650133e+04;-5.824899169586119453e-06;-2.700753035983019805e-04
1.000000000000000000e+04;6.219310180557901913e+04;-9.858806967390405874e-06;-2.697600685322375756e-04
1.000000000000000000e+04;6.224046464325871057e+04;-1.229196157833131276e-04;-2.407176896401877226e-04
1.000000000000000000e+04;6.224205277306506468e+04;-1.263590508854662653e-04;-2.387609560781156276e-04
1.000000000000000000e+04;6.228941578578819463e+04;-2.178710813897823530e-04;-1.599202868242679773e-04
1.000000000000000000e+04;6.229100385914125945e+04;-2.200878447925160475e-04;-1.565994752221835950e-04
1.000000000000000000e+04;6.233836689316759293e+04;-2.657172765235337299e-04;-4.717821669025956162e-05
1.000000000000000000e+04;6.233995501190255163e+04;-2.662510289782558394e-04;-4.323549658213680870e-05
1.000000000000000000e+04;6.238731788667271758e+04;-2.592231184440797883e-04;7.476995230058998984e-05
1.000000000000000000e+04;6.238890606376970391e+04;-2.579800764995148323e-04;7.856099565042810461e-05
1.000000000000000000e+04;6.243626885594884516e+04;-1.995644002642123747e-04;1.826499164779482793e-04
1.000000000000000000e+04;6.243785699947430840e+04;-1.967080046817630350e-04;1.854618728625508116e-04
1.000000000000000000e+04;6.248521992386311467e+04;-9.920022638835383592e-05;2.510156802333760235e-04
1.000000000000000000e+04;6.248680795896904601e+04;-9.544733208725558553e-05;2.523210381758172831e-04
1.000000000000000000e+04;6.253417103946446878e+04;2.248739414264906036e-05;2.698535724922622751e-04
1.000000000000000000e+04;6.253575902632508223e+04;2.643623673972660668e-05;2.693318184512445896e-04
1.000000000000000000e+04;6.258312211668118834e+04;1.395641857809554870e-04;2.305645372532459843e-04
1.000000000000000000e+04;6.258471011810754135e+04;1.429021504506360616e-04;2.283872079727058502e-04
1.000000000000000000e+04;6.263207313569920370e+04;2.263577854579401725e-04;1.459019289792996387e-04
1.000000000000000000e+04;6.263366116030289413e+04;2.283682347243576869e-04;1.424411519731224143e-04
1.000000000000000000e+04;6.268102415914180165e+04;2.684440124903996177e-04;2.973475561278147156e-05
1.000000000000000000e+04;6.268261217958080670e+04;2.687172449885596808e-04;2.576140001678054977e-05
1.000000000000000000e+04;6.272997521780820534e+04;2.535824823416940100e-04;-9.142555882813045774e-05
1.000000000000000000e+04;6.273156322662907041e+04;2.520534008116452336e-04;-9.509343410583795224e-05
1.000000000000000000e+04;6.277892628288053675e+04;1.878448102049643431e-04;-1.951359952154110660e-04
1.000000000000000000e+04;6.278051429754626588e+04;1.848861126386111575e-04;-1.977769946415087619e-04
1.000000000000000000e+04;6.282787733168055274e+04;8.106325907543975083e-05;-2.567794329502170753e-04
1.000000000000000000e+04;6.282946536559559900e+04;7.720510779271865659e-05;-2.578266100146197172e-04
1.000000000000000000e+04;6.287682837539628235e+04;-3.953221929377015486e-05;-2.663020578458882349e-04
1.000000000000000000e+04;6.287841643119095534e+04;-4.345035367310240025e-05;-2.655217815702162689e-04
1.000000000000000000e+04;6.292577942463727959e+04;-1.540997586893008264e-04;-2.213859982049466745e-04
1.000000000000000000e+04;6.292736750293980731e+04;-1.572586588776236211e-04;-2.189537581499551716e-04
1.000000000000000000e+04;6.297473047583819425e+04;-2.358292143999806605e-04;-1.290476256071824588e-04
1.000000000000000000e+04;6.297631857588283310e+04;-2.375740836170011261e-04;-1.255078121262925828e-04
1.000000000000000000e+04;6.302368153057080781e+04;-2.692887962919964938e-04;-1.185767127388471773e-05
1.000000000000000000e+04;6.302526965053156891e+04;-2.693120565091457913e-04;-7.840571534878925666e-06
1.000000000000000000e+04;6.307263258706886700e+04;-2.455626333355468262e-04;1.092060603544536238e-04
1.000000000000000000e+04;6.307422072897521866e+04;-2.438034156533152165e-04;1.127432356589877543e-04
1.000000000000000000e+04;6.312158363358760107e+04;-1.727893124955290349e-04;2.057639770046293544e-04
1.000000000000000000e+04;6.312317179931762075e+04;-1.695886159266627845e-04;2.082206000141491602e-04
1.000000000000000000e+04;6.317053465969102399e+04;-6.341431422346570119e-05;2.619237293388335282e-04
1.000000000000000000e+04;6.317212281061897374e+04;-5.954146054159609500e-05;2.626278108878586821e-04
1.000000000000000000e+04;6.321948570105348335e+04;5.986123885950816304e-05;2.614745579466095250e-04
1.000000000000000000e+04;6.322107381542495568e+04;6.370982605519810368e-05;2.604915240236522263e-04
1.000000000000000000e+04;6.326843676383962884e+04;1.695951721024602991e-04;2.081173849471475222e-04
1.000000000000000000e+04;6.327002484821550752e+04;1.725708660375644527e-04;2.054171943787272002e-04
1.000000000000000000e+04;6.331738779622173024e+04;2.444232110066656052e-04;1.110012345115396937e-04
1.000000000000000000e+04;6.331897588426472066e+04;2.459421106094828607e-04;1.073577791576920017e-04
1.000000000000000000e+04;6.336633881511257641e+04;2.686495282089141983e-04;-8.771156250259502403e-06
1.000000000000000000e+04;6.336792689004843851e+04;2.683161444719314313e-04;-1.279616570649685967e-05
1.000000000000000000e+04;6.341528988012038462e+04;2.378005360104252066e-04;-1.270294916210702892e-04
1.000000000000000000e+04;6.341687790291779675e+04;2.357905461171925013e-04;-1.303920480636848488e-04
1.000000000000000000e+04;6.346424099747648143e+04;1.560992967177788845e-04;-2.193148965045031153e-04
1.000000000000000000e+04;6.346582899935862224e+04;1.527804090319188879e-04;-2.215431036981791292e-04
1.000000000000000000e+04;6.351319204419785819e+04;4.282649240371131066e-05;-2.644315142089437385e-04
1.000000000000000000e+04;6.351478008934884565e+04;3.885478345501209229e-05;-2.648608040728969780e-04
1.000000000000000000e+04;6.356214302673086058e+04;-7.874974782287782863e-05;-2.567946430860745398e-04
1.000000000000000000e+04;6.356373109497307451e+04;-8.249992743436389590e-05;-2.554723502049382599e-04
1.000000000000000000e+04;6.361109404175049713e+04;-1.846697282326852986e-04;-1.935262825198170197e-04
1.000000000000000000e+04;6.361268206632123474e+04;-1.874266522527550120e-04;-1.906468606664817858e-04
1.000000000000000000e+04;6.366004514163844578e+04;-2.524265908779951720e-04;-9.228220221014991876e-05
1.000000000000000000e+04;6.366163312987125391e+04;-2.535976350772376430e-04;-8.848896765261539496e-05
1.000000000000000000e+04;6.370899625617765560e+04;-2.667025154474125174e-04;3.076456099950552943e-05
1.000000000000000000e+04;6.371058426678548130e+04;-2.661614028814491238e-04;3.467322159316306760e-05
1.000000000000000000e+04;6.375794731593186589e+04;-2.249381453761838492e-04;1.448261113217937687e-04
1.000000000000000000e+04;6.375953540645352768e+04;-2.225917812956267029e-04;1.481304139029659169e-04
1.000000000000000000e+04;6.380689831627193053e+04;-1.384950253301288716e-04;2.301092298114945027e-04
1.000000000000000000e+04;6.380848650798486779e+04;-1.350107137464370854e-04;2.319504864482953277e-04
1.000000000000000000e+04;6.385584925034655316e+04;-2.102469036385997512e-05;2.674784472712175430e-04
1.000000000000000000e+04;6.385743749102499714e+04;-1.704622524655134968e-05;2.676516880493215000e-04
1.000000000000000000e+04;6.390480030117095157e+04;1.004104293016120638e-04;2.484064030454874537e-04
1.000000000000000000e+04;6.390638845984766522e+04;1.040014938096081224e-04;2.467299023180690061e-04
1.000000000000000000e+04;6.395375142545090785e+04;2.002962439894922738e-04;1.776074341273052397e-04
1.000000000000000000e+04;6.395533952269741712e+04;2.028661388734982914e-04;1.745816664605031460e-04
1.000000000000000000e+04;6.400270254702537204e+04;2.576851881889494059e-04;6.978014281606246942e-05
1.000000000000000000e+04;6.400429068957496202e+04;2.585458492458462794e-04;6.581032635952047160e-05
1.000000000000000000e+04;6.405165357664162730e+04;2.634118416939848712e-04;-5.116037235377044823e-05
1.000000000000000000e+04;6.405324181742117798e+04;2.624408477970897077e-04;-5.494913857392059320e-05
1.000000000000000000e+04;6.410060453674291784e+04;2.122511322967295588e-04;-1.650646161025270454e-04
1.000000000000000000e+04;6.410219275213252695e+04;2.097501866322182273e-04;-1.681428707855095125e-04
1.000000000000000000e+04;6.414955559546613949e+04;1.163220696853727628e-04;-2.396591901876449877e-04
1.000000000000000000e+04;6.415114374722671346e+04;1.126478380376375835e-04;-2.412473542271279252e-04
1.000000000000000000e+04;6.419850671086482907e+04;-2.355439445090360389e-06;-2.679427848383813138e-04
1.000000000000000000e+04;6.420009487522847485e+04;-6.318333374589381058e-06;-2.677288177887655342e-04
1.000000000000000000e+04;6.424745775568376121e+04;-1.210777481985016418e-04;-2.378356184462021702e-04
1.000000000000000000e+04;6.424904599060030159e+04;-1.245775008600709572e-04;-2.358678571341346478e-04
1.000000000000000000e+04;6.429640872752471478e+04;-2.155011461349353927e-04;-1.598370262531940305e-04
1.000000000000000000e+04;6.429799688656373473e+04;-2.176492192223114085e-04;-1.565475932693168016e-04
1.000000000000000000e+04;6.434535980997223669e+04;-2.637405286132456163e-04;-4.585961447417076720e-05
1.000000000000000000e+04;6.434694783982889203e+04;-2.643715151465223434e-04;-4.193585241876155063e-05
1.000000000000000000e+04;6.439431096123861062e+04;-2.560130880385139010e-04;7.466495843557560306e-05
1.000000000000000000e+04;6.439589895203773631e+04;-2.546707116139691664e-04;7.848902910617501700e-05
1.000000000000000000e+04;6.444326200766668626e+04;-1.961469378950402931e-04;1.814653992313650739e-04
1.000000000000000000e+04;6.444485008093382930e+04;-1.933572817565058072e-04;1.841999250711180583e-04
1.000000000000000000e+04;6.449221291277377895e+04;-9.425031929734072446e-05;2.497515038634416803e-04
1.000000000000000000e+04;6.449380099035329476e+04;-9.045027486856305351e-05;2.510452053250064879e-04
1.000000000000000000e+04;6.454116393341737421e+04;2.790351048171252831e-05;2.644574496945077116e-04
1.000000000000000000e+04;6.454275192885616707e+04;3.179198829001739674e-05;2.638433620617912888e-04
1.000000000000000000e+04;6.459011511614416668e+04;1.435822163371238693e-04;2.249898171331766170e-04
1.000000000000000000e+04;6.459170304149676667e+04;1.468718494436379576e-04;2.227508574348388082e-04
1.000000000000000000e+04;6.463906627433650283e+04;2.291332920135743894e-04;1.366512672452531928e-04
1.000000000000000000e+04;6.464065424877416081e+04;2.310402027045476022e-04;1.331213324028906011e-04
1.000000000000000000e+04;6.468801724996682606e+04;2.668072331458991612e-04;2.118615788000530688e-05
1.000000000000000000e+04;6.468960533200543432e+04;2.669283211057509194e-04;1.723785068895918054e-05
1.000000000000000000e+04;6.473696814397368144e+04;2.485919159345857644e-04;-1.009340958883619949e-04
1.000000000000000000e+04;6.473855625424971367e+04;2.469794888091623444e-04;-1.045729980268538152e-04
1.000000000000000000e+04;6.478591916194430814e+04;1.778605018142326993e-04;-1.992365427513093242e-04
1.000000000000000000e+04;6.478750720146424283e+04;1.747430648937420359e-04;-2.017537503642038142e-04
1.000000000000000000e+04;6.483487034596236481e+04;6.917367277769960899e-05;-2.584967675556100941e-04
1.000000000000000000e+04;6.483645833537851286e+04;6.535444662772555108e-05;-2.593208189405735078e-04
1.000000000000000000e+04;6.488382153318150813e+04;-5.262014065860703662e-05;-2.607255114121181743e-04
1.000000000000000000e+04;6.488540960340111633e+04;-5.655784943505592520e-05;-2.598172769071121178e-04
1.000000000000000000e+04;6.493277254164167243e+04;-1.644514659138858427e-04;-2.096602717169399857e-04
1.000000000000000000e+04;6.493436078789141902e+04;-1.673818405814020123e-04;-2.070063765979816167e-04
1.000000000000000000e+04;6.498172338078155008e+04;-2.409411571135134386e-04;-1.139903492128444847e-04
1.000000000000000000e+04;6.498331171596174681e+04;-2.425339081084598389e-04;-1.103693029846035384e-04
1.000000000000000000e+04;6.503067429784974956e+04;-2.674802036693919600e-04;5.860691065791049731e-06
1.000000000000000000e+04;6.503226251609702740e+04;-2.671826288829298669e-04;9.873389939756166026e-06
1.000000000000000000e+04;6.507962549611287977e+04;-2.348095237459041167e-04;1.246546030409275265e-04
1.000000000000000000e+04;6.508121348389643390e+04;-2.328415160440121712e-04;1.280355365241318745e-04
1.000000000000000000e+04;6.512857675119124906e+04;-1.567266650919694169e-04;2.160527997149557400e-04
1.000000000000000000e+04;6.513016469303203485e+04;-1.533264827572102809e-04;2.183053779963252579e-04
1.000000000000000000e+04;6.517752781697829050e+04;-4.150272271954803609e-05;2.624952583799971531e-04
1.000000000000000000e+04;6.517911588244852464e+04;-3.760760975682498209e-05;2.628572346023267899e-04
1.000000000000000000e+04;6.522647868905846553e+04;7.992410467523144361e-05;2.537159002813647087e-04
1.000000000000000000e+04;6.522806686576069478e+04;8.367752891904276511e-05;2.523976019156506934e-04
1.000000000000000000e+04;6.527542964156709786e+04;1.859460989473091252e-04;1.898446438910911824e-04
1.000000000000000000e+04;6.527701780779720139e+04;1.886997313219143126e-04;1.869370025653853526e-04
1.000000000000000000e+04;6.532438080186479783e+04;2.501650881877645464e-04;8.652291205567051279e-05
1.000000000000000000e+04;6.532596895080334798e+04;2.512757832310675362e-04;8.268633397573865328e-05
1.000000000000000000e+04;6.537333196333985688e+04;2.647471556102298524e-04;-3.413670765743318766e-05
1.000000000000000000e+04;6.537492021253371786e+04;2.640668074889762672e-04;-3.805013684652271691e-05
1.000000000000000000e+04;6.542228293576607393e+04;2.198370021483969552e-04;-1.501963845359242987e-04
1.000000000000000000e+04;6.542387131687070359e+04;2.174700047145961077e-04;-1.533875308000436761e-04
1.000000000000000000e+04;6.547123383284191368e+04;1.294285941372444568e-04;-2.312446028829090927e-04
1.000000000000000000e+04;6.547282221599461627e+04;1.258859376519064547e-04;-2.330418481222480166e-04
1.000000000000000000e+04;6.552018486708446289e+04;1.261800808885930799e-05;-2.659673005556464345e-04
1.000000000000000000e+04;6.552177313709329610e+04;8.595190562515062690e-06;-2.659939586631154839e-04
1.000000000000000000e+04;6.556913597672303149e+04;-1.091000673807192045e-04;-2.412845159540444925e-04
1.000000000000000000e+04;6.557072420516944840e+04;-1.126149296249547905e-04;-2.394620300308607653e-04
1.000000000000000000e+04;6.561808707180969941e+04;-2.053570581404848641e-04;-1.689858949429780645e-04
1.000000000000000000e+04;6.561967530298705969e+04;-2.077765729391494766e-04;-1.658336023341257964e-04
1.000000000000000000e+04;6.566703813703396008e+04;-2.602073754628451518e-04;-5.607033648097974033e-05
1.000000000000000000e+04;6.566862636788119562e+04;-2.608977411895580857e-04;-5.212962155526645213e-05
1.000000000000000000e+04;6.571598916858820303e+04;-2.565868887913116524e-04;6.386562794698660373e-05
1.000000000000000000e+04;6.571757740827673115e+04;-2.554562045454422041e-04;6.767672467880301635e-05
1.000000000000000000e+04;6.576494013219261251e+04;-2.024059208157829009e-04;1.747803611305625237e-04
1.000000000000000000e+04;6.576652835024945671e+04;-1.996777775065495056e-04;1.776717722964677576e-04
1.000000000000000000e+04;6.581389117125794291e+04;-1.002249417918872420e-04;2.442270353552814920e-04
1.000000000000000000e+04;6.581547927040373906e+04;-9.648509404550105050e-05;2.456059769227177743e-04
1.000000000000000000e+04;6.586284239496613736e+04;1.810948263693064030e-05;2.654006181557253376e-04
1.000000000000000000e+04;6.586443039355614746e+04;2.206654274796008869e-05;2.648943007210922355e-04
1.000000000000000000e+04;6.591179357698834792e+04;1.376215699177534956e-04;2.268164058628585307e-04
1.000000000000000000e+04;6.591338165534523432e+04;1.409396190180562422e-04;2.246770122038970223e-04
1.000000000000000000e+04;6.596074450756535225e+04;2.231767260333843519e-04;1.414838625048358092e-04
1.000000000000000000e+04;6.596233278077836439e+04;2.251842389321882885e-04;1.379766175229205159e-04
1.000000000000000000e+04;6.600969532930938294e+04;2.638880653183344458e-04;2.555813084011028982e-05
1.000000000000000000e+04;6.601128350717146532e+04;2.640938952462277027e-04;2.162739137818429116e-05
1.000000000000000000e+04;6.605864640432059241e+04;2.471300321696455016e-04;-9.613229780191600118e-05
1.000000000000000000e+04;6.606023437999656016e+04;2.455395185457761101e-04;-9.982533122892072960e-05
1.000000000000000000e+04;6.610759769769990817e+04;1.766691743360031925e-04;-1.967815867348345581e-04
1.000000000000000000e+04;6.610918558383277559e+04;1.736208887516879748e-04;-1.992545134574767046e-04
1.000000000000000000e+04;6.615654882912996982e+04;6.964736019504446469e-05;-2.561802977878472817e-04
1.000000000000000000e+04;6.615813682882320427e+04;6.575144163744567707e-05;-2.571289313651668154e-04
1.000000000000000000e+04;6.620549970005135401e+04;-5.358972643740386748e-05;-2.586322387308180593e-04
1.000000000000000000e+04;6.620708781397734128e+04;-5.747756317819731304e-05;-2.576206348536724702e-04
1.000000000000000000e+04;6.625445059833260893e+04;-1.637291013207361069e-04;-2.088303719087289292e-04
1.000000000000000000e+04;6.625603866393354838e+04;-1.667021086874592240e-04;-2.062393464757435104e-04
1.000000000000000000e+04;6.630340172823466128e+04;-2.422702846064559389e-04;-1.106875367998392179e-04
1.000000000000000000e+04;6.630498967579555756e+04;-2.438546431767377263e-04;-1.070229209346692151e-04
1.000000000000000000e+04;6.635235294140553742e+04;-2.626516242198305862e-04;8.359238082097135428e-06
1.000000000000000000e+04;6.635394087383925216e+04;-2.623405888488107075e-04;1.235836711564990927e-05
1.000000000000000000e+04;6.640130400952123455e+04;-2.345115148843209885e-04;1.276281718615353028e-04
1.000000000000000000e+04;6.640289203680545324e+04;-2.324235476065012894e-04;1.310104238595530951e-04
1.000000000000000000e+04;6.645025493475675466e+04;-1.487577220794826451e-04;2.176507193345969386e-04
1.000000000000000000e+04;6.645184304037856054e+04;-1.454271818116145123e-04;2.198005259031240847e-04
1.000000000000000000e+04;6.649920589408448723e+04;-3.585415537309354751e-05;2.629163987343433690e-04
1.000000000000000000e+04;6.650079399329803709e+04;-3.186464137960430559e-05;2.632053362968897752e-04
1.000000000000000000e+04;6.654815699698962271e+04;8.754366677731273741e-05;2.495868789727286323e-04
1.000000000000000000e+04;6.654974507142002403e+04;9.126787073705010874e-05;2.482040230556247081e-04
1.000000000000000000e+04;6.659710817635076819e+04;1.895601714278221273e-04;1.836399845806346680e-04
1.000000000000000000e+04;6.659869631769033731e+04;1.921966759244105190e-04;1.805570147303589676e-04
1.000000000000000000e+04;6.664605926360852027e+04;2.538856233728426838e-04;7.807857162424555763e-05
1.000000000000000000e+04;6.664764758528997481e+04;2.548707370768459328e-04;7.429041584175539374e-05
1.000000000000000000e+04;6.669501017512491671e+04;2.604289394386127246e-04;-4.472466503779818779e-05
1.000000000000000000e+04;6.669659866761742160e+04;2.596526975426308886e-04;-4.868376235626783679e-05
1.000000000000000000e+04;6.674396102815282939e+04;2.122682988929451922e-04;-1.577273379294819803e-04
1.000000000000000000e+04;6.674554948626724945e+04;2.096744626162978071e-04;-1.607719672301832173e-04
1.000000000000000000e+04;6.679291208852067939e+04;1.188165591004021877e-04;-2.362134809193734263e-04
1.000000000000000000e+04;6.679450030008309113e+04;1.152339509477086523e-04;-2.378898462741433446e-04
1.000000000000000000e+04;6.684186335593338299e+04;-2.145169490704043079e-06;-2.641246467351755257e-04
1.000000000000000000e+04;6.684345137549980427e+04;-6.196183017579510064e-06;-2.638819304459480886e-04
1.000000000000000000e+04;6.689081449608849653e+04;-1.197867128080256120e-04;-2.343619346652576672e-04
1.000000000000000000e+04;6.689240252979136130e+04;-1.232074780303111508e-04;-2.323955893721917163e-04
1.000000000000000000e+04;6.693976536347201909e+04;-2.151847974620126492e-04;-1.547977716561285374e-04
1.000000000000000000e+04;6.694135347078279301e+04;-2.174175014904505343e-04;-1.514518878475788332e-04
1.000000000000000000e+04;6.698871612851385726e+04;-2.593016419133787644e-04;-3.989433675876115050e-05
1.000000000000000000e+04;6.699030415735609131e+04;-2.597580469522081962e-04;-3.592295220987298896e-05
1.000000000000000000e+04;6.703766702744665963e+04;-2.508529096970988758e-04;8.127816486545767435e-05
1.000000000000000000e+04;6.703925484728092852e+04;-2.494368006898102052e-04;8.503128023780945897e-05
1.000000000000000000e+04;6.708661798088124488e+04;-1.865564808578265598e-04;1.866207736914244296e-04
1.000000000000000000e+04;6.708820571134581405e+04;-1.836024642400673357e-04;1.893207709700472268e-04
1.000000000000000000e+04;6.713556891373153485e+04;-8.094017032811701552e-05;2.509724786717770968e-04
1.000000000000000000e+04;6.713715701547544450e+04;-7.713072136333043991e-05;2.520041294848266236e-04
1.000000000000000000e+04;6.718451937680288393e+04;4.180687962900467817e-05;2.612902218312803011e-04
1.000000000000000000e+04;6.718610750784467382e+04;4.574832591800683955e-05;2.605512709968718405e-04
1.000000000000000000e+04;6.723347000159994059e+04;1.555725889217313216e-04;2.119782164847066621e-04
1.000000000000000000e+04;6.723505693624485866e+04;1.587203445658093683e-04;2.095050499586364513e-04
1.000000000000000000e+04;6.728188928385944746e+04;2.341618273328578042e-04;1.222909219399422455e-04
1.000000000000000000e+04;6.728424968143866863e+04;2.366044165971284169e-04;1.167690978059901334e-04
1.000000000000000000e+04;6.732946702263629413e+04;2.651867101373841097e-04;4.686143315652132798e-06
1.000000000000000000e+04;6.733322296158302925e+04;2.648223931354890676e-04;-4.426278043687682706e-06
1.000000000000000000e+04;6.737661652963454253e+04;2.382449693351542492e-04;-1.124891840631056180e-04
1.000000000000000000e+04;6.738048345139183220e+04;2.340286745251140979e-04;-1.213706590477579210e-04
1.000000000000000000e+04;6.742212934129650239e+04;1.694932752599584067e-04;-2.007238856673445400e-04
1.000000000000000000e+04;6.742405770207103342e+04;1.656920365122575714e-04;-2.039038073395923849e-04
1.000000000000000000e+04;6.743016123555507511e+04;1.522038457863539101e-04;-2.107007912050573616e-04
1.000000000000000000e+04;6.746269647624839854e+04;8.004183544522980309e-05;-2.497448746998109405e-04
1.000000000000000000e+04;6.747677818434647634e+04;4.452577586334853461e-05;-2.548287668137175243e-04
1.000000000000000000e+04;6.750042417548962112e+04;-1.559395300255984017e-05;-2.626542107123064590e-04
1.000000000000000000e+04;6.753469421471533133e+04;-9.900926151925129592e-05;-2.411978860348018040e-04
1.000000000000000000e+04;6.753919044240906078e+04;-1.099350937902299875e-04;-2.386252929895576504e-04
1.000000000000000000e+04;6.754242461895698216e+04;-1.166745192853710930e-04;-2.341196200460213890e-04
1.000000000000000000e+04;6.757877477230454679e+04;-1.915847139224107322e-04;-1.809010032659296493e-04
1.000000000000000000e+04;6.761902580161660444e+04;-2.455654973836956969e-04;-9.465187217135084612e-05
1.000000000000000000e+04;6.761902626057347516e+04;-2.455660615886243506e-04;-9.465087836025501010e-05
1.000000000000000000e+04;6.761902671431531780e+04;-2.455662621347451304e-04;-9.464975791204410023e-05
1.000000000000000000e+04;6.765861868575382687e+04;-2.636137393490890573e-04;3.399083529491529895e-06
1.000000000000000000e+04;6.769826273960908293e+04;-2.428865003998965325e-04;1.016230827742720279e-04
1.000000000000000000e+04;6.769835648731241236e+04;-2.428420023271924517e-04;1.018544772715211232e-04
1.000000000000000000e+04;6.769844889009364124e+04;-2.427178237233161876e-04;1.020492356678069499e-04
1.000000000000000000e+04;6.773807311466752435e+04;-1.876895724035118217e-04;1.850708721311478599e-04
1.000000000000000000e+04;6.777775516731943935e+04;-1.039765633616199767e-04;2.404462711006267377e-04
1.000000000000000000e+04;6.777776427690019773e+04;-1.039569911776990586e-04;2.404586492960290867e-04
1.000000000000000000e+04;6.777777339924284024e+04;-1.039348521518609274e-04;2.404631659694861519e-04
1.000000000000000000e+04;6.781749367558122321e+04;-6.912284159588139556e-06;2.627849444464665728e-04
1.000000000000000000e+04;6.785709229655170930e+04;9.204729918660534886e-05;2.473094359686659805e-04
1.000000000000000000e+04;6.785717053335497621e+04;9.224540536925023362e-05;2.472721724777992821e-04
1.000000000000000000e+04;6.785724869584702537e+04;9.240910698568193980e-05;2.471678482590228786e-04
1.000000000000000000e+04;6.789684258142831095e+04;1.773023245378310751e-04;1.933883708341091196e-04
1.000000000000000000e+04;6.793648163537260552e+04;2.393635497853109780e-04;1.118094374857669596e-04
1.000000000000000000e+04;6.793649892858590465e+04;2.393894588324673356e-04;1.117732939458144820e-04
1.000000000000000000e+04;6.793651621415189584e+04;2.393990006901652130e-04;1.117309183215080184e-04
1.000000000000000000e+04;6.797617499023427081e+04;2.618276296316689720e-04;1.571133738647009621e-05
1.000000000000000000e+04;6.801585514206181688e+04;2.491205806547250128e-04;-8.305508777845721556e-05
1.000000000000000000e+04;6.805553803880502528e+04;1.992324284467116003e-04;-1.711232936970023409e-04
1.000000000000000000e+04;6.809522093577933265e+04;1.232467427405391084e-04;-2.332711733519158670e-04
1.000000000000000000e+04;6.813490383273754560e+04;2.398721903220891398e-05;-2.616220344492553346e-04
1.000000000000000000e+04;6.817458672981402196e+04;-7.463317564440487913e-05;-2.520741575523523215e-04
1.000000000000000000e+04;6.821426962688077765e+04;-1.649018967449798799e-04;-2.052049203940770972e-04
1.000000000000000000e+04;6.825395252400999016e+04;-2.281494983074264097e-04;-1.276508779597850722e-04
1.000000000000000000e+04;6.829363542113339645e+04;-2.616250073189458811e-04;-3.324293019744957542e-05
1.000000000000000000e+04;6.833331831828977738e+04;-2.530152492606482437e-04;6.743881455919346619e-05
1.000000000000000000e+04;6.837300121544273861e+04;-2.110425265755848834e-04;1.574317043620141398e-04
1.000000000000000000e+04;6.841268411261320580e+04;-1.350688735402314031e-04;2.254643254133282366e-04
1.000000000000000000e+04;6.845236700978173758e+04;-4.161281477206666291e-05;2.589431570424440216e-04
1.000000000000000000e+04;6.849204990695968445e+04;5.974907342853432362e-05;2.568561188219951798e-04
1.000000000000000000e+04;6.853173280413658358e+04;1.508982046500693833e-04;2.139126119862976786e-04
1.000000000000000000e+04;6.857141570131891058e+04;2.219994477805258340e-04;1.419494911842854572e-04
1.000000000000000000e+04;6.861109859850059729e+04;2.580144101822804889e-04;4.753953755544131543e-05
1.000000000000000000e+04;6.865078149568419030e+04;2.564408840235666209e-04;-5.151374764475539066e-05
1.000000000000000000e+04;6.869046439286789973e+04;2.185943300407146891e-04;-1.461050572555348652e-04
1.000000000000000000e+04;6.873014729005261324e+04;1.480240933401573444e-04;-2.162420695218415247e-04
1.000000000000000000e+04;6.876983018723735586e+04;5.507934190428243895e-05;-2.570656966785670556e-04
1.000000000000000000e+04;6.880951308442265145e+04;-4.666455010857360844e-05;-2.576677145447541471e-04
1.000000000000000000e+04;6.884919598160797614e+04;-1.396783433260818518e-04;-2.220776422987956879e-04
1.000000000000000000e+04;6.888887887879354821e+04;-2.143288451198330409e-04;-1.521134270980258898e-04
1.000000000000000000e+04;6.892856177597920760e+04;-2.549793231745400932e-04;-6.104617795320415870e-05
1.000000000000000000e+04;6.896824467316507071e+04;-2.596827627616674788e-04;4.073324729929308829e-05
1.000000000000000000e+04;6.900792757035087561e+04;-2.248486743392233628e-04;1.349105735150549397e-04
1.000000000000000000e+04;6.904761046753679693e+04;-1.585059143267388069e-04;2.089956589080004413e-04
1.000000000000000000e+04;6.908729336472268915e+04;-6.626881401333056028e-05;2.537852992332095782e-04
1.000000000000000000e+04;6.912697626190863957e+04;3.406124315347038560e-05;2.601050401776128685e-04
1.000000000000000000e+04;6.916665915909459000e+04;1.302277656761981293e-04;2.277414980673262877e-04
1.000000000000000000e+04;6.920634205628054042e+04;2.064838407380196843e-04;1.602850051039909614e-04
1.000000000000000000e+04;6.924602495346644719e+04;2.523517733230891012e-04;7.177651693008703165e-05
1.000000000000000000e+04;6.928570785065244127e+04;2.608289526645222512e-04;-3.112994398850805523e-05
1.000000000000000000e+04;6.932539074783840624e+04;2.299495798344704939e-04;-1.252744532540876440e-04
1.000000000000000000e+04;6.936507364502437122e+04;1.652681723226313609e-04;-2.037630221319596837e-04
1.000000000000000000e+04;6.940475654221035074e+04;7.552076309931569302e-05;-2.499538498627049739e-04
1.000000000000000000e+04;6.944443943939631572e+04;-2.374993091846851759e-05;-2.631862466491047292e-04
1.000000000000000000e+04;6.948412233658230980e+04;-1.223727114506350990e-04;-2.305551988438401471e-04
1.000000000000000000e+04;6.952380523376826022e+04;-2.009187754549354970e-04;-1.685239069447041647e-04
1.000000000000000000e+04;6.956348813095423975e+04;-2.499735106005887878e-04;-7.825275305921953811e-05
1.000000000000000000e+04;6.960317102814021928e+04;-2.601341067410601368e-04;2.042420901404976734e-05
1.000000000000000000e+04;6.964285392532619881e+04;-2.338951717347538821e-04;1.200740789518523556e-04
1.000000000000000000e+04;6.968253682251217833e+04;-1.700898663848420466e-04;1.967568598409256443e-04
1.000000000000000000e+04;6.972221971969815786e+04;-8.282521644540133659e-05;2.494466161343962800e-04
1.000000000000000000e+04;6.976190261688413739e+04;1.780577641327634253e-05;2.614814650917866292e-04
1.000000000000000000e+04;6.980158551407011691e+04;1.158724429126268402e-04;2.354214411766298773e-04
1.000000000000000000e+04;6.984126841125609644e+04;1.975936247113273226e-04;1.711464375523172451e-04
1.000000000000000000e+04;6.988095130844207597e+04;2.474552734506080178e-04;8.584621246753192168e-05
1.000000000000000000e+04;6.992063420562804095e+04;2.610143630206312472e-04;-1.617750245607862681e-05
1.000000000000000000e+04;6.996031710281402047e+04;2.358204558610326536e-04;-1.132500974557671585e-04
1.000000000000000000e+04;7.000000000000000000e+04;1.740313751970371772e-04;-1.950852292656139872e-04
1.000000000000000000e+04;7.003968289718597953e+04;8.705477063935263536e-05;-2.460479661995978117e-04
1.000000000000000000e+04;7.007936579437195905e+04;-1.307704525976944501e-05;-2.629520850499817591e-04
1.000000000000000000e+04;7.011904869155792403e+04;-1.121966427312110620e-04;-2.355719894784543431e-04
1.000000000000000000e+04;7.015873158874390356e+04;-1.954413211816960136e-04;-1.754369513216853598e-04
1.000000000000000000e+04;7.019841448592988309e+04;-2.462914241921376236e-04;-8.788678892421002294e-05
1.000000000000000000e+04;7.023809738311586261e+04;-2.614354207252096284e-04;1.118352793570782134e-05
1.000000000000000000e+04;7.027778028030184214e+04;-2.371363031383803247e-04;1.117333471518538356e-04
1.000000000000000000e+04;7.031746317748782167e+04;-1.766285656414465406e-04;1.921335339471185735e-04
1.000000000000000000e+04;7.035714607467381575e+04;-8.945326494874572174e-05;2.460842520963198773e-04
1.000000000000000000e+04;7.039682897185979527e+04;1.040058745441614180e-05;2.610766352068570628e-04
1.000000000000000000e+04;7.043651186904577480e+04;1.103622863474419989e-04;2.372023241140412664e-04
1.000000000000000000e+04;7.047619476623175433e+04;1.940351705328557214e-04;1.755975871552256369e-04
1.000000000000000000e+04;7.051587766341771930e+04;2.454775317785693888e-04;8.949111289553542321e-05
1.000000000000000000e+04;7.055556056060369883e+04;2.612231483689678169e-04;-1.151848760670006686e-05
1.000000000000000000e+04;7.059524345778969291e+04;2.370009476903923214e-04;-1.106533026281966443e-04
1.000000000000000000e+04;7.063492635497564333e+04;1.767339270351575586e-04;-1.926555710373538952e-04
1.000000000000000000e+04;7.067460925216160831e+04;8.894914014413791742e-05;-2.459748430789173747e-04
1.000000000000000000e+04;7.071429214934760239e+04;-1.030233856665285991e-05;-2.608588753435264924e-04
1.000000000000000000e+04;7.075397504653356737e+04;-1.112223702955903061e-04;-2.369590447912108260e-04
1.000000000000000000e+04;7.079365794371956144e+04;-1.946231246160071799e-04;-1.748270435466252207e-04
1.000000000000000000e+04;7.083334084090555552e+04;-2.460134772556204445e-04;-8.878716109796347617e-05
1.000000000000000000e+04;7.087302373809156416e+04;-2.603310235067565303e-04;1.420186398519445551e-05
1.000000000000000000e+04;7.091270663527752913e+04;-2.360117899419772827e-04;1.114247897536595460e-04
1.000000000000000000e+04;7.095238953246352321e+04;-1.754688589855799257e-04;1.954927323645600195e-04
1.000000000000000000e+04;7.099207242964948819e+04;-8.607508985225163431e-05;2.454856928755281501e-04
1.000000000000000000e+04;7.103175532683551137e+04;1.338018053162844341e-05;2.618291489362576849e-04
1.000000000000000000e+04;7.107143822402150545e+04;1.147044345904127340e-04;2.338814295393944155e-04
1.000000000000000000e+04;7.111112112120757229e+04;1.954308215718332064e-04;1.745840638239243704e-04
1.000000000000000000e+04;7.115080401839350816e+04;2.481490111743405585e-04;8.341012476852557845e-05
1.000000000000000000e+04;7.119048691557960410e+04;2.588131053587379459e-04;-1.721592568988276938e-05
1.000000000000000000e+04;7.123016981276552542e+04;2.349542886126555850e-04;-1.170272172647266796e-04
1.000000000000000000e+04;7.126985270995170868e+04;1.693511298732829572e-04;-1.962763897045040210e-04
1.000000000000000000e+04;7.130953560713746992e+04;8.237005982828993146e-05;-2.483998752750956251e-04
1.000000000000000000e+04;7.134921850432384235e+04;-2.129988985457599153e-05;-2.601012636530644910e-04
1.000000000000000000e+04;7.138890140150953084e+04;-1.186297650440315489e-04;-2.320112038034702600e-04
1.000000000000000000e+04;7.142858429869638348e+04;-2.017529707069601005e-04;-1.685845464688701524e-04
1.000000000000000000e+04;7.146826719588185370e+04;-2.487599464571952582e-04;-7.766504846346907354e-05
1.000000000000000000e+04;7.150795009306950669e+04;-2.604673222275517819e-04;2.472613556663867126e-05
1.000000000000000000e+04;7.154763299025436572e+04;-2.303792523749840680e-04;1.233495157559178195e-04
1.000000000000000000e+04;7.158731588744356122e+04;-1.647480445287943774e-04;2.010132715881772893e-04
1.000000000000000000e+04;7.162699878462732886e+04;-7.389240681932669665e-05;2.507758003429111501e-04
1.000000000000000000e+04;7.166668168169027194e+04;2.846401851814566952e-05;2.586209693684160364e-04
1.000000000000000000e+04;7.170636457774482551e+04;1.264875084844236720e-04;2.282749212399832952e-04
1.000000000000000000e+04;7.174604747260730073e+04;2.077561444196507931e-04;1.608446126775270053e-04
1.000000000000000000e+04;7.178573036378373217e+04;2.510520327564976905e-04;6.908565030005114687e-05
1.000000000000000000e+04;7.182541321500085178e+04;2.598185276888554328e-04;-3.551614228965768033e-05
1.000000000000000000e+04;7.186509615533954639e+04;2.244332713900999655e-04;-1.314245543923387252e-04
1.000000000000000000e+04;7.190477906497828371e+04;1.585393487757188037e-04;-2.079162972942659665e-04
1.000000000000000000e+04;7.194446196196255914e+04;6.209081653370466104e-05;-2.531488010517560922e-04
1.000000000000000000e+04;7.198414485919036088e+04;-3.738379097751202892e-05;-2.576548493206974404e-04
1.000000000000000000e+04;7.202382775635576400e+04;-1.382844244470616104e-04;-2.219599304728271313e-04
1.000000000000000000e+04;7.206351065401161031e+04;-2.117380281867463376e-04;-1.512994733713704249e-04
1.000000000000000000e+04;7.210319355160453415e+04;-2.559380004017316416e-04;-5.736875468936200557e-05
1.000000000000000000e+04;7.214287644917443686e+04;-2.554257617071900403e-04;4.861851265889556074e-05
1.000000000000000000e+04;7.218255934644625813e+04;-2.197191555171182278e-04;1.421617351079996691e-04
1.000000000000000000e+04;7.222224220438969496e+04;-1.450647180832690406e-04;2.161339853287996707e-04
1.000000000000000000e+04;7.226197407576837577e+04;-5.063518109548475088e-05;2.555646134353076583e-04
1.000000000000000000e+04;7.230127547731607046e+04;5.234809020346527648e-05;2.559848034701752198e-04
1.000000000000000000e+04;7.230169156819651835e+04;5.344380911836170347e-05;2.559764443587698762e-04
1.000000000000000000e+04;7.230211380014124734e+04;5.446374676994286343e-05;2.555636638710980066e-04
1.000000000000000000e+04;7.234136286569217918e+04;1.487535032758608767e-04;2.133777830799890368e-04
1.000000000000000000e+04;7.238040858770883642e+04;2.197008110447476112e-04;1.413573327963684476e-04
1.000000000000000000e+04;7.238087957581981027e+04;2.205647947174271990e-04;1.404707267945555439e-04
1.000000000000000000e+04;7.238133177821307618e+04;2.209958266228255897e-04;1.393809280791549873e-04
1.000000000000000000e+04;7.242060932743261219e+04;2.576911152333014672e-04;4.199971389562942223e-05
1.000000000000000000e+04;7.246210234937250789e+04;2.522513152302614846e-04;-6.732330074169263633e-05
1.000000000000000000e+04;7.246281159991156892e+04;2.521186137785168496e-04;-6.914809664800019998e-05
1.000000000000000000e+04;7.246332203468398075e+04;2.515481509579910462e-04;-7.037769441635382650e-05
1.000000000000000000e+04;7.249607533070986392e+04;2.117873569552375954e-04;-1.447366368133428532e-04
1.000000000000000000e+04;7.252312917083765205e+04;1.674023666651809454e-04;-1.995592022170110174e-04
1.000000000000000000e+04;7.252774946010590065e+04;1.579182374627359996e-04;-2.069467039421197987e-04
1.000000000000000000e+04;7.256958707671293814e+04;5.860406776398856987e-05;-2.545794865741335270e-04
1.000000000000000000e+04;7.257306036153857713e+04;4.978580241198609778e-05;-2.562021832738023549e-04
1.000000000000000000e+04;7.261846672157914145e+04;-6.926412610687557227e-05;-2.513584487146137796e-04
1.000000000000000000e+04;7.262132664089140599e+04;-7.651829682125591654e-05;-2.491766384663419032e-04
1.000000000000000000e+04;7.266728887079193373e+04;-1.781944483190615164e-04;-1.885275876155331016e-04
1.000000000000000000e+04;7.266978180200328643e+04;-1.827833905810899873e-04;-1.837440925139797207e-04
1.000000000000000000e+04;7.271606811591745645e+04;-2.476553243930459535e-04;-8.221351809154268334e-05
1.000000000000000000e+04;7.271804122975742212e+04;-2.490159026678339261e-04;-7.720530850629034195e-05
1.000000000000000000e+04;7.276494529425974179e+04;-2.576773127581840359e-04;4.562743520174847441e-05
1.000000000000000000e+04;7.276654109660050017e+04;-2.568076611235426939e-04;4.962346470903291479e-05
1.000000000000000000e+04;7.281389168625412276e+04;-2.030671343519088832e-04;1.641472782792566384e-04
1.000000000000000000e+04;7.281547991756461852e+04;-2.004138947530223589e-04;1.673749330188840500e-04
1.000000000000000000e+04;7.286284229697906994e+04;-1.022020851972487733e-04;2.383418739659414604e-04
1.000000000000000000e+04;7.286443048000056297e+04;-9.823608388464518748e-05;2.398403916017621742e-04
1.000000000000000000e+04;7.291179319690096600e+04;2.470619024787007708e-05;2.605578494793028377e-04
1.000000000000000000e+04;7.291338123150751926e+04;2.878628510125735577e-05;2.599751069468494514e-04
1.000000000000000000e+04;7.296074446519378398e+04;1.458494996762033330e-04;2.160382514064093835e-04
1.000000000000000000e+04;7.296233234911164618e+04;1.492757722378812901e-04;2.136313842018877130e-04
1.000000000000000000e+04;7.300969568690314190e+04;2.309915024387697595e-04;1.199180072354507362e-04
1.000000000000000000e+04;7.301128364044082991e+04;2.327858714396724047e-04;1.161849771111054711e-04
1.000000000000000000e+04;7.305864660304918652e+04;2.598388358164301472e-04;-4.785028356813839293e-06
1.000000000000000000e+04;7.306023469332067179e+04;2.596571919763852529e-04;-9.008583282165765776e-06
1.000000000000000000e+04;7.310759748746213154e+04;2.277648450835278787e-04;-1.281448543388619013e-04
1.000000000000000000e+04;7.310918555536183703e+04;2.255417455191376899e-04;-1.316669730635895664e-04
1.000000000000000000e+04;7.315654860605030262e+04;1.366622183298004604e-04;-2.218028595958576577e-04
1.000000000000000000e+04;7.315813657596828125e+04;1.331332127369942405e-04;-2.239080665349160704e-04
1.000000000000000000e+04;7.320549976531839638e+04;1.540666926870650947e-05;-2.602413645168440409e-04
1.000000000000000000e+04;7.320708775640423119e+04;1.112202779389306824e-05;-2.603574898263168375e-04
1.000000000000000000e+04;7.325445073178641906e+04;-1.106813705039475562e-04;-2.356203924087759349e-04
1.000000000000000000e+04;7.325603881283837836e+04;-1.143540503190550444e-04;-2.337339543944013114e-04
1.000000000000000000e+04;7.330340173598630645e+04;-2.108374687026199159e-04;-1.543623493892586377e-04
1.000000000000000000e+04;7.330498974893653940e+04;-2.132241854195683747e-04;-1.508876441255855997e-04
1.000000000000000000e+04;7.335235287427341973e+04;-2.586237391682186379e-04;-3.371616540783524266e-05
1.000000000000000000e+04;7.335394082907064876e+04;-2.590637988807371938e-04;-2.959620584152788361e-05
1.000000000000000000e+04;7.340130399917389150e+04;-2.425457069788603990e-04;9.296234930509417627e-05
1.000000000000000000e+04;7.340289200243404775e+04;-2.409387051430243775e-04;9.687108624136242789e-05
1.000000000000000000e+04;7.345025494703243021e+04;-1.692285154497919527e-04;1.993605640156301143e-04
1.000000000000000000e+04;7.345184303470024315e+04;-1.658948372372381506e-04;2.019107779639441025e-04
1.000000000000000000e+04;7.349920588046262856e+04;-5.322022031083060235e-05;2.555157424688902384e-04
1.000000000000000000e+04;7.350079394854672137e+04;-4.914387552834086710e-05;2.562756253726548470e-04
1.000000000000000000e+04;7.354815699097744073e+04;7.741191196345015844e-05;2.496870939045194243e-04
1.000000000000000000e+04;7.354974498304782901e+04;8.140843250023944294e-05;2.483176760708027085e-04
1.000000000000000000e+04;7.359710818709354498e+04;1.854506192463625022e-04;1.821320624583363244e-04
1.000000000000000000e+04;7.359869619346006948e+04;1.883243861121361277e-04;1.790556008138661462e-04
1.000000000000000000e+04;7.364605928378918907e+04;2.520483794257100856e-04;7.124495493122477696e-05
1.000000000000000000e+04;7.364764741662277083e+04;2.530127853631710310e-04;6.714310325499155650e-05
1.000000000000000000e+04;7.369501025830567232e+04;2.538960466984433806e-04;-5.924924856886698836e-05
1.000000000000000000e+04;7.369659854546861607e+04;2.528394402684534044e-04;-6.326660467796689144e-05
1.000000000000000000e+04;7.374396119922217622e+04;1.955775331726752550e-04;-1.735216124802544692e-04
1.000000000000000000e+04;7.374554950779612409e+04;1.926714765685170431e-04;-1.765958018303516669e-04
1.000000000000000000e+04;7.379291219350372558e+04;8.620295675649707935e-05;-2.455604241291502849e-04
1.000000000000000000e+04;7.379450044412777061e+04;8.219071897523790417e-05;-2.468204746294076334e-04
1.000000000000000000e+04;7.384186333446810022e+04;-4.030115032170059552e-05;-2.573594903424859348e-04
1.000000000000000000e+04;7.384345148961887753e+04;-4.446231588901995425e-05;-2.565470336610770541e-04
1.000000000000000000e+04;7.389081452055706177e+04;-1.617815162267368149e-04;-2.050076730210669072e-04
1.000000000000000000e+04;7.389240265475338674e+04;-1.649747930584701818e-04;-2.023075437556986567e-04
1.000000000000000000e+04;7.393976558382705844e+04;-2.385674370379334253e-04;-1.025060425779938895e-04
1.000000000000000000e+04;7.394135377637531201e+04;-2.401472824914451562e-04;-9.858266039526673678e-05
1.000000000000000000e+04;7.398871650184455211e+04;-2.605673255653323029e-04;2.647851792356783283e-05
1.000000000000000000e+04;7.399030472399359860e+04;-2.599589711151859537e-04;3.064972036761210296e-05
1.000000000000000000e+04;7.403766743901417067e+04;-2.146397620527530430e-04;1.475061700315880324e-04
1.000000000000000000e+04;7.403925558664381970e+04;-2.121850769743668106e-04;1.509153324334230211e-04
1.000000000000000000e+04;7.408661846090616018e+04;-1.178667222852831237e-04;2.337930672645063184e-04
1.000000000000000000e+04;7.408820650972287694e+04;-1.139760237271984094e-04;2.355533395459653997e-04
1.000000000000000000e+04;7.413556960512275691e+04;9.259475577086775830e-06;2.602983166951061277e-04
1.000000000000000000e+04;7.413715756373584736e+04;1.345165956165863466e-05;2.600004039450874802e-04
1.000000000000000000e+04;7.418452078655472724e+04;1.339622488852516575e-04;2.243139345069196204e-04
1.000000000000000000e+04;7.418610872596310219e+04;1.375291077689979940e-04;2.220217795718184564e-04
1.000000000000000000e+04;7.423347186854216852e+04;2.251345322779396501e-04;1.296342669650332497e-04
1.000000000000000000e+04;7.423505988502842956e+04;2.271189042925185009e-04;1.259128918944482937e-04
1.000000000000000000e+04;7.428242279108126240e+04;2.604661854917707025e-04;6.036609586599339955e-06
1.000000000000000000e+04;7.428401089960210084e+04;2.604331737002272347e-04;1.802325285503497787e-06
1.000000000000000000e+04;7.433137368989645620e+04;2.298239947580765687e-04;-1.224885135523710899e-04
1.000000000000000000e+04;7.433296179084635514e+04;2.276866343060659256e-04;-1.261629117289101722e-04
1.000000000000000000e+04;7.438032474698599253e+04;1.442578478886615283e-04;-2.175295420439481891e-04
1.000000000000000000e+04;7.438191275813487300e+04;1.406476288872211724e-04;-2.197197226116162703e-04
1.000000000000000000e+04;7.442927594512495853e+04;1.833492443660314475e-05;-2.609273737983304952e-04
1.000000000000000000e+04;7.443086392033378070e+04;1.409353810327267820e-05;-2.611249141055784514e-04
1.000000000000000000e+04;7.447822710083307175e+04;-1.068371855474541040e-04;-2.364335487308267592e-04
1.000000000000000000e+04;7.447981517690037435e+04;-1.106770839256317819e-04;-2.345176554053458038e-04
1.000000000000000000e+04;7.452717809831115301e+04;-2.106848917551110427e-04;-1.551267424860244912e-04
1.000000000000000000e+04;7.452876636363685247e+04;-2.130479504419485412e-04;-1.516515050065371734e-04
1.000000000000000000e+04;7.457612895518455480e+04;-2.566759386634037232e-04;-3.303783751393042238e-05
1.000000000000000000e+04;7.457771739390410949e+04;-2.571271267473458611e-04;-2.877961573132381404e-05
1.000000000000000000e+04;7.462507993883611925e+04;-2.424857465000549610e-04;9.604110318520953332e-05
1.000000000000000000e+04;7.462666824672739313e+04;-2.407425488152104334e-04;9.988419814422632207e-05
1.000000000000000000e+04;7.467403105443638924e+04;-1.630707730839109023e-04;2.021913287694036311e-04
1.000000000000000000e+04;7.467561921013900428e+04;-1.597146742208763496e-04;2.048117477349469320e-04
1.000000000000000000e+04;7.472298224232792563e+04;-4.651281418048451788e-05;2.559913076286367121e-04
1.000000000000000000e+04;7.472457033317686000e+04;-4.226100305285706053e-05;2.565767156780179923e-04
1.000000000000000000e+04;7.477193334559579671e+04;8.571145156730460598e-05;2.462940318509690570e-04
1.000000000000000000e+04;7.477352149331266992e+04;8.967631746886732958e-05;2.447973797128532225e-04
1.000000000000000000e+04;7.482088427508328459e+04;1.930845066550512974e-04;1.745254929642341851e-04
1.000000000000000000e+04;7.482247248866790324e+04;1.958693362749434560e-04;1.712476919038824366e-04
1.000000000000000000e+04;7.486983528173912782e+04;2.544801505737271687e-04;5.719084707385238585e-05
1.000000000000000000e+04;7.487142337696407048e+04;2.552607908138464199e-04;5.305524465159536858e-05
1.000000000000000000e+04;7.491878639857958478e+04;2.498053416043604920e-04;-7.328245468984395693e-05
1.000000000000000000e+04;7.492037439893295232e+04;2.485180431233718792e-04;-7.737441251296211121e-05
1.000000000000000000e+04;7.496773753777837555e+04;1.820588789099409450e-04;-1.853650859163568450e-04
1.000000000000000000e+04;7.496932555289479205e+04;1.788929481579514251e-04;-1.882395009516473633e-04
1.000000000000000000e+04;7.501668853591845254e+04;6.999315668228394695e-05;-2.517016057940549560e-04
1.000000000000000000e+04;7.501827661423616519e+04;6.581836887716793229e-05;-2.526754986432465421e-04
1.000000000000000000e+04;7.506563948847887514e+04;-6.325258574711491177e-05;-2.529491151866679094e-04
1.000000000000000000e+04;7.506722755542253435e+04;-6.731910751093229625e-05;-2.518354742440242090e-04
1.000000000000000000e+04;7.511459057344272151e+04;-1.769978022689376433e-04;-1.901140541203619899e-04
1.000000000000000000e+04;7.511617857650907536e+04;-1.801038098811502685e-04;-1.870780369924033356e-04
1.000000000000000000e+04;7.516354170346236788e+04;-2.480399483045401740e-04;-7.899041001290021946e-05
1.000000000000000000e+04;7.516512971620984899e+04;-2.491808116652871694e-04;-7.489745599812731728e-05
1.000000000000000000e+04;7.521249273388301663e+04;-2.540804476443056905e-04;5.125568758321523438e-05
1.000000000000000000e+04;7.521408080563957628e+04;-2.530998475547678616e-04;5.544500168431373507e-05
1.000000000000000000e+04;7.526144372001968441e+04;-1.981839034633782980e-04;1.714483635163432907e-04
1.000000000000000000e+04;7.526303178631700575e+04;-1.952640167577211392e-04;1.745241578698272756e-04
1.000000000000000000e+04;7.531039481317070022e+04;-8.689011922234014698e-05;2.441308445153905163e-04
1.000000000000000000e+04;7.531198281443884480e+04;-8.286354187305457447e-05;2.455469141038770886e-04
1.000000000000000000e+04;7.535934592182199412e+04;4.154647631337734235e-05;2.578495746237805691e-04
1.000000000000000000e+04;7.536093395460501779e+04;4.584241860488018941e-05;2.569398591281002865e-04
1.000000000000000000e+04;7.540829690398999082e+04;1.632262147648473301e-04;2.026337518124572017e-04
1.000000000000000000e+04;7.540988499412253441e+04;1.664390852189308128e-04;1.999073969104128029e-04
1.000000000000000000e+04;7.545724784680476296e+04;2.409949069896297669e-04;9.908101242934246283e-05
1.000000000000000000e+04;7.545883590504160384e+04;2.425196369037951796e-04;9.499033874919858339e-05
1.000000000000000000e+04;7.550619895640981849e+04;2.583092081012422622e-04;-3.430743553144780238e-05
1.000000000000000000e+04;7.550778691284607339e+04;2.576024458860973090e-04;-3.846076448353475253e-05
1.000000000000000000e+04;7.555515015122739715e+04;2.080071561828606330e-04;-1.546288423086207445e-04
1.000000000000000000e+04;7.555673810089699691e+04;2.053673070158948313e-04;-1.580678785995856257e-04
1.000000000000000000e+04;7.560410121115800575e+04;1.041737695926675137e-04;-2.380638636364363194e-04
1.000000000000000000e+04;7.560568926930219459e+04;1.001706810212074834e-04;-2.396180654609742964e-04
1.000000000000000000e+04;7.565305212054657750e+04;-2.526327647782137221e-05;-2.582811804436656138e-04
1.000000000000000000e+04;7.565464026958416798e+04;-2.956481930267322450e-05;-2.577644995019874683e-04
1.000000000000000000e+04;7.570200309973738331e+04;-1.499126871882837180e-04;-2.134356707647552007e-04
1.000000000000000000e+04;7.570359124308328319e+04;-1.533305388317374998e-04;-2.108341911429011974e-04
1.000000000000000000e+04;7.575095424535483471e+04;-2.358946910413734313e-04;-1.116198491803220376e-04
1.000000000000000000e+04;7.575254238312099187e+04;-2.376417523507977608e-04;-1.077017345525522655e-04
1.000000000000000000e+04;7.579990538343644585e+04;-2.601609025291023460e-04;1.800383223016578015e-05
1.000000000000000000e+04;7.580149361043221143e+04;-2.598022383825250949e-04;2.230724183712804988e-05
1.000000000000000000e+04;7.584885636761187925e+04;-2.162398829720045003e-04;1.429548155868266585e-04
1.000000000000000000e+04;7.585044469913007924e+04;-2.137206403282877960e-04;1.464861570415006598e-04
1.000000000000000000e+04;7.589780730664089788e+04;-1.200067928022679022e-04;2.323193647575921687e-04
1.000000000000000000e+04;7.589939562998960901e+04;-1.160886977257314295e-04;2.341616360764862514e-04
1.000000000000000000e+04;7.594675837417713774e+04;1.206646631721234195e-05;2.592749517284149746e-04
1.000000000000000000e+04;7.594834660832490772e+04;1.629864169808626815e-05;2.589858694360202911e-04
1.000000000000000000e+04;7.599570948338952439e+04;1.390948632135907020e-04;2.213291426004370278e-04
1.000000000000000000e+04;7.599729772272949049e+04;1.427429403773918513e-04;2.189120842312789958e-04
1.000000000000000000e+04;7.604466053252722486e+04;2.287763714628658716e-04;1.233025559757755833e-04
1.000000000000000000e+04;7.604624881927529350e+04;2.307503374779992387e-04;1.194857390826565110e-04
1.000000000000000000e+04;7.609361155976043665e+04;2.613466624125569638e-04;-5.004289720058393256e-06
1.000000000000000000e+04;7.609519984201544139e+04;2.610850943669985750e-04;-9.351911282368955946e-06
1.000000000000000000e+04;7.614256262424547458e+04;2.249971446205826001e-04;-1.335520163325406239e-04
1.000000000000000000e+04;7.614415086555092421e+04;2.227223804416845706e-04;-1.372045387360203226e-04
1.000000000000000000e+04;7.619151367559227219e+04;1.293990681010619387e-04;-2.259087555549746840e-04
1.000000000000000000e+04;7.619310190609138226e+04;1.255787062736112058e-04;-2.279326236399745404e-04
1.000000000000000000e+04;7.624046469613656518e+04;2.976803924448601640e-07;-2.614164434761547169e-04
1.000000000000000000e+04;7.624205286683772283e+04;-4.055724658978524925e-06;-2.613060537434867066e-04
1.000000000000000000e+04;7.628941575403136085e+04;-1.277996838336804646e-04;-2.264542096019770887e-04
1.000000000000000000e+04;7.629100381110393209e+04;-1.314932424923140667e-04;-2.242169103786309156e-04
1.000000000000000000e+04;7.633836687022559636e+04;-2.245306624599622050e-04;-1.330838275267533526e-04
1.000000000000000000e+04;7.633995488718405250e+04;-2.266576114550149929e-04;-1.293058686798567215e-04
1.000000000000000000e+04;7.638731793171126628e+04;-2.600663546649732661e-04;-5.698454067199049439e-06
1.000000000000000000e+04;7.638890598407581274e+04;-2.600123753166108556e-04;-1.314221863014598884e-06
1.000000000000000000e+04;7.643626891827606596e+04;-2.294334904522371966e-04;1.248633599627671812e-04
1.000000000000000000e+04;7.643785703451569134e+04;-2.272626794519869359e-04;1.285423195631684790e-04
1.000000000000000000e+04;7.648521990258272854e+04;-1.363228465656947429e-04;2.217584641994949101e-04
1.000000000000000000e+04;7.648680805703994702e+04;-1.325438086387527683e-04;2.239886621368161854e-04
1.000000000000000000e+04;7.653417095373397751e+04;-8.752398091411767498e-06;2.603305324926744892e-04
1.000000000000000000e+04;7.653575915640639141e+04;-4.420488182721658494e-06;2.603249473160011793e-04
1.000000000000000000e+04;7.658312204365219804e+04;1.217662060101274812e-04;2.297770150579892987e-04
1.000000000000000000e+04;7.658471038099544239e+04;1.255987993540071796e-04;2.276658979511968477e-04
1.000000000000000000e+04;7.663207307636397309e+04;2.207263620998663406e-04;1.400690507009346244e-04
1.000000000000000000e+04;7.663366168656187074e+04;2.229005186595804232e-04;1.362810814234032897e-04
1.000000000000000000e+04;7.668102398436512158e+04;2.608902463346436055e-04;1.167598608537684318e-05
1.000000000000000000e+04;7.668261289626915823e+04;2.610281907419197719e-04;7.365745085054374025e-06
1.000000000000000000e+04;7.672997476680495311e+04;2.323156683676495565e-04;-1.196883907952021306e-04
1.000000000000000000e+04;7.673156359062455886e+04;2.301654113770200709e-04;-1.235117914110665132e-04
1.000000000000000000e+04;7.677892597274408035e+04;1.421589838553528765e-04;-2.187313513504160229e-04
1.000000000000000000e+04;7.678051441521313973e+04;1.384625354426353560e-04;-2.210386585695896841e-04
1.000000000000000000e+04;7.682787726352756727e+04;1.467314717392578338e-05;-2.600362178831471275e-04
1.000000000000000000e+04;7.682946541323124256e+04;1.029058068469424770e-05;-2.601122514100774955e-04
1.000000000000000000e+04;7.687682843498031434e+04;-1.173753172350692619e-04;-2.330350541422037487e-04
1.000000000000000000e+04;7.687841652601728856e+04;-1.212241778160595283e-04;-2.309830002303545613e-04
1.000000000000000000e+04;7.692577943011357274e+04;-2.177498457942733689e-04;-1.439709971058111858e-04
1.000000000000000000e+04;7.692736756701412378e+04;-2.200296771305517470e-04;-1.402275739905677607e-04
1.000000000000000000e+04;7.697473041174984246e+04;-2.603578253938899152e-04;-1.464846830285165607e-05
1.000000000000000000e+04;7.697631852069011074e+04;-2.605338037643036161e-04;-1.036998957785761198e-05
1.000000000000000000e+04;7.702368146293952304e+04;-2.336232301284780913e-04;1.158509345487519673e-04
1.000000000000000000e+04;7.702526954839342216e+04;-2.315151870489061306e-04;1.198408226628206689e-04
1.000000000000000000e+04;7.707263255175914674e+04;-1.442514107809620598e-04;2.168171584386163471e-04
1.000000000000000000e+04;7.707422064212791156e+04;-1.405870908272912050e-04;2.190137598298020759e-04
1.000000000000000000e+04;7.712158365270691866e+04;-1.703040450172320833e-05;2.611085883958673155e-04
1.000000000000000000e+04;7.712317178880807478e+04;-1.257840598201018009e-05;2.613268002291573911e-04
1.000000000000000000e+04;7.717053475150131271e+04;1.168415411132413202e-04;2.334360658289583656e-04
1.000000000000000000e+04;7.717212300089916971e+04;1.206203534654169907e-04;2.313569260704175878e-04
1.000000000000000000e+04;7.721948572021508880e+04;2.161452257466292602e-04;1.441332501703849339e-04
1.000000000000000000e+04;7.722107413077497040e+04;2.186006436852999137e-04;1.404551754858303716e-04
1.000000000000000000e+04;7.726843657424818957e+04;2.614756546985045563e-04;1.662248266136372461e-05
1.000000000000000000e+04;7.727002500368231267e+04;2.614867589884590604e-04;1.217240606270770777e-05
1.000000000000000000e+04;7.731738764882605756e+04;2.333847760389461579e-04;-1.154474527872328184e-04
1.000000000000000000e+04;7.731897583867333014e+04;2.314435487510201690e-04;-1.192548155100459881e-04
1.000000000000000000e+04;7.736633890730995336e+04;1.445423557548137367e-04;-2.188247721666401215e-04
1.000000000000000000e+04;7.736792697060445789e+04;1.407163500739750024e-04;-2.211505190194839481e-04
1.000000000000000000e+04;7.741529010919159919e+04;1.519019060331773282e-05;-2.592069215718051400e-04
1.000000000000000000e+04;7.741687829979757953e+04;1.085445995356945168e-05;-2.593928378733134275e-04
1.000000000000000000e+04;7.746424100203040871e+04;-1.162320506035419403e-04;-2.342920728626019238e-04
1.000000000000000000e+04;7.746582938843591546e+04;-1.201712495842649156e-04;-2.321178589350470032e-04
1.000000000000000000e+04;7.751319178655378346e+04;-2.191165557217209132e-04;-1.425739669834285564e-04
1.000000000000000000e+04;7.751478011711592262e+04;-2.213604576244941071e-04;-1.389138705209056618e-04
1.000000000000000000e+04;7.756214287229675392e+04;-2.605355689056743041e-04;-1.500640365079630872e-05
1.000000000000000000e+04;7.756373088957440632e+04;-2.606965024547247306e-04;-1.051211898658601949e-05
1.000000000000000000e+04;7.761109418905209168e+04;-2.324193519297699248e-04;1.186160666839339187e-04
1.000000000000000000e+04;7.761268206892200396e+04;-2.302723564935273864e-04;1.223865779684775923e-04
1.000000000000000000e+04;7.766004535998211941e+04;-1.423647658541022981e-04;2.187213661785654514e-04
1.000000000000000000e+04;7.766163334577361820e+04;-1.385579441815039858e-04;2.210784603413851689e-04
1.000000000000000000e+04;7.770899622220041056e+04;-1.127652227047204474e-05;2.606004441176478685e-04
1.000000000000000000e+04;7.771058434790956380e+04;-6.918110983520922317e-06;2.605847196711284742e-04
1.000000000000000000e+04;7.775794708312196599e+04;1.199967538078020615e-04;2.304217360556339185e-04
1.000000000000000000e+04;7.775953516686326475e+04;1.239387075190048683e-04;2.283380661019290467e-04
1.000000000000000000e+04;7.780689822333151824e+04;2.212697581714221132e-04;1.387081299275228971e-04
1.000000000000000000e+04;7.780848617242681212e+04;2.234236728392776392e-04;1.348008779857033158e-04
1.000000000000000000e+04;7.785584947490529157e+04;2.600195616981488276e-04;9.272365125399243855e-06
1.000000000000000000e+04;7.785743742882105289e+04;2.601049420994059626e-04;4.916983043480930168e-06
1.000000000000000000e+04;7.790480053585383575e+04;2.304865970010759233e-04;-1.251784904932888749e-04
1.000000000000000000e+04;7.790638865950924810e+04;2.281858762099885963e-04;-1.290240224075919122e-04
1.000000000000000000e+04;7.795375140186834324e+04;1.340477017460295979e-04;-2.215803127435092882e-04
1.000000000000000000e+04;7.795533960541937267e+04;1.302925083200871727e-04;-2.237991936839274878e-04
1.000000000000000000e+04;7.800270239704476262e+04;5.372830936120581946e-06;-2.612198336393357109e-04
1.000000000000000000e+04;7.800429058728598466e+04;8.110795331675142459e-07;-2.611137828476079652e-04
1.000000000000000000e+04;7.805165353492514987e+04;-1.286096511880996873e-04;-2.266278291392315538e-04
1.000000000000000000e+04;7.805324172052458744e+04;-1.322988831962507931e-04;-2.243792338384309330e-04
1.000000000000000000e+04;7.810060464267099451e+04;-2.258348910553782522e-04;-1.323595272114222758e-04
1.000000000000000000e+04;7.810219287894597801e+04;-2.280344550735872717e-04;-1.284086579057825274e-04
1.000000000000000000e+04;7.814955564572114963e+04;-2.611966668321604509e-04;1.851217372005886957e-06
1.000000000000000000e+04;7.815114391504545347e+04;-2.610414245798874664e-04;6.190542667663074481e-06
1.000000000000000000e+04;7.819850664574712573e+04;-2.243792982552578132e-04;1.318996177585841337e-04
1.000000000000000000e+04;7.820009488288394641e+04;-2.220196282326959301e-04;1.357845229304328828e-04
1.000000000000000000e+04;7.824745766028192884e+04;-1.277871145520027049e-04;2.282209090922189640e-04
1.000000000000000000e+04;7.824904586252724403e+04;-1.237975007249808004e-04;2.301674319653849912e-04
1.000000000000000000e+04;7.829640873118245509e+04;6.484013350246495508e-06;2.611918618861560596e-04
1.000000000000000000e+04;7.829799688385911577e+04;1.087041430801394804e-05;2.609984908321357020e-04
1.000000000000000000e+04;7.834535983335389756e+04;1.389181526424136562e-04;2.228861071327919703e-04
1.000000000000000000e+04;7.834694794336712221e+04;1.426699050883119409e-04;2.203807932544780284e-04
1.000000000000000000e+04;7.839431091342035506e+04;2.303006011806987970e-04;1.212092957829516909e-04
1.000000000000000000e+04;7.839589902153026196e+04;2.323005024644850128e-04;1.172962620452116573e-04
1.000000000000000000e+04;7.844326192211409216e+04;2.617003594971677844e-04;-1.235115470155150009e-05
1.000000000000000000e+04;7.844485003651422448e+04;2.612700201484885877e-04;-1.691149960900150301e-05
1.000000000000000000e+04;7.849221293788954790e+04;2.193224895957838756e-04;-1.415414797159093223e-04
1.000000000000000000e+04;7.849380100238232990e+04;2.168501926995280050e-04;-1.451353696505816679e-04
1.000000000000000000e+04;7.854116403870872455e+04;1.140208265582130646e-04;-2.351793812772019960e-04
1.000000000000000000e+04;7.854275203405693173e+04;1.099429295613791902e-04;-2.369908023700666210e-04
1.000000000000000000e+04;7.859011514769982023e+04;-1.979948229872684646e-05;-2.601630545347400551e-04
1.000000000000000000e+04;7.859170315570369712e+04;-2.427877675656130366e-05;-2.597597988900605817e-04
1.000000000000000000e+04;7.863906618746220192e+04;-1.494020261484893292e-04;-2.134256515176777768e-04
1.000000000000000000e+04;7.864065426309737086e+04;-1.529806744943769251e-04;-2.107306049828852775e-04
1.000000000000000000e+04;7.868801716210065933e+04;-2.389687222623278196e-04;-1.081641251697576186e-04
1.000000000000000000e+04;7.868960526404761185e+04;-2.406634898055128090e-04;-1.040134514800062211e-04
1.000000000000000000e+04;7.873696818132745102e+04;-2.606276275955365040e-04;2.708224948443652691e-05
1.000000000000000000e+04;7.873855627074823133e+04;-2.601013397529806817e-04;3.151051322249905318e-05
1.000000000000000000e+04;7.878591926505077572e+04;-2.079850875208533797e-04;1.572444629198497114e-04
1.000000000000000000e+04;7.878750734750564152e+04;-2.051611634105010421e-04;1.606935457163502024e-04
1.000000000000000000e+04;7.883487035312531225e+04;-1.017235686702529246e-04;2.418299573285960535e-04
1.000000000000000000e+04;7.883645847597812826e+04;-9.751465450564121454e-05;2.434956669212003523e-04
1.000000000000000000e+04;7.888382138798877713e+04;3.802114056233099469e-05;2.584438193704465111e-04
1.000000000000000000e+04;7.888540958385584236e+04;4.239338770462809186e-05;2.576372865642821914e-04
1.000000000000000000e+04;7.893277239459179691e+04;1.641937767427980156e-04;2.046866047625983827e-04
1.000000000000000000e+04;7.893436060265515698e+04;1.676460952935764700e-04;2.017780539548737228e-04
1.000000000000000000e+04;7.898172343989020737e+04;2.459229320963715300e-04;9.227160934119052655e-05
1.000000000000000000e+04;7.898331163476924121e+04;2.473680954018358798e-04;8.799526921508304728e-05
1.000000000000000000e+04;7.903067450831014139e+04;2.576283946897840911e-04;-4.514771557761512022e-05
1.000000000000000000e+04;7.903226270647098136e+04;2.566955403231902509e-04;-4.950769720015118049e-05
1.000000000000000000e+04;7.907962554690953402e+04;1.988225400159242587e-04;-1.719998974872114926e-04
1.000000000000000000e+04;7.908121374625017052e+04;1.957669639406240400e-04;-1.753063878092649445e-04
1.000000000000000000e+04;7.912857661808238481e+04;8.195021079427857065e-05;-2.469747110944640845e-04
1.000000000000000000e+04;7.913016478662220470e+04;7.764137996291419755e-05;-2.482838469994054216e-04
1.000000000000000000e+04;7.917752770765776222e+04;-5.595392902938095634e-05;-2.550539229134481784e-04
1.000000000000000000e+04;7.917911586175956472e+04;-6.033108484385648425e-05;-2.539105573220024992e-04
1.000000000000000000e+04;7.922647875989982276e+04;-1.796737625389601019e-04;-1.904462792366987719e-04
1.000000000000000000e+04;7.922806693176347471e+04;-1.828530117101403367e-04;-1.872221583425949130e-04
1.000000000000000000e+04;7.927542974636447616e+04;-2.518996814207426216e-04;-7.189666358559545329e-05
1.000000000000000000e+04;7.927701791289144603e+04;-2.529948240823165842e-04;-6.757087810839420346e-05
1.000000000000000000e+04;7.932438076176181494e+04;-2.523653280858904327e-04;6.877025835284663745e-05
1.000000000000000000e+04;7.932596884954586858e+04;-2.510869299866508135e-04;7.309582240040685261e-05
1.000000000000000000e+04;7.937333186274272157e+04;-1.825522474468681950e-04;1.874669507191172935e-04
1.000000000000000000e+04;7.937491986589027510e+04;-1.791518408207848302e-04;1.905455665003361694e-04
1.000000000000000000e+04;7.942228295369791158e+04;-6.032993824231733270e-05;2.540466110593588879e-04
1.000000000000000000e+04;7.942387095554833650e+04;-5.595586745120265397e-05;2.549195937472357749e-04
1.000000000000000000e+04;7.947123398863556213e+04;8.006156871929740924e-05;2.508613852892270187e-04
1.000000000000000000e+04;7.947282203169084096e+04;8.437698018744127005e-05;2.492911845237622730e-04
1.000000000000000000e+04;7.952018499416911800e+04;1.961521638794754756e-04;1.728862143482775421e-04
1.000000000000000000e+04;7.952177306813174800e+04;1.990206424250411446e-04;1.695013573769356776e-04
1.000000000000000000e+04;7.956913601863969234e+04;2.565998996281841638e-04;4.775556627187942343e-05
1.000000000000000000e+04;7.957072410483068961e+04;2.573308618323311451e-04;4.320351971859013755e-05
1.000000000000000000e+04;7.961808706720676855e+04;2.455323629611796867e-04;-9.157881799250674744e-05
1.000000000000000000e+04;7.961967515880441351e+04;2.437116914364562657e-04;-9.574098055326842516e-05
1.000000000000000000e+04;7.966703813103384164e+04;1.627362000697143442e-04;-2.035620170029200275e-04
1.000000000000000000e+04;7.966862622448948969e+04;1.592140154588176813e-04;-2.062808670408213115e-04
1.000000000000000000e+04;7.971598921142380277e+04;3.229162619959022101e-05;-2.608558495827934887e-04
1.000000000000000000e+04;7.971757731572086050e+04;2.767844480627676049e-05;-2.612334834615282278e-04
1.000000000000000000e+04;7.976494026956487505e+04;-1.041005000965782669e-04;-2.386723756934653728e-04
1.000000000000000000e+04;7.976652841307238850e+04;-1.081876566648586649e-04;-2.368255810347521010e-04
1.000000000000000000e+04;7.981389127772765642e+04;-2.138292950846293816e-04;-1.523423855674000554e-04
1.000000000000000000e+04;7.981547946057745139e+04;-2.163581123001220461e-04;-1.484433494852980433e-04
1.000000000000000000e+04;7.986284229529864388e+04;-2.623619179977630558e-04;-1.920673574911244133e-05
1.000000000000000000e+04;7.986443047158120316e+04;-2.625122145882049086e-04;-1.475149617513770079e-05
1.000000000000000000e+04;7.991179335402685683e+04;-2.328044201930942162e-04;1.176729818812382428e-04
1.000000000000000000e+04;7.991338152703935339e+04;-2.307400702925394790e-04;1.217091577183874459e-04
1.000000000000000000e+04;7.996074443894511205e+04;-1.386313524169056975e-04;2.221992932950201793e-04
1.000000000000000000e+04;7.996233265744443634e+04;-1.345703467240185630e-04;2.244679832456485059e-04
1.000000000000000000e+04;8.000969551607895119e+04;-4.780265514275786988e-06;2.612726581816746910e-04
1.000000000000000000e+04;8.001128385277223424e+04;-2.846575858561370530e-07;2.612045215767300633e-04
1.000000000000000000e+04;8.005864655602679704e+04;1.327131575563350726e-04;2.274439478745945672e-04
1.000000000000000000e+04;8.006023506620901753e+04;1.365920691604417196e-04;2.249951926099549187e-04
1.000000000000000000e+04;8.010759749526398082e+04;2.311884578974576722e-04;1.242651901604325702e-04
1.000000000000000000e+04;8.010918618999855244e+04;2.332626820512738073e-04;1.202555636217586326e-04
1.000000000000000000e+04;8.015654840729608259e+04;2.598341236616683817e-04;-1.140283673114784267e-05
1.000000000000000000e+04;8.015813700239165337e+04;2.595372276837205699e-04;-1.602203155391689927e-05
1.000000000000000000e+04;8.020549948632549786e+04;2.189650689224979189e-04;-1.454294500972611449e-04
1.000000000000000000e+04;8.020708782123416313e+04;2.161965095079080744e-04;-1.491112807913624677e-04
1.000000000000000000e+04;8.025445078920043306e+04;1.095095577692835982e-04;-2.378491981313760441e-04
1.000000000000000000e+04;8.025603887825361744e+04;1.054065648850249190e-04;-2.395969355506331259e-04
1.000000000000000000e+04;8.030340193663230457e+04;-2.965075349875595617e-05;-2.610869648912372224e-04
1.000000000000000000e+04;8.030499006827404082e+04;-3.423337497332317998e-05;-2.604921087401820324e-04
1.000000000000000000e+04;8.035235275633183483e+04;-1.606584623593675543e-04;-2.058061763363015187e-04
1.000000000000000000e+04;8.035394101575920649e+04;-1.642189509998203615e-04;-2.028911743799687907e-04
1.000000000000000000e+04;8.040130368186233682e+04;-2.432222026875025748e-04;-9.562768221029622746e-05
1.000000000000000000e+04;8.040289176436178968e+04;-2.447528456192094113e-04;-9.124781908331746347e-05
1.000000000000000000e+04;8.045025487487576902e+04;-2.588295460644547468e-04;4.698255234028068901e-05
1.000000000000000000e+04;8.045184279222990153e+04;-2.578274486575145383e-04;5.140897671482589975e-05
1.000000000000000000e+04;8.049920620602523559e+04;-1.946850138892671205e-04;1.737355846994157046e-04
1.000000000000000000e+04;8.050079415598130436e+04;-1.916108849960119836e-04;1.770711076563798224e-04
1.000000000000000000e+04;8.054815728071756894e+04;-7.506389898218756998e-05;2.507175188373994405e-04
1.000000000000000000e+04;8.054974552403518464e+04;-7.060694499907105520e-05;2.519528011733775347e-04
1.000000000000000000e+04;8.059710795604990562e+04;6.576379536976738988e-05;2.520795620402799817e-04
1.000000000000000000e+04;8.059869626308605075e+04;7.021599444500074285e-05;2.507920032467793174e-04
1.000000000000000000e+04;8.064605889181775274e+04;1.886975970540658682e-04;1.834312702354776441e-04
1.000000000000000000e+04;8.064764705731905997e+04;1.917906547945506714e-04;1.800110172045706080e-04
1.000000000000000000e+04;8.069501020157398307e+04;2.557586862222535271e-04;5.681779301263753935e-05
1.000000000000000000e+04;8.069659831470040081e+04;2.566611411616681170e-04;5.234188972505606695e-05
1.000000000000000000e+04;8.074396156792002148e+04;2.488732442284286462e-04;-8.395263835963147044e-05
1.000000000000000000e+04;8.074554992871786817e+04;2.472766008907287716e-04;-8.828362895353699248e-05
1.000000000000000000e+04;8.079291243781156663e+04;1.658999753155715288e-04;-2.018408684154556810e-04
1.000000000000000000e+04;8.079450121410364227e+04;1.623211812174084768e-04;-2.046765334142071899e-04
1.000000000000000000e+04;8.084186291952521424e+04;3.773419390556172740e-05;-2.588928981454773027e-04
1.000000000000000000e+04;8.084345187897214782e+04;3.309468296517659880e-05;-2.594447287126758726e-04
1.000000000000000000e+04;8.089081394979954348e+04;-1.050785683318341759e-04;-2.407418388526677664e-04
1.000000000000000000e+04;8.089240244150298531e+04;-1.092358812273450900e-04;-2.387755741718814708e-04
1.000000000000000000e+04;8.093976528204498754e+04;-2.139836053232764491e-04;-1.518606033199876369e-04
1.000000000000000000e+04;8.094135335863591172e+04;-2.165753172215633272e-04;-1.480241198801663044e-04
1.000000000000000000e+04;8.098871668772478006e+04;-2.639372468693739599e-04;-1.617754513219449606e-05
1.000000000000000000e+04;8.099030463519952900e+04;-2.640666634482100820e-04;-1.158225648786846571e-05
1.000000000000000000e+04;8.103766772114041669e+04;-2.308481545854814017e-04;1.223256738454428288e-04
1.000000000000000000e+04;8.103925581997708650e+04;-2.286490088580620016e-04;1.263528985876225636e-04
1.000000000000000000e+04;8.108661845572708989e+04;-1.340509527006426924e-04;2.262407066127468326e-04
1.000000000000000000e+04;8.108820664296984614e+04;-1.299256188752529655e-04;2.284904464204996636e-04
1.000000000000000000e+04;8.113556936717832286e+04;4.874725571143024693e-06;2.613408138298682843e-04
1.000000000000000000e+04;8.113715740073211782e+04;9.487236536901874054e-06;2.610795794333994804e-04
1.000000000000000000e+04;8.118452065778545511e+04;1.412991098234079397e-04;2.225686164678775873e-04
1.000000000000000000e+04;8.118610850938656949e+04;1.451015770556147099e-04;2.199513474533252211e-04
1.000000000000000000e+04;8.123347196555478149e+04;2.377129989062484381e-04;1.122840045566941716e-04
1.000000000000000000e+04;8.123505986710241996e+04;2.396308274680059339e-04;1.080682970072557945e-04
1.000000000000000000e+04;8.128242292328840995e+04;2.589141165363737125e-04;-2.564800035853354154e-05
1.000000000000000000e+04;8.128401101883423689e+04;2.583161611094183120e-04;-3.028006565655673435e-05
1.000000000000000000e+04;8.133137369520998618e+04;2.084024406613209108e-04;-1.605348292410590301e-04
1.000000000000000000e+04;8.133296184528236336e+04;2.053860296131417745e-04;-1.641182278183606557e-04
1.000000000000000000e+04;8.138032468412362505e+04;9.158619423861786603e-05;-2.439116566306402992e-04
1.000000000000000000e+04;8.138191269790903607e+04;8.722449170484961067e-05;-2.453801457593107207e-04
1.000000000000000000e+04;8.142927593178060488e+04;-5.127377711742373093e-05;-2.581878146000477891e-04
1.000000000000000000e+04;8.143086383952689357e+04;-5.581215100851898305e-05;-2.571516222752843117e-04
1.000000000000000000e+04;8.147822712822453468e+04;-1.790982946027150379e-04;-1.906232891435921065e-04
1.000000000000000000e+04;8.147981510558833543e+04;-1.824792334811797421e-04;-1.873504139460477954e-04
1.000000000000000000e+04;8.152717810291383648e+04;-2.519594590982168585e-04;-7.099427760437415841e-05
1.000000000000000000e+04;8.152876622492470779e+04;-2.530053503976766342e-04;-6.641792887764932896e-05
1.000000000000000000e+04;8.157612900142556464e+04;-2.530872558253623975e-04;7.498562104895990018e-05
1.000000000000000000e+04;8.157771719576643954e+04;-2.516583431591835050e-04;7.937720867126547050e-05
1.000000000000000000e+04;8.162507999380801630e+04;-1.719781540600305602e-04;1.938186508309698260e-04
1.000000000000000000e+04;8.162666818008417613e+04;-1.684440314341884384e-04;1.968619729259020045e-04
1.000000000000000000e+04;8.167403107824546169e+04;-4.529517706362793934e-05;2.582276298058471019e-04
1.000000000000000000e+04;8.167561923335331085e+04;-4.058382965460272356e-05;2.588273741353719283e-04
1.000000000000000000e+04;8.172298219365568366e+04;9.917757942862362810e-05;2.420415507254153537e-04
1.000000000000000000e+04;8.172457031916399137e+04;1.033914963978859445e-04;2.401968718148626543e-04
1.000000000000000000e+04;8.177193331866842345e+04;2.136932305928760810e-04;1.548053558789707078e-04
1.000000000000000000e+04;8.177352145032088447e+04;2.163393562505334033e-04;1.508775740756823896e-04
1.000000000000000000e+04;8.182088435643349658e+04;2.621966789270150527e-04;1.819798876279842573e-05
1.000000000000000000e+04;8.182247257948119659e+04;2.624823208682141857e-04;1.358576425111053826e-05
1.000000000000000000e+04;8.186983520663926902e+04;2.314942664675439426e-04;-1.201545007635288848e-04
1.000000000000000000e+04;8.187142350567287940e+04;2.291450773745360478e-04;-1.243629468753799829e-04
1.000000000000000000e+04;8.191878623181433068e+04;1.341264312878487331e-04;-2.264312413849247447e-04
1.000000000000000000e+04;8.192037433019827586e+04;1.299833784786588330e-04;-2.285290417854107640e-04
1.000000000000000000e+04;8.196773744492170226e+04;-7.926770840508440166e-06;-2.615611640045176472e-04
1.000000000000000000e+04;8.196932537556486204e+04;-1.251339955323193952e-05;-2.614105070300120032e-04
1.000000000000000000e+04;8.201668871640761790e+04;-1.472376365736867616e-04;-2.174676573777173350e-04
1.000000000000000000e+04;8.201827666547715489e+04;-1.511233948724353645e-04;-2.146554683175425527e-04
1.000000000000000000e+04;8.206563973308412824e+04;-2.376179130104754083e-04;-1.078009258331207173e-04
1.000000000000000000e+04;8.206722790663533669e+04;-2.394630407846485610e-04;-1.035331140296022072e-04
1.000000000000000000e+04;8.211459046973264776e+04;-2.620205377038488013e-04;3.445607769054974352e-05
1.000000000000000000e+04;8.211617871403036406e+04;-2.611691327423185539e-04;3.921186740808721910e-05
1.000000000000000000e+04;8.216354143239559198e+04;-2.019837761754760040e-04;1.673142904446638210e-04
1.000000000000000000e+04;8.216512958890918526e+04;-1.989406849060785371e-04;1.707254789106765942e-04
1.000000000000000000e+04;8.221249272587664018e+04;-8.331282145009490765e-05;2.492632201148283844e-04
1.000000000000000000e+04;8.221408083913793962e+04;-7.876168327965993028e-05;2.507000289410419680e-04
1.000000000000000000e+04;8.226144399538355356e+04;6.365251668356891525e-05;2.536581369575557866e-04
1.000000000000000000e+04;8.226303231118750409e+04;6.815393558719457304e-05;2.523354273725469271e-04
1.000000000000000000e+04;8.231039487103697320e+04;1.874389892421005380e-04;1.824557133571267742e-04
1.000000000000000000e+04;8.231198347881966038e+04;1.906666120994168138e-04;1.790126900609645465e-04
1.000000000000000000e+04;8.235934550990769640e+04;2.577059592715730913e-04;5.307882741677216482e-05
1.000000000000000000e+04;8.236093413505183707e+04;2.584873758509437995e-04;4.838614174533445103e-05
1.000000000000000000e+04;8.240829663633242308e+04;2.455112740295325871e-04;-8.978076456228658024e-05
1.000000000000000000e+04;8.240988483566642390e+04;2.437909671034090421e-04;-9.414556990892194879e-05
1.000000000000000000e+04;8.245724792570532009e+04;1.611399342385510527e-04;-2.091220071682837968e-04
1.000000000000000000e+04;8.245883584680342756e+04;1.572423001698277246e-04;-2.118651439584165496e-04
1.000000000000000000e+04;8.250619919528580795e+04;2.465392101546126034e-05;-2.611933565027078929e-04
1.000000000000000000e+04;8.250778711609721358e+04;1.999717685691924807e-05;-2.615298724934073658e-04
1.000000000000000000e+04;8.255515019005027716e+04;-1.184122323215814373e-04;-2.349023280327439752e-04
1.000000000000000000e+04;8.255673825459413638e+04;-1.226367066145408829e-04;-2.326247732066416855e-04
1.000000000000000000e+04;8.260410103206029453e+04;-2.237860993210275462e-04;-1.352706031652878413e-04
1.000000000000000000e+04;8.260568915642541833e+04;-2.260962392638916159e-04;-1.311401618739144680e-04
1.000000000000000000e+04;8.265305199347044982e+04;-2.624155095772900872e-04;3.981989459824353786e-06
1.000000000000000000e+04;8.265464003858400974e+04;-2.621657113267169517e-04;8.753172766293439315e-06
1.000000000000000000e+04;8.270200313782095327e+04;-2.174545464703649534e-04;1.441278251774040519e-04
1.000000000000000000e+04;8.270359108536317945e+04;-2.147190346094263701e-04;1.479362217244776872e-04
1.000000000000000000e+04;8.275095432283953414e+04;-1.077084979791803046e-04;2.387751012258133930e-04
1.000000000000000000e+04;8.275254226014694723e+04;-1.033060082874035494e-04;2.406384253528878086e-04
1.000000000000000000e+04;8.279990541825407126e+04;3.914570634744772099e-05;2.579081995407383142e-04
1.000000000000000000e+04;8.280149343316338491e+04;4.379849460949682914e-05;2.570813997732518700e-04
1.000000000000000000e+04;8.284885641200411192e+04;1.699412502344740700e-04;1.989530809948750634e-04
1.000000000000000000e+04;8.285044454131298698e+04;1.735473109974786348e-04;1.957563741913888669e-04
1.000000000000000000e+04;8.289780732894811081e+04;2.511604123954200600e-04;7.666873261729279139e-05
1.000000000000000000e+04;8.289939548306580400e+04;2.523965052163409310e-04;7.205646205337497452e-05
1.000000000000000000e+04;8.294675833097223949e+04;2.529209960040602174e-04;-6.818626536860470896e-05
1.000000000000000000e+04;8.294834645655221539e+04;2.515493242332621465e-04;-7.271342612326470536e-05
1.000000000000000000e+04;8.299570946074885433e+04;1.777538888332190795e-04;-1.954380661189868400e-04
1.000000000000000000e+04;8.299729756821058982e+04;1.741361390679114032e-04;-1.985414417685449991e-04
1.000000000000000000e+04;8.304466065565956524e+04;4.409411264229235269e-05;-2.571573998337381580e-04
1.000000000000000000e+04;8.304624884720197588e+04;3.943430308052217517e-05;-2.578981615853300803e-04
1.000000000000000000e+04;8.309361173970084928e+04;-1.005118697456475326e-04;-2.427170880627221676e-04
1.000000000000000000e+04;8.309520016170298913e+04;-1.049693725372490596e-04;-2.407245579090158552e-04
1.000000000000000000e+04;8.314256259888778732e+04;-2.134356482970077844e-04;-1.508603535208713519e-04
1.000000000000000000e+04;8.314415130293283437e+04;-2.160485287128848496e-04;-1.468858513493299283e-04
1.000000000000000000e+04;8.319151339736754016e+04;-2.630305655271592078e-04;-1.269102061318865059e-05
1.000000000000000000e+04;8.319310200444981456e+04;-2.630717042248411773e-04;-7.912703949910568352e-06
1.000000000000000000e+04;8.324046443744686258e+04;-2.270237985818713373e-04;1.310180151922867443e-04
1.000000000000000000e+04;8.324205273126073007e+04;-2.245868763417174622e-04;1.350665955008488656e-04
1.000000000000000000e+04;8.328941582215989183e+04;-1.207377688408577387e-04;2.317975444201928500e-04
1.000000000000000000e+04;8.329100379290757701e+04;-1.164383113607273744e-04;2.339361675245586151e-04
1.000000000000000000e+04;8.333836708480592642e+04;2.414299437572269312e-05;2.602074897437154548e-04
1.000000000000000000e+04;8.333995506681263214e+04;2.893666635883451423e-05;2.596270893484195724e-04
1.000000000000000000e+04;8.338731797656411072e+04;1.585955540527994980e-04;2.086642929289237998e-04
1.000000000000000000e+04;8.338890613520190527e+04;1.623400945403160808e-04;2.056474064666461939e-04
1.000000000000000000e+04;8.343626869959202304e+04;2.487464692798444150e-04;8.823673735287950565e-05
1.000000000000000000e+04;8.343785687328188214e+04;2.501690701855742134e-04;8.368339306408944687e-05
1.000000000000000000e+04;8.348521972641893080e+04;2.564663087956173390e-04;-5.672922964527756467e-05
1.000000000000000000e+04;8.348680768656522559e+04;2.553720959450418628e-04;-6.137421419288493086e-05
1.000000000000000000e+04;8.353417111223595566e+04;1.848543975490489130e-04;-1.877261434278888806e-04
1.000000000000000000e+04;8.353575891879860137e+04;1.813337488824672624e-04;-1.909920931921170722e-04
1.000000000000000000e+04;8.358312239172101545e+04;5.472731092891672104e-05;-2.556646630645168774e-04
1.000000000000000000e+04;8.358471032537696010e+04;4.997051632938470862e-05;-2.565554745967396199e-04
1.000000000000000000e+04;8.363207324011730088e+04;-9.073316554768302475e-05;-2.471803721246028894e-04
1.000000000000000000e+04;8.363366140702176199e+04;-9.518663883546729339e-05;-2.453339659486182696e-04
1.000000000000000000e+04;8.368102393997946638e+04;-2.110791315765207050e-04;-1.567470584369331306e-04
1.000000000000000000e+04;8.368261212255797000e+04;-2.138148370264995944e-04;-1.528257798130919361e-04
1.000000000000000000e+04;8.372997497318746173e+04;-2.619325226846582356e-04;-2.049067530663471753e-05
1.000000000000000000e+04;8.373156293963525968e+04;-2.621637266930927353e-04;-1.565676820049969313e-05
1.000000000000000000e+04;8.377892634220808395e+04;-2.307496087513677646e-04;1.257095014620388570e-04
1.000000000000000000e+04;8.378051416442447226e+04;-2.283272445831623012e-04;1.298122230874123228e-04
1.000000000000000000e+04;8.382787759494873171e+04;-1.259136893074169847e-04;2.300158717550963047e-04
1.000000000000000000e+04;8.382946553042673622e+04;-1.215795001812435737e-04;2.322507213703039119e-04
1.000000000000000000e+04;8.387682847714333911e+04;1.758849404111893964e-05;2.607417150793222421e-04
1.000000000000000000e+04;8.387841660955843690e+04;2.237767854575377425e-05;2.602348084049098289e-04
1.000000000000000000e+04;8.392577925100411812e+04;1.572243012522297567e-04;2.106720734239421835e-04
1.000000000000000000e+04;8.392736740496801212e+04;1.610182021930826662e-04;2.076454095425610865e-04
1.000000000000000000e+04;8.397473027669108706e+04;2.459173631019252737e-04;9.130247355160857185e-05
1.000000000000000000e+04;8.397631828827819845e+04;2.474298850706220087e-04;8.673177879468150174e-05
1.000000000000000000e+04;8.402368153103732038e+04;2.570435239977637300e-04;-5.608981644857020726e-05
1.000000000000000000e+04;8.402526946180799860e+04;2.558899670365039633e-04;-6.072497067049165370e-05
1.000000000000000000e+04;8.407263271428429289e+04;1.838577565112654410e-04;-1.879285683230926549e-04
1.000000000000000000e+04;8.407422074402772705e+04;1.803256769251056289e-04;-1.912839105199772233e-04
1.000000000000000000e+04;8.412158366027013108e+04;5.536580246127074110e-05;-2.544358048300799269e-04
1.000000000000000000e+04;8.412317184529219230e+04;5.053198438883907309e-05;-2.552988697265825223e-04
1.000000000000000000e+04;8.417053451861679787e+04;-9.351560754183079675e-05;-2.470232161239639093e-04
1.000000000000000000e+04;8.417212273649551207e+04;-9.792409198284728934e-05;-2.450853597157520063e-04
1.000000000000000000e+04;8.421948556030671170e+04;-2.120820614070997217e-04;-1.538835396535202522e-04
1.000000000000000000e+04;8.422107365089739324e+04;-2.148689559136450369e-04;-1.499724607850783673e-04
1.000000000000000000e+04;8.426843671316723339e+04;-2.616058990506190405e-04;-1.501148641594172756e-05
1.000000000000000000e+04;8.427002469045459293e+04;-2.616992396501175160e-04;-1.014463836518436389e-05
1.000000000000000000e+04;8.431738789400902169e+04;-2.278910658638235679e-04;1.312652507591494046e-04
1.000000000000000000e+04;8.431897584917582572e+04;-2.254123676533022007e-04;1.353957323461299608e-04
1.000000000000000000e+04;8.436633896256558364e+04;-1.205527737817546608e-04;2.323084469982725697e-04
1.000000000000000000e+04;8.436792698581742297e+04;-1.160923438144688782e-04;2.344539574378047379e-04
1.000000000000000000e+04;8.441528990824198991e+04;2.534397674582475573e-05;2.623429477371425522e-04
1.000000000000000000e+04;8.441687799712450942e+04;3.008438168682461470e-05;2.616481852046577752e-04
1.000000000000000000e+04;8.446424085807334632e+04;1.644187521218792056e-04;2.053991117476695655e-04
1.000000000000000000e+04;8.446582893518955098e+04;1.682236795201674621e-04;2.023595183361487338e-04
1.000000000000000000e+04;8.451319192549530999e+04;2.483319074334069173e-04;8.280807614120710611e-05
1.000000000000000000e+04;8.451477994207412121e+04;2.496327924530839047e-04;7.808647389262599796e-05
1.000000000000000000e+04;8.456214308401009475e+04;2.561585316563324394e-04;-6.647074808034928622e-05
1.000000000000000000e+04;8.456373108225027681e+04;2.548593650715344386e-04;-7.105176911967680891e-05
1.000000000000000000e+04;8.461109421468168148e+04;1.755397055878906061e-04;-1.946762000160779640e-04
1.000000000000000000e+04;8.461268228860318777e+04;1.718204217281083185e-04;-1.979388302916641317e-04
1.000000000000000000e+04;8.466004522988831741e+04;4.417668178392748980e-05;-2.587967777894416245e-04
1.000000000000000000e+04;8.466163344764075009e+04;3.931201160326811613e-05;-2.593669383934641402e-04
1.000000000000000000e+04;8.470899612886093382e+04;-1.060500131954521800e-04;-2.413072109045991901e-04
1.000000000000000000e+04;8.471058449162372563e+04;-1.104349667928354654e-04;-2.392773048770135069e-04
1.000000000000000000e+04;8.475794704378477763e+04;-2.191910962040616805e-04;-1.431299796779666035e-04
1.000000000000000000e+04;8.475953533076505119e+04;-2.217359330900193441e-04;-1.389380336654469123e-04
1.000000000000000000e+04;8.480689812924691068e+04;-2.633540420711397438e-04;2.838529899657357016e-07
1.000000000000000000e+04;8.480848623756102461e+04;-2.632019507622961117e-04;5.091420632049171489e-06
1.000000000000000000e+04;8.485584941584277840e+04;-2.190201822530255242e-04;1.444309214477677492e-04
1.000000000000000000e+04;8.485743737590206729e+04;-2.162655823985458567e-04;1.484795908052324539e-04
1.000000000000000000e+04;8.490480059715782409e+04;-1.057338349550544359e-04;2.415955158443269910e-04
1.000000000000000000e+04;8.490638860940364248e+04;-1.011383654877467362e-04;2.433811533763455119e-04
1.000000000000000000e+04;8.495375149056722876e+04;4.346184881756604912e-05;2.603461553030774769e-04
1.000000000000000000e+04;8.495533964099329023e+04;4.822368658472882448e-05;2.594177368412487286e-04
1.000000000000000000e+04;8.500270228422373475e+04;1.781956752364825835e-04;1.952766559098594447e-04
1.000000000000000000e+04;8.500429042281860893e+04;1.817597921680282015e-04;1.918484326831095801e-04
1.000000000000000000e+04;8.505165335118466464e+04;2.551986649014088252e-04;6.518207726854406182e-05
1.000000000000000000e+04;8.505324130086497462e+04;2.561785502256548326e-04;6.043083633370503082e-05
1.000000000000000000e+04;8.510060470234112290e+04;2.498698259014858758e-04;-8.476268823638250232e-05
1.000000000000000000e+04;8.510219253964474774e+04;2.482133273086818432e-04;-8.932730076986592936e-05
1.000000000000000000e+04;8.514955592767575581e+04;1.590920254519464052e-04;-2.078554058189270549e-04
1.000000000000000000e+04;8.515114390486713091e+04;1.551248734465862991e-04;-2.107354312133834489e-04
1.000000000000000000e+04;8.519850677285876009e+04;2.107302732639769542e-05;-2.611919121083700339e-04
1.000000000000000000e+04;8.520009497529735381e+04;1.610717483996688262e-05;-2.614136907884802362e-04
1.000000000000000000e+04;8.524745752340430045e+04;-1.270837803713003244e-04;-2.312954641659719485e-04
1.000000000000000000e+04;8.524904576247349905e+04;-1.312646090142352779e-04;-2.287816959284161625e-04
1.000000000000000000e+04;8.529640861073885753e+04;-2.335444187899855177e-04;-1.227392693868407610e-04
1.000000000000000000e+04;8.529799671961630520e+04;-2.357175202440338401e-04;-1.183574584324098366e-04
1.000000000000000000e+04;8.534535998672095593e+04;-2.627528977928685798e-04;2.460778229765841877e-05
1.000000000000000000e+04;8.534694808914102032e+04;-2.621744768270769556e-04;2.949690821066955620e-05
1.000000000000000000e+04;8.539431117233786790e+04;-2.040041925609713800e-04;1.644498643368695167e-04
1.000000000000000000e+04;8.539589950871659676e+04;-2.008605155987070649e-04;1.681676107758456080e-04
1.000000000000000000e+04;8.544326195269967138e+04;-8.096982411743060563e-05;2.500640847098492526e-04
1.000000000000000000e+04;8.544485048834361078e+04;-7.614743719567439910e-05;2.514816917186451584e-04
1.000000000000000000e+04;8.549221270936775545e+04;7.019936070269385204e-05;2.527797046831342870e-04
1.000000000000000000e+04;8.549380110471142689e+04;7.480588855488041664e-05;2.512732562314474007e-04
1.000000000000000000e+04;8.554116387048893375e+04;1.999075139956122218e-04;1.735397240510965378e-04
1.000000000000000000e+04;8.554275189376241178e+04;2.030969263400776649e-04;1.697722810992103963e-04
1.000000000000000000e+04;8.559011518845501996e+04;2.611086993425775762e-04;3.428470845981158719e-05
1.000000000000000000e+04;8.559170308267706423e+04;2.615965154609036229e-04;2.939764962481337439e-05
1.000000000000000000e+04;8.563906631256850960e+04;2.374904348875959373e-04;-1.144023367393107046e-04
1.000000000000000000e+04;8.564065431388778961e+04;2.353058317062597146e-04;-1.187924709987493445e-04
1.000000000000000000e+04;8.568801719990940182e+04;1.341962555797575536e-04;-2.256877916410557914e-04
1.000000000000000000e+04;8.568960531220625853e+04;1.298328561715918206e-04;-2.281237906908499503e-04
1.000000000000000000e+04;8.573696814078312309e+04;-1.145455416845660768e-05;-2.626371312214313713e-04
1.000000000000000000e+04;8.573855623892448784e+04;-1.636130905570271958e-05;-2.622312758935802565e-04
1.000000000000000000e+04;8.578591924007804482e+04;-1.558402270856152033e-04;-2.135036665049716348e-04
1.000000000000000000e+04;8.578750731128513871e+04;-1.597436012890951257e-04;-2.105140377088204927e-04
1.000000000000000000e+04;8.583487036121069104e+04;-2.473636994356050384e-04;-9.008343489091825127e-05
1.000000000000000000e+04;8.583645847715895798e+04;-2.489466761370226705e-04;-8.546856936335073957e-05
1.000000000000000000e+04;8.588382139077453758e+04;-2.563126745244864724e-04;5.938518959015843407e-05
1.000000000000000000e+04;8.588540954940578376e+04;-2.551262679476671430e-04;6.428893383303394969e-05
1.000000000000000000e+04;8.593277248263757792e+04;-1.799455434195465161e-04;1.905295183336466389e-04
1.000000000000000000e+04;8.593436070959712379e+04;-1.762309879548012320e-04;1.937007248292852617e-04
1.000000000000000000e+04;8.598172357131753233e+04;-4.480541064709900952e-05;2.606859527212757066e-04
1.000000000000000000e+04;8.598331195763894357e+04;-3.987138674576581567e-05;2.614740090090096137e-04
1.000000000000000000e+04;8.603067452048533596e+04;1.064915116271160470e-04;2.402037156215674335e-04
1.000000000000000000e+04;8.603226309658084938e+04;1.108935698217102943e-04;2.380712152784724214e-04
1.000000000000000000e+04;8.607962539109376667e+04;2.237988433207299406e-04;1.409976168787532846e-04
1.000000000000000000e+04;8.608121391009082436e+04;2.264064288587823762e-04;1.368135196425131889e-04
1.000000000000000000e+04;8.612857650634722086e+04;2.629166910295229658e-04;-3.780482590090442161e-06
1.000000000000000000e+04;8.613016489148599794e+04;2.627414666556247705e-04;-8.833153498146127647e-06
1.000000000000000000e+04;8.617752774170208431e+04;2.173656581799607453e-04;-1.489380047598041123e-04
1.000000000000000000e+04;8.617911616232318920e+04;2.144099401652748013e-04;-1.528399531838001645e-04
1.000000000000000000e+04;8.622647879865545838e+04;9.883357513063637369e-05;-2.449949868916605211e-04
1.000000000000000000e+04;8.622806746343868144e+04;9.416567012936213443e-05;-2.467796804898474443e-04
1.000000000000000000e+04;8.627542952854439500e+04;-5.449642377725915553e-05;-2.569621691571136743e-04
1.000000000000000000e+04;8.627701833507831907e+04;-5.923559638468634361e-05;-2.558202098621864128e-04
1.000000000000000000e+04;8.632438053677667631e+04;-1.887383756447256740e-04;-1.830677124789387221e-04
1.000000000000000000e+04;8.632596892778437177e+04;-1.922292385632491034e-04;-1.794528587830479050e-04
1.000000000000000000e+04;8.637333178480752395e+04;-2.577064855878118924e-04;-4.931770484641632225e-05
1.000000000000000000e+04;8.637491981589142233e+04;-2.584720164244112980e-04;-4.442116292439902937e-05
1.000000000000000000e+04;8.642228311815191410e+04;-2.436650028984130149e-04;1.032358587524870319e-04
1.000000000000000000e+04;8.642387107489697519e+04;-2.416024525932223622e-04;1.078074496769299625e-04
1.000000000000000000e+04;8.647123414891227731e+04;-1.455804211978120328e-04;2.198839994235882221e-04
1.000000000000000000e+04;8.647282231546890398e+04;-1.413789102075152895e-04;2.224057646425980548e-04
1.000000000000000000e+04;8.652018486338290677e+04;2.515308940080137901e-06;2.649393148310097922e-04
1.000000000000000000e+04;8.652177308789746894e+04;7.465577429984062029e-06;2.649054248489539354e-04
1.000000000000000000e+04;8.656913580026815180e+04;1.462951059161301224e-04;2.163976973110275320e-04
1.000000000000000000e+04;8.657072391694155522e+04;1.504337838582356726e-04;2.134592791443267574e-04
1.000000000000000000e+04;8.661808707468021021e+04;2.441109029846412351e-04;1.005067485111355767e-04
1.000000000000000000e+04;8.661967511296062730e+04;2.457562045265931677e-04;9.587815895905972042e-05
1.000000000000000000e+04;8.666703835081926081e+04;2.588604207575104016e-04;-5.370777138718061858e-05
1.000000000000000000e+04;8.666862655494062346e+04;2.578236484356742565e-04;-5.858710391954869323e-05
1.000000000000000000e+04;8.671598927754283068e+04;1.836560361153955910e-04;-1.872353496704271946e-04
1.000000000000000000e+04;8.671757777565832657e+04;1.799994859269365695e-04;-1.905503486507978178e-04
1.000000000000000000e+04;8.676493999209762842e+04;4.930664087407872546e-05;-2.602548241873393810e-04
1.000000000000000000e+04;8.676652856723066361e+04;4.435470543008895232e-05;-2.611363221936296606e-04
1.000000000000000000e+04;8.681389090997919266e+04;-1.025730946531028286e-04;-2.414697670226729576e-04
1.000000000000000000e+04;8.681547923717912636e+04;-1.071013950238580015e-04;-2.393897502415284154e-04
1.000000000000000000e+04;8.686284221935532696e+04;-2.223419117001157973e-04;-1.452591824256315529e-04
1.000000000000000000e+04;8.686443028788908850e+04;-2.249046742926043101e-04;-1.409633035057141848e-04
1.000000000000000000e+04;8.691179356883367291e+04;-2.640398786949244231e-04;3.060369697653221684e-06
1.000000000000000000e+04;8.691338168333708018e+04;-2.639442675340680929e-04;7.965218288504241937e-06
1.000000000000000000e+04;8.696074460966556217e+04;-2.164645827285592604e-04;1.484283656922437216e-04
1.000000000000000000e+04;8.696233301989095344e+04;-2.134601259503934043e-04;1.525537071363557249e-04
1.000000000000000000e+04;8.700969529058337503e+04;-9.837635153117701905e-05;2.443606083778494527e-04
1.000000000000000000e+04;8.701128394142031902e+04;-9.368560305173719038e-05;2.459744852562301500e-04
1.000000000000000000e+04;8.705864617533619457e+04;5.660642336252598509e-05;2.563124108349077281e-04
1.000000000000000000e+04;8.706023452934951638e+04;6.142684642506114861e-05;2.552242048876991135e-04
1.000000000000000000e+04;8.710759736827304005e+04;1.906052632135182780e-04;1.807340052304326451e-04
1.000000000000000000e+04;8.710918541551761155e+04;1.939833225236162694e-04;1.769368455079802405e-04
1.000000000000000000e+04;8.715654877494749962e+04;2.589175292957669934e-04;4.402990515372961935e-05
1.000000000000000000e+04;8.715813671781227458e+04;2.596485245081901544e-04;3.916706398007247382e-05
1.000000000000000000e+04;8.720549994735272776e+04;2.409269185161621132e-04;-1.074345801314282223e-04
1.000000000000000000e+04;8.720708811317238724e+04;2.387179537220667327e-04;-1.120792259557640638e-04
1.000000000000000000e+04;8.725445070158987073e+04;1.390173656527572731e-04;-2.231457670069501192e-04
1.000000000000000000e+04;8.725603913416471914e+04;1.347400256349622256e-04;-2.255578536317370559e-04
1.000000000000000000e+04;8.730340153083874611e+04;-9.736487390250820085e-06;-2.626282182755858047e-04
1.000000000000000000e+04;8.730498973807659058e+04;-1.476707644754365480e-05;-2.624177365942437484e-04
1.000000000000000000e+04;8.735235265856911428e+04;-1.553316338079435005e-04;-2.107471985918330621e-04
1.000000000000000000e+04;8.735394061075012723e+04;-1.592948728307231536e-04;-2.077011431342238972e-04
1.000000000000000000e+04;8.740130400946429290e+04;-2.466216723921348998e-04;-8.755333113891532670e-05
1.000000000000000000e+04;8.740289186271632207e+04;-2.481965670285607222e-04;-8.276364567620875462e-05
1.000000000000000000e+04;8.745025517022637359e+04;-2.571952039185497365e-04;6.423253003310482663e-05
1.000000000000000000e+04;8.745184315212281945e+04;-2.558252020036111017e-04;6.906492276504251973e-05
1.000000000000000000e+04;8.749920604713616194e+04;-1.732918194922710581e-04;1.973036471078576598e-04
1.000000000000000000e+04;8.750079417481613928e+04;-1.695368554665684037e-04;2.005396252655897507e-04
1.000000000000000000e+04;8.754815691345160303e+04;-3.645379994409644197e-05;2.605663576894118880e-04
1.000000000000000000e+04;8.754974503892818757e+04;-3.137249795460145935e-05;2.611293756398913981e-04
1.000000000000000000e+04;8.759710797010062379e+04;1.177654644800163469e-04;2.351228619504238944e-04
1.000000000000000000e+04;8.759869601173877891e+04;1.221493433363261111e-04;2.328692686512352599e-04
1.000000000000000000e+04;8.764605913213500753e+04;2.284526296116941616e-04;1.283260250356857684e-04
1.000000000000000000e+04;8.764764714481009287e+04;2.308252917598388227e-04;1.238032754713994283e-04
1.000000000000000000e+04;8.769501025723754719e+04;2.651614420820492223e-04;-2.065867183317451238e-05
1.000000000000000000e+04;8.769659831793418562e+04;2.646285500328569764e-04;-2.556904765020928761e-05
1.000000000000000000e+04;8.774396129528617894e+04;2.039319813265898088e-04;-1.657382453220194985e-04
1.000000000000000000e+04;8.774554941487658652e+04;2.007417192405777076e-04;-1.696392513263518130e-04
1.000000000000000000e+04;8.779291233204677701e+04;8.048267033686115320e-05;-2.510587468996388922e-04
1.000000000000000000e+04;8.779450049742517876e+04;7.555135982967568114e-05;-2.524094187925320001e-04
1.000000000000000000e+04;8.784186337147714221e+04;-7.664839829392430608e-05;-2.522303383657109816e-04
1.000000000000000000e+04;8.784345158786259708e+04;-8.135412898349453326e-05;-2.506782710887433055e-04
1.000000000000000000e+04;8.789081433925898455e+04;-2.040438863705371325e-04;-1.644978466383681035e-04
1.000000000000000000e+04;8.789240255990823789e+04;-2.071366985993871234e-04;-1.605256479976392291e-04
1.000000000000000000e+04;8.793976531513668306e+04;-2.624263265242408709e-04;-2.132688164962030650e-05
1.000000000000000000e+04;8.794135344942925440e+04;-2.627195920235816506e-04;-1.629130800272336296e-05
1.000000000000000000e+04;8.798871648698266654e+04;-2.288194699425285280e-04;1.293625620441208788e-04
1.000000000000000000e+04;8.799030449392790615e+04;-2.262257663632504575e-04;1.336785873377534684e-04
1.000000000000000000e+04;8.803766771266242722e+04;-1.174948205260957821e-04;2.362894749551387632e-04
1.000000000000000000e+04;8.803925575915859372e+04;-1.129140503027515848e-04;2.384280784411256938e-04
1.000000000000000000e+04;8.808661871111352229e+04;3.575301403008341835e-05;2.609463623359222439e-04
1.000000000000000000e+04;8.808820693304839369e+04;4.072615039236680959e-05;2.601257286458762683e-04
1.000000000000000000e+04;8.813556950701547612e+04;1.760850675759826841e-04;1.951097613097866744e-04
1.000000000000000000e+04;8.813715777523208817e+04;1.797791412821732175e-04;1.917243514064033752e-04
1.000000000000000000e+04;8.818452045162758441e+04;2.548584252395703410e-04;6.188539001593592345e-05
1.000000000000000000e+04;8.818610850349169050e+04;2.559175696515892284e-04;5.688904228288424919e-05
1.000000000000000000e+04;8.823347174059000099e+04;2.473444307279114361e-04;-9.228401781143024079e-05
1.000000000000000000e+04;8.823505960295506520e+04;2.454758480655900741e-04;-9.688607885624253362e-05
1.000000000000000000e+04;8.828242301915242570e+04;1.500675848479055767e-04;-2.160537946522754461e-04
1.000000000000000000e+04;8.828401094153126178e+04;1.459025553527251782e-04;-2.189165126926861731e-04
1.000000000000000000e+04;8.833137395079825365e+04;4.449479682795144676e-06;-2.629251860960305745e-04
1.000000000000000000e+04;8.833296206708147656e+04;-6.465493484746424756e-07;-2.628659375544636283e-04
1.000000000000000000e+04;8.838032470522595395e+04;-1.454211564587702178e-04;-2.210982818225269069e-04
1.000000000000000000e+04;8.838191286148935615e+04;-1.495514840787344729e-04;-2.182230782858008572e-04
1.000000000000000000e+04;8.842927570863676374e+04;-2.448553748607826459e-04;-1.005519351173919743e-04
1.000000000000000000e+04;8.843086369616500451e+04;-2.466535174830053381e-04;-9.586530360046722642e-05
1.000000000000000000e+04;8.847822701451531611e+04;-2.582644428482901221e-04;5.412801595147347355e-05
1.000000000000000000e+04;8.847981487138317607e+04;-2.571612031521609463e-04;5.905254426919613511e-05
1.000000000000000000e+04;8.852717824920333805e+04;-1.824584709017177189e-04;1.891728397509987022e-04
1.000000000000000000e+04;8.852876619328442030e+04;-1.786971838681376888e-04;1.925767317551547010e-04
1.000000000000000000e+04;8.857612916772085009e+04;-4.333874932154515154e-05;2.595838423820904313e-04
1.000000000000000000e+04;8.857771728611571598e+04;-3.834859299043817871e-05;2.602792002391081513e-04
1.000000000000000000e+04;8.862507997691434866e+04;1.110488125803771423e-04;2.390718394300238791e-04
1.000000000000000000e+04;8.862666812809056137e+04;1.155735247844233952e-04;2.368051727679084664e-04
1.000000000000000000e+04;8.867403100736738998e+04;2.278126921468366238e-04;1.343974235730590000e-04
1.000000000000000000e+04;8.867561904751243128e+04;2.303033337425890734e-04;1.300439802879468877e-04
1.000000000000000000e+04;8.872298226109243114e+04;2.622098203301134181e-04;-1.564523721713437029e-05
1.000000000000000000e+04;8.872457025367037568e+04;2.617833077520298306e-04;-2.079415111166266363e-05
1.000000000000000000e+04;8.877193344462064852e+04;2.103541100383668450e-04;-1.602584572113745101e-04
1.000000000000000000e+04;8.877352157723224082e+04;2.070942306910520151e-04;-1.640925681152767871e-04
1.000000000000000000e+04;8.882088435200562526e+04;7.879174923245136069e-05;-2.508989946790577026e-04
1.000000000000000000e+04;8.882247268903336953e+04;7.402475263521640593e-05;-2.523422414577070364e-04
1.000000000000000000e+04;8.886983511416800320e+04;-7.511905617156525302e-05;-2.501776875045319559e-04
1.000000000000000000e+04;8.887142343614938727e+04;-8.002324094992509468e-05;-2.486195443300265816e-04
1.000000000000000000e+04;8.891878624502298771e+04;-2.044545295898274676e-04;-1.641979551691622027e-04
1.000000000000000000e+04;8.892037432710942812e+04;-2.075113161011407181e-04;-1.601402578890471346e-04
1.000000000000000000e+04;8.896773748972287285e+04;-2.622141331900638842e-04;-2.082517800842061703e-05
1.000000000000000000e+04;8.896932542427830049e+04;-2.624537866804409528e-04;-1.572353946162227296e-05
1.000000000000000000e+04;8.901668866949688527e+04;-2.292263987662624867e-04;1.314646784894779802e-04
1.000000000000000000e+04;8.901827664331311826e+04;-2.265927650104518386e-04;1.357586752167858958e-04
1.000000000000000000e+04;8.906563961712982564e+04;-1.116990493357587067e-04;2.368605446761001810e-04
1.000000000000000000e+04;8.906722770440697786e+04;-1.071381032364442852e-04;2.389628852955083765e-04
1.000000000000000000e+04;8.911459049253330159e+04;4.046641771404721179e-05;2.582602856163164701e-04
1.000000000000000000e+04;8.911617858469119528e+04;4.557821358862020246e-05;2.573954098333133345e-04
1.000000000000000000e+04;8.916354154130343522e+04;1.798260198634757281e-04;1.905483278427319853e-04
1.000000000000000000e+04;8.916512952724088973e+04;1.833689664735495706e-04;1.868884095975219869e-04
1.000000000000000000e+04;8.921249274425157637e+04;2.581849297559538200e-04;5.547098731735513309e-05
1.000000000000000000e+04;8.921408066874642100e+04;2.591324565015755530e-04;5.053927876245751952e-05
1.000000000000000000e+04;8.926144387878784619e+04;2.430790181240839883e-04;-1.003559496395992810e-04
1.000000000000000000e+04;8.926303186261572409e+04;2.410547762840968317e-04;-1.050616663717328613e-04
1.000000000000000000e+04;8.931039485456694092e+04;1.436059117234186227e-04;-2.188910013757306133e-04
1.000000000000000000e+04;8.931198292913706973e+04;1.392970561506078498e-04;-2.215418762800649337e-04
1.000000000000000000e+04;8.935934579783845402e+04;-6.500467706544812668e-06;-2.625735414322837133e-04
1.000000000000000000e+04;8.936093389641682734e+04;-1.160248501990187775e-05;-2.623534552655246068e-04
1.000000000000000000e+04;8.940829682953699376e+04;-1.543199088953046516e-04;-2.124959774301920319e-04
1.000000000000000000e+04;8.940988490170844307e+04;-1.583630120219985105e-04;-2.093832778887124184e-04
1.000000000000000000e+04;8.945724792498107126e+04;-2.477593185984368145e-04;-8.822121563711072818e-05
1.000000000000000000e+04;8.945883598487885320e+04;-2.493424058961830913e-04;-8.342268524460742373e-05
1.000000000000000000e+04;8.950619901047968597e+04;-2.552601323099535128e-04;6.724033208724539796e-05
1.000000000000000000e+04;8.950778708508619457e+04;-2.538124850568416590e-04;7.218372168801976600e-05
1.000000000000000000e+04;8.955515007442377100e+04;-1.713305725792202579e-04;1.986450428532421744e-04
1.000000000000000000e+04;8.955673816875412012e+04;-1.674091001778813534e-04;2.018072921952165910e-04
1.000000000000000000e+04;8.960410112353725708e+04;-2.745021436755663396e-05;2.613795837001680125e-04
1.000000000000000000e+04;8.960568924018360849e+04;-2.238902487911086179e-05;2.617839645815077366e-04
1.000000000000000000e+04;8.965305214421574783e+04;1.258063714488831617e-04;2.302882571544465149e-04
1.000000000000000000e+04;8.965464029099405161e+04;1.302619494773913820e-04;2.277723356568224868e-04
1.000000000000000000e+04;8.970200315842420969e+04;2.335710580157728943e-04;1.183726696984004789e-04
1.000000000000000000e+04;8.970359129742455843e+04;2.356959244818961053e-04;1.137265932868515198e-04
1.000000000000000000e+04;8.975095420966370148e+04;2.623919816987556547e-04;-3.394489157055281749e-05
1.000000000000000000e+04;8.975254232923976087e+04;2.615897390244523711e-04;-3.897416452896506738e-05
1.000000000000000000e+04;8.979990531843109056e+04;1.939489204280703163e-04;-1.765755546167520698e-04
1.000000000000000000e+04;8.980149345357842685e+04;1.904411528727811538e-04;-1.802194066774479464e-04
1.000000000000000000e+04;8.984885643508675275e+04;6.011144901926990724e-05;-2.555005993673997635e-04
1.000000000000000000e+04;8.985044467105525837e+04;5.510368245982924675e-05;-2.565268675817741935e-04
1.000000000000000000e+04;8.989780750149118830e+04;-9.598292523924816314e-05;-2.444449992053049966e-04
1.000000000000000000e+04;8.989939593222773692e+04;-1.006746834836815360e-04;-2.424824272366606277e-04
1.000000000000000000e+04;8.994675844917711220e+04;-2.184102973988398934e-04;-1.457405558227911103e-04
1.000000000000000000e+04;8.994834709092968842e+04;-2.211220598153896492e-04;-1.413911873029476086e-04
1.000000000000000000e+04;8.999570924814492173e+04;-2.627910920881455521e-04;1.422411201208246444e-06
1.000000000000000000e+04;8.999729788856448431e+04;-2.626162414802694499e-04;6.518130481003025005e-06
1.000000000000000000e+04;9.004466040705815249e+04;-2.149759419760891791e-04;1.520591939493217066e-04
1.000000000000000000e+04;9.004624871771043399e+04;-2.118816967818336469e-04;1.560990542231700730e-04
1.000000000000000000e+04;9.009361159606091678e+04;-9.011306917868392254e-05;2.457283205471885810e-04
1.000000000000000000e+04;9.009519966806468437e+04;-8.529329196345338470e-05;2.473659864701017726e-04
1.000000000000000000e+04;9.014256272081413772e+04;6.568047536324217223e-05;2.540614029173239412e-04
1.000000000000000000e+04;9.014415075103515119e+04;7.057114292044377579e-05;2.526305657258985258e-04
1.000000000000000000e+04;9.019151369233534206e+04;1.994875754816129480e-04;1.700749383380238840e-04
1.000000000000000000e+04;9.019310178031685064e+04;2.027309365982712486e-04;1.661240649991817340e-04
1.000000000000000000e+04;9.024046466601097200e+04;2.600134536913132699e-04;2.930504888904950780e-05
1.000000000000000000e+04;9.024205271500769595e+04;2.604034485879525712e-04;2.417874640464041073e-05
1.000000000000000000e+04;9.028941574462992139e+04;2.315751225965407526e-04;-1.261364707958144156e-04
1.000000000000000000e+04;9.029100373801091337e+04;2.289858470055971878e-04;-1.304719997368078020e-04
1.000000000000000000e+04;9.033836687306709064e+04;1.175423440543146408e-04;-2.338053511368975144e-04
1.000000000000000000e+04;9.033995486668789817e+04;1.129555129703340620e-04;-2.360074222638255687e-04
1.000000000000000000e+04;9.038731792980259343e+04;-3.607201790284826062e-05;-2.602502801324085456e-04
1.000000000000000000e+04;9.038890598787093768e+04;-4.112482292858089165e-05;-2.593797414510890680e-04
1.000000000000000000e+04;9.043626892862989916e+04;-1.781858203081327296e-04;-1.923238729311142151e-04
1.000000000000000000e+04;9.043785702969973499e+04;-1.818176010182064191e-04;-1.887764065362591479e-04
1.000000000000000000e+04;9.048521996815573948e+04;-2.561611248527105567e-04;-5.842606114796666718e-05
1.000000000000000000e+04;9.048680809293487982e+04;-2.571791597245867591e-04;-5.340528213489260489e-05
1.000000000000000000e+04;9.053417105602439551e+04;-2.429038253237988747e-04;9.859781727630970258e-05
1.000000000000000000e+04;9.053575922161825292e+04;-2.407990705212895556e-04;1.032480485652425238e-04
1.000000000000000000e+04;9.058312212272697070e+04;-1.451474431372951806e-04;2.187577793130001790e-04
1.000000000000000000e+04;9.058471036411992100e+04;-1.408252401718615052e-04;2.214273872694585868e-04
1.000000000000000000e+04;9.063207312000197999e+04;7.187693917932031516e-06;2.624608913498105347e-04
1.000000000000000000e+04;9.063366140959535551e+04;1.228424564438173746e-05;2.621797601381934090e-04
1.000000000000000000e+04;9.068102410815648909e+04;1.548385150558984275e-04;2.112101762436570168e-04
1.000000000000000000e+04;9.068261233637384430e+04;1.588517814965437485e-04;2.080741363241371327e-04
1.000000000000000000e+04;9.072997519612309407e+04;2.473321839658111816e-04;8.576317224787995261e-05
1.000000000000000000e+04;9.073156330344964226e+04;2.489389903176324583e-04;8.092428625927539814e-05
1.000000000000000000e+04;9.077892631814713241e+04;2.516630034706272747e-04;-7.055945842322952535e-05
1.000000000000000000e+04;9.078051441239083942e+04;2.500362151532073461e-04;-7.547104315463611080e-05
1.000000000000000000e+04;9.082787733998478507e+04;1.681424930861083792e-04;-2.019295951130228774e-04
1.000000000000000000e+04;9.082946551079844357e+04;1.641845816015266221e-04;-2.050028992555985607e-04
1.000000000000000000e+04;9.087682833085990569e+04;2.063076728644325491e-05;-2.615839932376007467e-04
1.000000000000000000e+04;9.087841647932362685e+04;1.553856505392334886e-05;-2.618919588972982515e-04
1.000000000000000000e+04;9.092577945374709088e+04;-1.314940691509441245e-04;-2.269643967061472792e-04
1.000000000000000000e+04;9.092736759892416012e+04;-1.358628603845772446e-04;-2.243035888127471462e-04
1.000000000000000000e+04;9.097473065254226094e+04;-2.361612165123340803e-04;-1.118243004589514390e-04
1.000000000000000000e+04;9.097631893380505790e+04;-2.382365378571537132e-04;-1.071541345573454474e-04
1.000000000000000000e+04;9.102368166397801542e+04;-2.593212248169940340e-04;4.278727841231216161e-05
1.000000000000000000e+04;9.102527021191851236e+04;-2.582941868327381409e-04;4.777353923185955441e-05
1.000000000000000000e+04;9.107263246302749030e+04;-1.873352848630905352e-04;1.838502611133581183e-04
1.000000000000000000e+04;9.107422115739792935e+04;-1.837009390204803706e-04;1.873767156345486665e-04
1.000000000000000000e+04;9.112158352364125312e+04;-4.974118485215649400e-05;2.577868916114266998e-04
1.000000000000000000e+04;9.112317209918249864e+04;-4.473937851182165781e-05;2.585969010356828487e-04
1.000000000000000000e+04;9.117053477467050834e+04;1.075078988896042970e-04;2.409375286608863220e-04
1.000000000000000000e+04;9.117212332997351768e+04;1.121441381680695986e-04;2.387813414196714005e-04
1.000000000000000000e+04;9.121948601400216285e+04;2.234832623280982237e-04;1.371322960475825135e-04
1.000000000000000000e+04;9.122107478898082627e+04;2.260078262815474353e-04;1.326724892387654052e-04
1.000000000000000000e+04;9.126843687616228999e+04;2.625521004035699961e-04;-1.422493049303390793e-05
1.000000000000000000e+04;9.127002594179158041e+04;2.621198979811341693e-04;-1.922440209761145402e-05
1.000000000000000000e+04;9.131738752089098853e+04;2.064350504915329497e-04;-1.623925979798323985e-04
1.000000000000000000e+04;9.131897655909592868e+04;2.031266344264043484e-04;-1.663449704069265458e-04
1.000000000000000000e+04;9.136633868249192892e+04;7.710900296146074430e-05;-2.496671765010580928e-04
1.000000000000000000e+04;9.136792737300827866e+04;7.227341707484349724e-05;-2.509501900414061156e-04
1.000000000000000000e+04;9.141528992237777857e+04;-8.083606241419747762e-05;-2.509994604890041468e-04
1.000000000000000000e+04;9.141687847466113453e+04;-8.568466850124539617e-05;-2.493115464121725602e-04
1.000000000000000000e+04;9.146424100557412021e+04;-2.082851669719257086e-04;-1.591695307244478624e-04
1.000000000000000000e+04;9.146582968288721167e+04;-2.112560860953421437e-04;-1.550571591213332730e-04
1.000000000000000000e+04;9.151319185590129928e+04;-2.613510427140503943e-04;-1.277087424791934273e-05
1.000000000000000000e+04;9.151478054685924144e+04;-2.614167840196318150e-04;-7.675410095193708083e-06
1.000000000000000000e+04;9.156214284870932170e+04;-2.231710946546953045e-04;1.398102779975701456e-04
1.000000000000000000e+04;9.156373128424317110e+04;-2.203378878638098182e-04;1.439927048348023798e-04
1.000000000000000000e+04;9.161109411564056063e+04;-1.011907731802898783e-04;2.410354117722492855e-04
1.000000000000000000e+04;9.161268232183567306e+04;-9.644808703995088510e-05;2.428774493890196616e-04
1.000000000000000000e+04;9.166004521398167708e+04;5.275284986475072322e-05;2.582715981176670695e-04
1.000000000000000000e+04;9.166163345094706165e+04;5.770062889435284033e-05;2.570087404384734770e-04
1.000000000000000000e+04;9.170899611639438081e+04;1.913504305863369199e-04;1.805619871492539761e-04
1.000000000000000000e+04;9.171058437416816014e+04;1.947518063639818592e-04;1.768673603826323589e-04
1.000000000000000000e+04;9.175794719477651233e+04;2.581866108448473444e-04;3.986635403876589518e-05
1.000000000000000000e+04;9.175953526073659305e+04;2.587596131710897564e-04;3.469968603724720747e-05
1.000000000000000000e+04;9.180689833527403243e+04;2.348371018353608377e-04;-1.142326303137146610e-04
1.000000000000000000e+04;9.180848632040196389e+04;2.325213338934018783e-04;-1.185853946273777087e-04
1.000000000000000000e+04;9.185584943085057603e+04;1.250560868759311079e-04;-2.292541676368339907e-04
1.000000000000000000e+04;9.185743748066652915e+04;1.204246276346865167e-04;-2.316417379203936945e-04
1.000000000000000000e+04;9.190480040061198815e+04;-2.620083005897740351e-05;-2.597716581193761651e-04
1.000000000000000000e+04;9.190638854288349103e+04;-3.118114488124584707e-05;-2.589903475790286680e-04
1.000000000000000000e+04;9.195375137577240821e+04;-1.721134070939551411e-04;-1.990960635612367649e-04
1.000000000000000000e+04;9.195533955287227582e+04;-1.758920284761507748e-04;-1.957317427382985044e-04
1.000000000000000000e+04;9.200270242636353942e+04;-2.528091938151624308e-04;-6.399409524529680866e-05
1.000000000000000000e+04;9.200429060634972120e+04;-2.539667169717474892e-04;-5.899413106192975988e-05
1.000000000000000000e+04;9.205165349404425069e+04;-2.428205511996812309e-04;8.970872276176385216e-05
1.000000000000000000e+04;9.205324165755246941e+04;-2.409067364443266506e-04;9.438536942654217137e-05
1.000000000000000000e+04;9.210060458155450760e+04;-1.483462834438397347e-04;2.161208249504575386e-04
1.000000000000000000e+04;9.210219268918246962e+04;-1.440295617133510167e-04;2.188675711493768747e-04
1.000000000000000000e+04;9.214955568971270986e+04;1.937186309794713471e-06;2.597497901848659814e-04
1.000000000000000000e+04;9.215114375440121512e+04;6.998787162855923862e-06;2.596036689746081456e-04
1.000000000000000000e+04;9.219850675783630868e+04;1.512292943520269497e-04;2.155614167917388631e-04
1.000000000000000000e+04;9.220009485228387348e+04;1.552832878098754166e-04;2.124491574278799752e-04
1.000000000000000000e+04;9.224745767469503335e+04;2.456192302201103171e-04;8.817497674829636602e-05
1.000000000000000000e+04;9.224904584554760368e+04;2.473422788134936731e-04;8.350066312025768947e-05
1.000000000000000000e+04;9.229640867641271325e+04;2.512231935857897223e-04;-6.562717732935363472e-05
1.000000000000000000e+04;9.229799688889321988e+04;2.496936658384520244e-04;-7.063703712178873769e-05
1.000000000000000000e+04;9.234535981323712622e+04;1.694559643638597873e-04;-2.002143794994859993e-04
1.000000000000000000e+04;9.234694816934180562e+04;1.655723003569771706e-04;-2.032228853214487199e-04
1.000000000000000000e+04;9.239431093411693291e+04;2.363173434363748801e-05;-2.593111747764365667e-04
1.000000000000000000e+04;9.239589967185985006e+04;1.848396885696328745e-05;-2.598046456416608298e-04
1.000000000000000000e+04;9.244326185518420243e+04;-1.279225941164563755e-04;-2.286404519399564122e-04
1.000000000000000000e+04;9.244485113942580938e+04;-1.322225713103231148e-04;-2.258660539309649139e-04
1.000000000000000000e+04;9.249221251860630582e+04;-2.358716980186922093e-04;-1.136874549320005700e-04
1.000000000000000000e+04;9.249380170367294340e+04;-2.380087272279741582e-04;-1.092331969830307061e-04
1.000000000000000000e+04;9.254116365552430216e+04;-2.576782063998957727e-04;4.161604407050758126e-05
1.000000000000000000e+04;9.254275238801265368e+04;-2.567240261259846803e-04;4.670796698115221970e-05
1.000000000000000000e+04;9.259011505591968307e+04;-1.869820148397286278e-04;1.812259657872900399e-04
1.000000000000000000e+04;9.259170348056436342e+04;-1.834048075524537756e-04;1.846535468940230240e-04
1.000000000000000000e+04;9.263906630224842229e+04;-5.035944061207318418e-05;2.569219326985823374e-04
1.000000000000000000e+04;9.264065476200857665e+04;-4.529519351547287807e-05;2.578691791835296477e-04
1.000000000000000000e+04;9.268801722882474132e+04;1.042212025451948128e-04;2.387326843724268022e-04
1.000000000000000000e+04;9.268960582439432619e+04;1.087973758881030959e-04;2.364875838918904728e-04
1.000000000000000000e+04;9.273696808835877164e+04;2.234777830442842821e-04;1.383555437331037070e-04
1.000000000000000000e+04;9.273855662148515694e+04;2.259664919366541976e-04;1.340053147724343838e-04
1.000000000000000000e+04;9.278591921572685533e+04;2.598750056686380456e-04;-1.599992938479072196e-05
1.000000000000000000e+04;9.278750752910450683e+04;2.595612888856040274e-04;-2.100469635529827444e-05
1.000000000000000000e+04;9.283487042797461618e+04;2.033383904912387742e-04;-1.602669129884803901e-04
1.000000000000000000e+04;9.283645870818902040e+04;2.000178040086418964e-04;-1.641779254602067026e-04
1.000000000000000000e+04;9.288382146177129471e+04;7.520343007152367320e-05;-2.497179782263945222e-04
1.000000000000000000e+04;9.288540982415449980e+04;7.037935337751263418e-05;-2.510557837886764052e-04
1.000000000000000000e+04;9.293277232231227390e+04;-8.116833039889461039e-05;-2.463232492822772270e-04
1.000000000000000000e+04;9.293436065550563217e+04;-8.600605687648681314e-05;-2.446453336693305957e-04
1.000000000000000000e+04;9.298172338857541035e+04;-2.086727619798577885e-04;-1.585784410829829758e-04
1.000000000000000000e+04;9.298331151281688653e+04;-2.115703683126381825e-04;-1.544221540307154079e-04
1.000000000000000000e+04;9.303067451244431140e+04;-2.611335746976193900e-04;-1.025387422623182327e-05
1.000000000000000000e+04;9.303226252506095625e+04;-2.612706751563399310e-04;-5.279852741077622559e-06
1.000000000000000000e+04;9.307962562619399978e+04;-2.199478637418954849e-04;1.409521053191801500e-04
1.000000000000000000e+04;9.308121366951559321e+04;-2.170971837636410213e-04;1.451589379424771261e-04
1.000000000000000000e+04;9.312857665736929630e+04;-1.004978025831497707e-04;2.396710848317542002e-04
1.000000000000000000e+04;9.313016477770435449e+04;-9.579664180665871094e-05;2.415489623846889342e-04
1.000000000000000000e+04;9.317752764714794466e+04;5.433041288869720054e-05;2.541666811444890164e-04
1.000000000000000000e+04;9.317911581898998702e+04;5.927259855861059204e-05;2.529156313966871993e-04
1.000000000000000000e+04;9.322647866728434747e+04;1.893664269743312195e-04;1.777856369005091587e-04
1.000000000000000000e+04;9.322806680987997970e+04;1.927280767087673511e-04;1.740231955947358668e-04
1.000000000000000000e+04;9.327542973768182856e+04;2.578326968970004419e-04;3.726034483234734755e-05
1.000000000000000000e+04;9.327701784317729471e+04;2.583595893842958145e-04;3.226764336512654216e-05
1.000000000000000000e+04;9.332438082526944345e+04;2.305592426977548504e-04;-1.187119610871080597e-04
1.000000000000000000e+04;9.332596892134356312e+04;2.282797413169000787e-04;-1.231214430633871017e-04
1.000000000000000000e+04;9.337333186544869386e+04;1.236205012366341336e-04;-2.268242171480475990e-04
1.000000000000000000e+04;9.337491998899266764e+04;1.190051687244340315e-04;-2.292242305153346980e-04
1.000000000000000000e+04;9.342228286585907335e+04;-2.997009330475137567e-05;-2.588539479589500761e-04
1.000000000000000000e+04;9.342387100531099713e+04;-3.490111844388171341e-05;-2.580312615268400976e-04
1.000000000000000000e+04;9.347123392360814614e+04;-1.707306688642967534e-04;-1.958124506697108205e-04
1.000000000000000000e+04;9.347282205233353307e+04;-1.745356905039502642e-04;-1.924851374726432385e-04
1.000000000000000000e+04;9.352018502698026714e+04;-2.531834618796694717e-04;-6.232776428496328085e-05
1.000000000000000000e+04;9.352177319573753630e+04;-2.541912322219947460e-04;-5.739656115571254542e-05
1.000000000000000000e+04;9.356913607240957208e+04;-2.415957712448838955e-04;9.276455048892128755e-05
1.000000000000000000e+04;9.357072435659583425e+04;-2.397707100877135536e-04;9.743132180806894464e-05
1.000000000000000000e+04;9.361808702154573984e+04;-1.470170810628121621e-04;2.137066808008742833e-04
1.000000000000000000e+04;9.361967531591076113e+04;-1.427275006895532578e-04;2.164414754799231719e-04
1.000000000000000000e+04;9.366703803599404637e+04;4.021852753860251332e-06;2.594101514603506208e-04
1.000000000000000000e+04;9.366862625307927374e+04;9.033405737377316481e-06;2.592231987568616039e-04
1.000000000000000000e+04;9.371598918450852216e+04;1.492426802667001264e-04;2.118511979270918863e-04
1.000000000000000000e+04;9.371757730875973357e+04;1.533069439253273859e-04;2.088425948371988019e-04
1.000000000000000000e+04;9.376494028733301093e+04;2.455449463159642756e-04;8.730193773750703995e-05
1.000000000000000000e+04;9.376652845524382428e+04;2.471139614814352441e-04;8.255851942747144433e-05
1.000000000000000000e+04;9.381389124798163539e+04;2.508844505681292938e-04;-6.667677025483870819e-05
1.000000000000000000e+04;9.381547950641054194e+04;2.494738439250506119e-04;-7.154892398713050088e-05
1.000000000000000000e+04;9.386284222154600138e+04;1.677207157992330647e-04;-1.982728651783501744e-04
1.000000000000000000e+04;9.386443038895972131e+04;1.638397530594494489e-04;-2.013704016960607239e-04
1.000000000000000000e+04;9.391179334192434908e+04;2.505675457951646060e-05;-2.575682314421507205e-04
1.000000000000000000e+04;9.391338138818839798e+04;1.994890145609971770e-05;-2.580023915880580551e-04
1.000000000000000000e+04;9.396074450896932103e+04;-1.262632336847367839e-04;-2.256640949740349703e-04
1.000000000000000000e+04;9.396233251821078011e+04;-1.305020466357703645e-04;-2.230100466181108958e-04
1.000000000000000000e+04;9.400969556437463325e+04;-2.334641641616886233e-04;-1.139996060869717117e-04
1.000000000000000000e+04;9.401128365099294751e+04;-2.356009303825470805e-04;-1.094869062182210169e-04
1.000000000000000000e+04;9.405864649892682792e+04;-2.563260570962300048e-04;4.126587278858311091e-05
1.000000000000000000e+04;9.406023462906146597e+04;-2.553874462141385413e-04;4.621046069586836230e-05
1.000000000000000000e+04;9.410759753260712023e+04;-1.862116788130670187e-04;1.774257895429070901e-04
1.000000000000000000e+04;9.410918566339529934e+04;-1.827121785114142500e-04;1.810152413498059996e-04
1.000000000000000000e+04;9.415654865609388798e+04;-5.269231426802714570e-05;2.532826889767932250e-04
1.000000000000000000e+04;9.415813683346960170e+04;-4.767632422973245405e-05;2.541597059040630172e-04
1.000000000000000000e+04;9.420549972207089013e+04;1.028867682934993130e-04;2.358447519379364230e-04
1.000000000000000000e+04;9.420708802463294705e+04;1.074077317071600688e-04;2.337458956751533679e-04
1.000000000000000000e+04;9.425445067301052040e+04;2.188752831941648356e-04;1.384422231030097133e-04
1.000000000000000000e+04;9.425603900577987952e+04;2.214495538104011300e-04;1.341169800863654330e-04
1.000000000000000000e+04;9.430340168078824354e+04;2.604063676132226048e-04;-1.513807685393790492e-05
1.000000000000000000e+04;9.430498996187455487e+04;2.600079504984729312e-04;-2.006570355052914018e-05
1.000000000000000000e+04;9.435235280032923038e+04;2.048059305571164044e-04;-1.565054848386908490e-04
1.000000000000000000e+04;9.435394102090428350e+04;2.017284408468551457e-04;-1.605095820421546847e-04
1.000000000000000000e+04;9.440130386566714151e+04;7.946557380023764282e-05;-2.465028984202026594e-04
1.000000000000000000e+04;9.440289211866479309e+04;7.462376298816331165e-05;-2.478707759702752553e-04
1.000000000000000000e+04;9.445025483766556135e+04;-7.504011065450166113e-05;-2.462906936269357023e-04
1.000000000000000000e+04;9.445184309688906069e+04;-7.980983993591953050e-05;-2.447356982894873163e-04
1.000000000000000000e+04;9.449920592540176585e+04;-2.027667450096932360e-04;-1.615304162288876263e-04
1.000000000000000000e+04;9.450079405786587449e+04;-2.057142183523529521e-04;-1.574941717814990123e-04
1.000000000000000000e+04;9.454815706649876665e+04;-2.594344925299498319e-04;-1.543120652367386956e-05
1.000000000000000000e+04;9.454974511776448344e+04;-2.596253212822095856e-04;-1.051123816969062251e-05
1.000000000000000000e+04;9.459710815791653295e+04;-2.217208420831401003e-04;1.331684357235282993e-04
1.000000000000000000e+04;9.459869623867135670e+04;-2.190718208340270139e-04;1.374716303404771741e-04
1.000000000000000000e+04;9.464605911994534836e+04;-1.063474033723888932e-04;2.329389151318714572e-04
1.000000000000000000e+04;9.464764722718574922e+04;-1.016934929262843071e-04;2.348715047329960615e-04
1.000000000000000000e+04;9.469501011408134946e+04;4.531388144853553106e-05;2.539589854581504494e-04
1.000000000000000000e+04;9.469659816249183496e+04;5.017461118769734685e-05;2.528664785959375402e-04
1.000000000000000000e+04;9.474396123156027170e+04;1.840643967615071715e-04;1.803557923841022249e-04
1.000000000000000000e+04;9.474554921289348567e+04;1.874750333096608461e-04;1.767900664770918906e-04
1.000000000000000000e+04;9.479291234351557796e+04;2.529919298540222756e-04;4.488060488761777485e-05
1.000000000000000000e+04;9.479450035838273470e+04;2.537347384686175077e-04;3.992169544884647956e-05
1.000000000000000000e+04;9.484186332645271614e+04;2.363140526147530774e-04;-1.074966207765420435e-04
1.000000000000000000e+04;9.484345143351276056e+04;2.341131707416435745e-04;-1.120201095107005717e-04
1.000000000000000000e+04;9.489081436162879982e+04;1.323470921499420266e-04;-2.196101661629817502e-04
1.000000000000000000e+04;9.489240246145636775e+04;1.279807407373878547e-04;-2.220332605487488969e-04
1.000000000000000000e+04;9.493976546282701020e+04;-1.616799317159340411e-05;-2.575526285978731113e-04
1.000000000000000000e+04;9.494135358939648722e+04;-2.109671091046052413e-05;-2.570875489326341300e-04
1.000000000000000000e+04;9.498871654676589242e+04;-1.600423300030618203e-04;-1.992544210048728909e-04
1.000000000000000000e+04;9.499030477119977877e+04;-1.639135134609281410e-04;-1.961099508236844647e-04
1.000000000000000000e+04;9.503766749683358648e+04;-2.447290286481360630e-04;-7.372470896241785322e-05
1.000000000000000000e+04;9.503925581191531091e+04;-2.459864663104924026e-04;-6.887179648073418878e-05
1.000000000000000000e+04;9.508661845217621885e+04;-2.459559619710047110e-04;7.860662252339870113e-05
1.000000000000000000e+04;9.508820672749647929e+04;-2.443166617275420753e-04;8.330984137980207763e-05
1.000000000000000000e+04;9.513556959947339783e+04;-1.560494526208650056e-04;2.046691763217389087e-04
1.000000000000000000e+04;9.513715776579100930e+04;-1.520440200477074684e-04;2.075579514317286815e-04
1.000000000000000000e+04;9.518452076524941367e+04;-1.249597299888766932e-05;2.558963953002401097e-04
1.000000000000000000e+04;9.518610898735836963e+04;-7.504903440162859568e-06;2.561003245971184348e-04
1.000000000000000000e+04;9.523347177738697792e+04;1.342614786050285683e-04;2.185510321172036603e-04
1.000000000000000000e+04;9.523506013484945288e+04;1.384459571292852320e-04;2.157989621776715316e-04
1.000000000000000000e+04;9.528242266739641491e+04;2.361605908108543568e-04;1.021185094285168135e-04
1.000000000000000000e+04;9.528401091634004842e+04;2.379912339445053478e-04;9.753959763179412550e-05
1.000000000000000000e+04;9.533137373479263624e+04;2.527398459307265434e-04;-4.720058821092177877e-05
1.000000000000000000e+04;9.533296178394839808e+04;2.517033741937347397e-04;-5.208897045540209392e-05
1.000000000000000000e+04;9.538032495695208490e+04;1.807623189309125785e-04;-1.835394802582824213e-04
1.000000000000000000e+04;9.538191291554470081e+04;1.771417644260718570e-04;-1.868785633902640155e-04
1.000000000000000000e+04;9.542927604519673332e+04;4.409034234552020455e-05;-2.514109066417396913e-04
1.000000000000000000e+04;9.543086409844235459e+04;3.917707434497505584e-05;-2.522054097602378139e-04
1.000000000000000000e+04;9.547822694139264058e+04;-1.062349714279880851e-04;-2.321210493618419885e-04
1.000000000000000000e+04;9.547981509685872879e+04;-1.106810232647784022e-04;-2.299529159287920499e-04
1.000000000000000000e+04;9.552717790055491787e+04;-2.203409596912970201e-04;-1.297196743638780354e-04
1.000000000000000000e+04;9.552876604240977031e+04;-2.227900163897297966e-04;-1.253687679271528260e-04
1.000000000000000000e+04;9.557612907973425172e+04;-2.561881971022162427e-04;1.589931569225682561e-05
1.000000000000000000e+04;9.557771719927663798e+04;-2.556972520904710446e-04;2.082802218401484288e-05
1.000000000000000000e+04;9.562508028172687045e+04;-2.018613131587747474e-04;1.597203131552599111e-04
1.000000000000000000e+04;9.562666851530235726e+04;-1.987468835652595291e-04;1.634946880033378441e-04
1.000000000000000000e+04;9.567403125429201464e+04;-7.530673374523260972e-05;2.443791698970434003e-04
1.000000000000000000e+04;9.567561965779450838e+04;-7.054374256642723052e-05;2.457759115693996057e-04
1.000000000000000000e+04;9.572298207200280740e+04;7.635803291070663375e-05;2.430036643510092816e-04
1.000000000000000000e+04;9.572457047878421145e+04;8.104097897418952512e-05;2.414310904172424727e-04
1.000000000000000000e+04;9.577193315673079633e+04;2.012952720894738254e-04;1.586284804462778002e-04
1.000000000000000000e+04;9.577352132742007961e+04;2.042485487900449559e-04;1.546059495664200295e-04
1.000000000000000000e+04;9.582088431259297067e+04;2.578781407891303132e-04;1.639080845389449126e-05
1.000000000000000000e+04;9.582247234880640463e+04;2.580023427821985819e-04;1.152511067055358680e-05
1.000000000000000000e+04;9.586983542923041387e+04;2.206916600376707235e-04;-1.310469290855155585e-04
1.000000000000000000e+04;9.587142348291155940e+04;2.181561670899330929e-04;-1.352613232702662600e-04
1.000000000000000000e+04;9.591878641836497991e+04;1.087955046034707067e-04;-2.307889672488148156e-04
1.000000000000000000e+04;9.592037451086983492e+04;1.041732835608788591e-04;-2.327591588096112934e-04
1.000000000000000000e+04;9.596773742692159431e+04;-4.080788526871806344e-05;-2.514075130127964557e-04
1.000000000000000000e+04;9.596932549160531198e+04;-4.557419055270900919e-05;-2.504270494128883382e-04
1.000000000000000000e+04;9.601668852907956170e+04;-1.778165737142140413e-04;-1.826194723500129658e-04
1.000000000000000000e+04;9.601827657569282746e+04;-1.812527804580344544e-04;-1.791325414927881954e-04
1.000000000000000000e+04;9.606563959347941272e+04;-2.497352358251540621e-04;-4.962525214452880089e-05
1.000000000000000000e+04;9.606722770352452062e+04;-2.505877433656151891e-04;-4.477047860055453264e-05
1.000000000000000000e+04;9.611459056112563121e+04;-2.346502053222154045e-04;9.965257358879215939e-05
1.000000000000000000e+04;9.611617872611209168e+04;-2.326186598675061780e-04;1.041379092001680300e-04
1.000000000000000000e+04;9.616354159027330752e+04;-1.381659378542420100e-04;2.151335525324201824e-04
1.000000000000000000e+04;9.616512974291908904e+04;-1.338792112613324534e-04;2.176797277671259150e-04
1.000000000000000000e+04;9.621249275096705242e+04;7.126200394013563544e-06;2.548167654518558112e-04
1.000000000000000000e+04;9.621408093130598718e+04;1.193502486609663912e-05;2.545470372366780837e-04
1.000000000000000000e+04;9.626144385321585287e+04;1.515074904087026857e-04;2.052568592337936679e-04
1.000000000000000000e+04;9.626303220674859767e+04;1.554598893968821413e-04;2.022672808502764998e-04
1.000000000000000000e+04;9.631039474738162244e+04;2.390332882456060268e-04;8.552888013111519005e-05
1.000000000000000000e+04;9.631198328652212513e+04;2.405277247302385591e-04;8.084903352094910303e-05
1.000000000000000000e+04;9.635934555117433774e+04;2.473245967483048971e-04;-6.555279387596650966e-05
1.000000000000000000e+04;9.636093399546772707e+04;2.459149077678201320e-04;-7.020325687727065349e-05
1.000000000000000000e+04;9.640829674752295250e+04;1.659688915011699043e-04;-1.932581922059653078e-04
1.000000000000000000e+04;9.640988492079454591e+04;1.622193660375404064e-04;-1.964038757980673380e-04
1.000000000000000000e+04;9.645724798723598360e+04;2.803080328217286930e-05;-2.510441177360080807e-04
1.000000000000000000e+04;9.645883603163577209e+04;2.314276713608854285e-05;-2.514564045350014708e-04
1.000000000000000000e+04;9.650619906933787570e+04;-1.189616243829975771e-04;-2.259930554272338368e-04
1.000000000000000000e+04;9.650778717850119574e+04;-1.232349132428037057e-04;-2.235380377716640653e-04
1.000000000000000000e+04;9.655514995114652265e+04;-2.264148721400328316e-04;-1.186314348438000836e-04
1.000000000000000000e+04;9.655673811679675418e+04;-2.285266666694430121e-04;-1.143042020754108837e-04
1.000000000000000000e+04;9.660410102405234647e+04;-2.536017473516311558e-04;2.846575192807828994e-05
1.000000000000000000e+04;9.660568904740452126e+04;-2.529503411642970039e-04;3.331108529732923132e-05
1.000000000000000000e+04;9.665305218561533547e+04;-1.935290141598877635e-04;1.649913706593588304e-04
1.000000000000000000e+04;9.665464014433618286e+04;-1.902686695103132121e-04;1.686234420899710644e-04
1.000000000000000000e+04;9.670200327457732055e+04;-6.592950144068218817e-05;2.439636931299935950e-04
1.000000000000000000e+04;9.670359129394165939e+04;-6.114659106074289805e-05;2.450602486853952627e-04
1.000000000000000000e+04;9.675095420230734453e+04;8.284437740323412022e-05;2.396337427795923642e-04
1.000000000000000000e+04;9.675254227437201189e+04;8.732419906311831735e-05;2.379030215947691880e-04
1.000000000000000000e+04;9.679990519329780363e+04;2.055095569051557938e-04;1.500924403328289817e-04
1.000000000000000000e+04;9.680149319940258283e+04;2.083275849136118074e-04;1.460967222725368558e-04
1.000000000000000000e+04;9.684885636765186791e+04;2.532135487703607670e-04;1.030370068217678579e-05
1.000000000000000000e+04;9.685044429992274672e+04;2.532388403525890870e-04;5.447601248924979908e-06
1.000000000000000000e+04;9.689780751494238211e+04;2.170124542028789366e-04;-1.338524566076223501e-04
1.000000000000000000e+04;9.689939549686324608e+04;2.143329620667267334e-04;-1.379097681781351400e-04
1.000000000000000000e+04;9.694675847077943035e+04;1.031632027279907952e-04;-2.317916263709798950e-04
1.000000000000000000e+04;9.694834654506514198e+04;9.867952339840096315e-05;-2.336234709083652493e-04
1.000000000000000000e+04;9.699570938889471290e+04;-4.548899889782992531e-05;-2.476875449212109261e-04
1.000000000000000000e+04;9.699729745229431137e+04;-5.019607633552973335e-05;-2.467119954278382374e-04
1.000000000000000000e+04;9.704466046545514837e+04;-1.768236666719774403e-04;-1.814521699476505671e-04
1.000000000000000000e+04;9.704624843953023083e+04;-1.802359925794530624e-04;-1.778981572473782959e-04
1.000000000000000000e+04;9.709361164409965568e+04;-2.493286185415601432e-04;-4.951195642614527351e-05
1.000000000000000000e+04;9.709519958438804315e+04;-2.500509999911124646e-04;-4.481854815522684716e-05
1.000000000000000000e+04;9.714256274023669539e+04;-2.342472220405208798e-04;9.766653035221538770e-05
1.000000000000000000e+04;9.714415074223288684e+04;-2.322963879893006809e-04;1.021269640593508682e-04
1.000000000000000000e+04;9.719151370466485969e+04;-1.395842049621339592e-04;2.114417682842986311e-04
1.000000000000000000e+04;9.719310177866171580e+04;-1.354733620290580673e-04;2.139359706657954936e-04
1.000000000000000000e+04;9.724046465806363267e+04;5.173283629273824465e-06;2.515481389032300482e-04
1.000000000000000000e+04;9.724205273511711857e+04;9.989760321620853981e-06;2.513518455930935651e-04
1.000000000000000000e+04;9.728941572304075817e+04;1.437947116565952929e-04;2.069617050767362802e-04
1.000000000000000000e+04;9.729100376025942387e+04;1.476639875380234956e-04;2.040458060110571074e-04
1.000000000000000000e+04;9.733836687885614811e+04;2.375736491149327138e-04;8.906248750385189821e-05
1.000000000000000000e+04;9.733995493276993511e+04;2.391012438529877427e-04;8.456493870792721119e-05
1.000000000000000000e+04;9.738731798596293083e+04;2.467237157606448346e-04;-5.795384752138847022e-05
1.000000000000000000e+04;9.738890616910900280e+04;2.454893360292323737e-04;-6.264085514543331627e-05
1.000000000000000000e+04;9.743626895009269356e+04;1.723615773352086915e-04;-1.854798079789254689e-04
1.000000000000000000e+04;9.743785730677927495e+04;1.687869628239360102e-04;-1.885941230130058863e-04
1.000000000000000000e+04;9.748521980345170596e+04;3.830410886485486601e-05;-2.495854418435133047e-04
1.000000000000000000e+04;9.748680821684221155e+04;3.349506295765815382e-05;-2.502135038329449264e-04
1.000000000000000000e+04;9.753417088333744323e+04;-1.072516815147886747e-04;-2.276434359234552672e-04
1.000000000000000000e+04;9.753575915866365540e+04;-1.114777068155568248e-04;-2.254469497686075342e-04
1.000000000000000000e+04;9.758312205951899523e+04;-2.167339121436299553e-04;-1.291855634418946532e-04
1.000000000000000000e+04;9.758471024773063255e+04;-2.190596421010491610e-04;-1.250047533828781750e-04
1.000000000000000000e+04;9.763207320603361586e+04;-2.536886968012893716e-04;1.437501548800943666e-05
1.000000000000000000e+04;9.763366144771453401e+04;-2.532182297145903812e-04;1.912984256438963942e-05
1.000000000000000000e+04;9.768102415134005423e+04;-2.001851326027374877e-04;1.522409928131194688e-04
1.000000000000000000e+04;9.768261251194254146e+04;-1.972538172239188703e-04;1.559354744309411514e-04
1.000000000000000000e+04;9.772997502576415718e+04;-8.308450417492247960e-05;2.386339077571124562e-04
1.000000000000000000e+04;9.773156335655292787e+04;-7.844095659397131337e-05;2.400545531848209647e-04
1.000000000000000000e+04;9.777892608389251109e+04;6.609888708849885218e-05;2.420371655786436376e-04
1.000000000000000000e+04;9.778051418820893741e+04;7.058640389159560186e-05;2.406664923646916095e-04
1.000000000000000000e+04;9.782787735181675816e+04;1.884486937018643390e-04;1.654455026753361830e-04
1.000000000000000000e+04;9.782946529494885181e+04;1.915145191563867133e-04;1.617046952298850366e-04
1.000000000000000000e+04;9.787682851928724267e+04;2.509714577429005022e-04;3.157785710547263445e-05
1.000000000000000000e+04;9.787841650442440005e+04;2.513366632170750160e-04;2.689311023277820211e-05
1.000000000000000000e+04;9.792577948262110294e+04;2.239702703974706752e-04;-1.135992624384216695e-04
1.000000000000000000e+04;9.792736758915397513e+04;2.217375888305999558e-04;-1.177641949392608660e-04
1.000000000000000000e+04;9.797473038842189999e+04;1.238930759693172368e-04;-2.193729845445540239e-04
1.000000000000000000e+04;9.797631854280998232e+04;1.196653016589490140e-04;-2.215776363262128687e-04
1.000000000000000000e+04;9.802368143146029615e+04;-1.980318708546130265e-05;-2.489899389901993132e-04
1.000000000000000000e+04;9.802526957030019548e+04;-2.452493155993525423e-05;-2.485012793446002787e-04
1.000000000000000000e+04;9.807263258765311912e+04;-1.550478379588913569e-04;-1.982588963717294307e-04
1.000000000000000000e+04;9.807422076106797613e+04;-1.586769274675961148e-04;-1.950965636305220733e-04
1.000000000000000000e+04;9.812158368397479353e+04;-2.386854554890045961e-04;-7.758785023660638150e-05
1.000000000000000000e+04;9.812317196669073019e+04;-2.399835093881045147e-04;-7.314089057086817062e-05
1.000000000000000000e+04;9.817053465862150188e+04;-2.415341673543026251e-04;6.825299322890071942e-05
1.000000000000000000e+04;9.817212301433923130e+04;-2.400809296377561170e-04;7.280421176008414793e-05
1.000000000000000000e+04;9.821948563750807079e+04;-1.613840680877105848e-04;1.903448553838216954e-04
1.000000000000000000e+04;9.822107396453336696e+04;-1.577081174002209214e-04;1.932805943396982175e-04
1.000000000000000000e+04;9.826843670678492344e+04;-2.978845099031595748e-05;2.469988185299258686e-04
1.000000000000000000e+04;9.827002497755397053e+04;-2.502717261193607954e-05;2.473829359519290620e-04
1.000000000000000000e+04;9.831738775257526140e+04;1.155329117830440768e-04;2.230563180191809901e-04
1.000000000000000000e+04;9.831897604186594253e+04;1.196192658485164807e-04;2.207379481428312128e-04
1.000000000000000000e+04;9.836633869187852542e+04;2.159236423555075974e-04;1.205343734284592923e-04
1.000000000000000000e+04;9.836792697665806918e+04;2.181922293209277806e-04;1.163696739563264396e-04
1.000000000000000000e+04;9.841528981601627311e+04;2.493571050873950217e-04;-1.873645474275013030e-05
1.000000000000000000e+04;9.841687793066118320e+04;2.487060306593558731e-04;-2.345442219710650191e-05
1.000000000000000000e+04;9.846424100696190726e+04;1.950435877196838696e-04;-1.547746060432118366e-04
1.000000000000000000e+04;9.846582901385438163e+04;1.921102119931663774e-04;-1.583467902542338686e-04
1.000000000000000000e+04;9.851319211785802327e+04;7.608227090074014829e-05;-2.364415238741156050e-04
1.000000000000000000e+04;9.851478015541369678e+04;7.153871529530378762e-05;-2.377434595144471403e-04
1.000000000000000000e+04;9.856214303435554029e+04;-6.888221853563592618e-05;-2.391301293439157549e-04
1.000000000000000000e+04;9.856373114533022454e+04;-7.339274085858535411e-05;-2.377861401798385247e-04
1.000000000000000000e+04;9.861109395044636040e+04;-1.868789741683301729e-04;-1.623343522341297838e-04
1.000000000000000000e+04;9.861268202685148572e+04;-1.898989232431342363e-04;-1.585906115211380195e-04
1.000000000000000000e+04;9.866004507449083030e+04;-2.485862654883950703e-04;-3.138237402977478880e-05
1.000000000000000000e+04;9.866163304855734168e+04;-2.489159908256019017e-04;-2.678562489065779574e-05
1.000000000000000000e+04;9.870899632476524857e+04;-2.220182446997689258e-04;1.110522214999575018e-04
1.000000000000000000e+04;9.871058430549915647e+04;-2.199499392147018250e-04;1.151994443521268231e-04
1.000000000000000000e+04;9.875794745745266846e+04;-1.226654405855385035e-04;2.155101813226213887e-04
1.000000000000000000e+04;9.875953561950961011e+04;-1.184693404184512474e-04;2.177024286449968948e-04
1.000000000000000000e+04;9.880689836756848672e+04;1.573878306570926797e-05;2.468446571898241771e-04
1.000000000000000000e+04;9.880848677698818210e+04;2.038679457284433302e-05;2.464588774395185217e-04
1.000000000000000000e+04;9.885584920617181342e+04;1.504530183294554844e-04;1.986510005441703870e-04
1.000000000000000000e+04;9.885743768306312268e+04;1.540888142064655473e-04;1.956567122656633858e-04
1.000000000000000000e+04;9.890480016511550639e+04;2.349711609421367036e-04;8.167061452770799947e-05
1.000000000000000000e+04;9.890638858191680629e+04;2.364037946764193884e-04;7.727403944580551456e-05
1.000000000000000000e+04;9.895375132949899125e+04;2.398130038760822242e-04;-5.931372945274152297e-05
1.000000000000000000e+04;9.895533963236617274e+04;2.385615123866077878e-04;-6.380596346025340802e-05
1.000000000000000000e+04;9.900270254875005048e+04;1.675089308039252791e-04;-1.841071359861710314e-04
1.000000000000000000e+04;9.900429087448776409e+04;1.639482936311223698e-04;-1.871150212226176167e-04
1.000000000000000000e+04;9.905165357976745872e+04;3.765718251836678259e-05;-2.433694307577454526e-04
1.000000000000000000e+04;9.905324207634033519e+04;3.308828302278267886e-05;-2.439962746754042067e-04
1.000000000000000000e+04;9.910060429545307124e+04;-1.028532501766177298e-04;-2.246220256184525144e-04
1.000000000000000000e+04;9.910219286197748443e+04;-1.070645867018872989e-04;-2.225698416413628752e-04
1.000000000000000000e+04;9.914955535482235427e+04;-2.094117447183224960e-04;-1.311027877065608328e-04
1.000000000000000000e+04;9.915114360989493434e+04;-2.117677524839752434e-04;-1.270662415765535808e-04
1.000000000000000000e+04;9.919850659522406932e+04;-2.473382463686746432e-04;5.827063495927143530e-06
1.000000000000000000e+04;9.920009459876046458e+04;-2.470555284992462502e-04;1.036420694848017876e-05
1.000000000000000000e+04;9.924745785005883954e+04;-2.030997682937811218e-04;1.426171500636670524e-04
1.000000000000000000e+04;9.924904582398322236e+04;-2.004163407245355272e-04;1.463557641331096019e-04
1.000000000000000000e+04;9.929640888323170657e+04;-9.123581679188330488e-05;2.290693791578182726e-04
1.000000000000000000e+04;9.929799695989652537e+04;-8.685446609830671191e-05;2.307099828900179407e-04
1.000000000000000000e+04;9.934535983101723832e+04;4.823869402783029041e-05;2.417392160027786356e-04
1.000000000000000000e+04;9.934694798502277990e+04;5.272598372472172494e-05;2.406654847501900351e-04
1.000000000000000000e+04;9.939431083862087689e+04;1.742646842850383384e-04;1.771554199856227162e-04
1.000000000000000000e+04;9.939589902180680656e+04;1.774558799947171248e-04;1.738144686864113227e-04
1.000000000000000000e+04;9.944326186594783212e+04;2.415772545150387726e-04;5.049612333148149429e-05
1.000000000000000000e+04;9.944485005480138352e+04;2.423940384772255532e-04;4.604537927105328127e-05
1.000000000000000000e+04;9.949221291048983403e+04;2.291666757538877639e-04;-8.953513453495392626e-05
1.000000000000000000e+04;9.949380104810846387e+04;2.274108120600603017e-04;-9.377219393324273818e-05
1.000000000000000000e+04;9.954116404609101301e+04;1.438068347609539760e-04;-2.012692899465697244e-04
1.000000000000000000e+04;9.954275208215542079e+04;1.399281687106889121e-04;-2.038612769324599336e-04
1.000000000000000000e+04;9.959011519384024723e+04;9.475191718190979840e-06;-2.454375415649180615e-04
1.000000000000000000e+04;9.959170324887036986e+04;4.953197180072509201e-06;-2.454225908453840348e-04
1.000000000000000000e+04;9.963906620770215522e+04;-1.263411266129960771e-04;-2.132338372225721227e-04
1.000000000000000000e+04;9.964065437866853608e+04;-1.302704566996340410e-04;-2.108029544388949209e-04
1.000000000000000000e+04;9.968801710747837205e+04;-2.212743633949956908e-04;-1.066007137887185096e-04
1.000000000000000000e+04;9.968960524917079601e+04;-2.231100678995299623e-04;-1.024477246371432082e-04
1.000000000000000000e+04;9.973696813825638674e+04;-2.429939184907263972e-04;3.031901779019393847e-05
1.000000000000000000e+04;9.973855619064380880e+04;-2.423348241159202824e-04;3.480735874118684952e-05
1.000000000000000000e+04;9.978591928398131859e+04;-1.872078939441977445e-04;1.601061055907166460e-04
1.000000000000000000e+04;9.978750730760293663e+04;-1.840861152019552876e-04;1.634954339764830785e-04
1.000000000000000000e+04;9.983487036369858833e+04;-6.924178043799306321e-05;2.354570307707671249e-04
1.000000000000000000e+04;9.983645844354663859e+04;-6.487311811936173134e-05;2.365820986942771356e-04
1.000000000000000000e+04;9.988382135902845766e+04;7.046631219605564126e-05;2.371084721996467414e-04
1.000000000000000000e+04;9.988540940088179195e+04;7.482508138844818908e-05;2.356876302175387133e-04
1.000000000000000000e+04;9.993277245122416934e+04;1.872165226170710974e-04;1.588168723417336442e-04
1.000000000000000000e+04;9.993436042894328421e+04;1.900578988507878406e-04;1.552847744129543623e-04
1.000000000000000000e+04;9.998172359354556829e+04;2.423648359409652519e-04;3.316148234765978919e-05
1.000000000000000000e+04;9.998331159425698570e+04;2.428545170490158827e-04;2.862568658471640928e-05
1.000000000000000000e+04;1.000306745923351555e+05;2.205152399625001864e-04;-1.064536069113851809e-04
1.000000000000000000e+04;1.000322627257647255e+05;2.183379233506602341e-04;-1.103956486074253533e-04
1.000000000000000000e+04;1.000796254291148653e+05;1.276826417774829653e-04;-2.090950161053122772e-04
1.000000000000000000e+04;1.000812135673066659e+05;1.238181643102496639e-04;-2.113645965660711646e-04
1.000000000000000000e+04;1.001285764401892084e+05;-9.387755529721783108e-06;-2.445538620282723869e-04
1.000000000000000000e+04;1.001301644623737229e+05;-1.394345392369810023e-05;-2.442385804070083995e-04
1.000000000000000000e+04;1.001775277054856560e+05;-1.374335582084947104e-04;-2.015318653945111162e-04
1.000000000000000000e+04;1.001791156429720722e+05;-1.411341372279910497e-04;-1.988569842132231768e-04
1.000000000000000000e+04;1.002264789782365697e+05;-2.261283612213535292e-04;-9.477372012466909253e-05
1.000000000000000000e+04;1.002280670437089284e+05;-2.276746632434943889e-04;-9.052733945553755447e-05
1.000000000000000000e+04;1.002754299607642752e+05;-2.394035077527437248e-04;4.428442410513229086e-05
1.000000000000000000e+04;1.002770183026159211e+05;-2.384575056213092501e-04;4.862964416752209675e-05
1.000000000000000000e+04;1.003243807153237431e+05;-1.770457185968946588e-04;1.668516563373100817e-04
1.000000000000000000e+04;1.003259691998999770e+05;-1.738966405397197250e-04;1.700441224414019883e-04
1.000000000000000000e+04;1.003733315669009316e+05;-5.544517745724542664e-05;2.359563822840829179e-04
1.000000000000000000e+04;1.003749198886696540e+05;-5.099756570727954338e-05;2.368914698817888118e-04
1.000000000000000000e+04;1.004222827981888986e+05;7.859843032605526173e-05;2.296847651480778910e-04
1.000000000000000000e+04;1.004238708162493131e+05;8.282286540773089697e-05;2.280570990851975819e-04
1.000000000000000000e+04;1.004712341582141235e+05;1.936604587625628089e-04;1.493953767475510728e-04
1.000000000000000000e+04;1.004728220625870890e+05;1.962589394463468227e-04;1.458062853268534591e-04
1.000000000000000000e+04;1.005201852752617851e+05;2.418538074211000488e-04;2.260332092855684176e-05
1.000000000000000000e+04;1.005217733210064180e+05;2.422160647380610082e-04;1.809717657327420041e-05
1.000000000000000000e+04;1.005691360368103778e+05;2.160051782415720717e-04;-1.136361651629842491e-04
1.000000000000000000e+04;1.005707242387915176e+05;2.137374586463961206e-04;-1.174227012926968758e-04
1.000000000000000000e+04;1.006180868201518751e+05;1.204738727303254498e-04;-2.116201077553434495e-04
1.000000000000000000e+04;1.006196749370051984e+05;1.165797590104329380e-04;-2.138437750824607163e-04
1.000000000000000000e+04;1.006670380044716730e+05;-1.291160275313977770e-05;-2.420237543092907393e-04
1.000000000000000000e+04;1.006686258902525587e+05;-1.740862342942245581e-05;-2.415753553017359258e-04
1.000000000000000000e+04;1.007159894028333365e+05;-1.414015297646476063e-04;-1.969429445195800335e-04
1.000000000000000000e+04;1.007175772350941843e+05;-1.449172856878191810e-04;-1.942589928025362494e-04
1.000000000000000000e+04;1.007649405256967293e+05;-2.251440516649418403e-04;-9.063928043478585057e-05
1.000000000000000000e+04;1.007665285524765786e+05;-2.267111795561644976e-04;-8.644057841991562160e-05
1.000000000000000000e+04;1.008138913118524506e+05;-2.373956506725722183e-04;4.868803537729650925e-05
1.000000000000000000e+04;1.008154795088497922e+05;-2.363140387927811900e-04;5.290109022921676499e-05
1.000000000000000000e+04;1.008628421653274709e+05;-1.751871114936057313e-04;1.681973346994529157e-04
1.000000000000000000e+04;1.008644303259001463e+05;-1.721328279279989973e-04;1.714147169525678392e-04
1.000000000000000000e+04;1.009117932989339606e+05;-5.498476942134928664e-05;2.346449539469669095e-04
1.000000000000000000e+04;1.009133813523803401e+05;-5.055933141660754474e-05;2.355507535503772413e-04
1.000000000000000000e+04;1.009607445087843371e+05;7.722064869755084469e-05;2.292237453746318054e-04
1.000000000000000000e+04;1.009623325421013724e+05;8.137952321286159407e-05;2.275906850624039208e-04
1.000000000000000000e+04;1.010096956114644563e+05;1.898692065004285267e-04;1.520928312039277288e-04
1.000000000000000000e+04;1.010112836671132536e+05;1.925183977587639165e-04;1.486351815740600570e-04
1.000000000000000000e+04;1.010586466524955176e+05;2.398505644816061272e-04;2.365550641332828054e-05
1.000000000000000000e+04;1.010602347110199335e+05;2.401649736749916124e-04;1.926869415370865415e-05
1.000000000000000000e+04;1.011075976643326430e+05;2.153978812976963713e-04;-1.093592786105394322e-04
1.000000000000000000e+04;1.011091857811562804e+05;2.133935580905274945e-04;-1.132070852766904422e-04
1.000000000000000000e+04;1.011565486034586502e+05;1.210765368333253288e-04;-2.058940207149333537e-04
1.000000000000000000e+04;1.011581367750211939e+05;1.172061800672530350e-04;-2.081816133333074187e-04
1.000000000000000000e+04;1.012054995491946902e+05;-6.881226116234498262e-06;-2.414169408060725264e-04
1.000000000000000000e+04;1.012070877096653712e+05;-1.133735666944912261e-05;-2.409835866808030934e-04
1.000000000000000000e+04;1.012544506873054634e+05;-1.364540670036586622e-04;-2.010563122403879717e-04
1.000000000000000000e+04;1.012560387869218976e+05;-1.399457758048716410e-04;-1.986354580071722931e-04
1.000000000000000000e+04;1.013034019494100066e+05;-2.231666472335035113e-04;-9.517996194189288540e-05
1.000000000000000000e+04;1.013049901127590419e+05;-2.248592979334347825e-04;-9.110483266294412902e-05
1.000000000000000000e+04;1.013523531327313976e+05;-2.383588042998529936e-04;3.878599153288959586e-05
1.000000000000000000e+04;1.013539415483046323e+05;-2.375829512190930656e-04;4.305383687005462801e-05
1.000000000000000000e+04;1.014013040576702915e+05;-1.815805960885792734e-04;1.582085482820695806e-04
1.000000000000000000e+04;1.014028928160267387e+05;-1.786210109863260080e-04;1.614962297087075269e-04
1.000000000000000000e+04;1.014502547727758356e+05;-6.846433320584416945e-05;2.318412130909074326e-04
1.000000000000000000e+04;1.014518437184350478e+05;-6.418083945534998488e-05;2.328680010951640329e-04
1.000000000000000000e+04;1.014992057285131159e+05;6.487758516935167731e-05;2.324721082732368182e-04
1.000000000000000000e+04;1.015007944696164195e+05;6.898091663865996159e-05;2.311784175220227755e-04
1.000000000000000000e+04;1.015481569910127582e+05;1.800829657791348077e-04;1.609786039030799574e-04
1.000000000000000000e+04;1.015497455278370035e+05;1.829218472575130689e-04;1.577369178094517664e-04
1.000000000000000000e+04;1.015971082914608269e+05;2.361276706119344029e-04;3.881182317898973342e-05
1.000000000000000000e+04;1.015986969026006118e+05;2.367376108678527957e-04;3.445831270319110089e-05
1.000000000000000000e+04;1.016460592144346592e+05;2.217823764023191290e-04;-9.267820803143610826e-05
1.000000000000000000e+04;1.016476481209763879e+05;2.199879731211379981e-04;-9.657510731929150436e-05
1.000000000000000000e+04;1.016950098360574193e+05;1.371565793371666315e-04;-1.961704777193840846e-04
1.000000000000000000e+04;1.016965988180092681e+05;1.335321868485847899e-04;-1.986495887143434032e-04
1.000000000000000000e+04;1.017439609566131548e+05;1.305857390112985172e-05;-2.408963172571298203e-04
1.000000000000000000e+04;1.017455495603108429e+05;8.652517090104290624e-06;-2.408099377635419542e-04
1.000000000000000000e+04;1.017929122508474393e+05;-1.170782760173253080e-04;-2.109889562902241521e-04
1.000000000000000000e+04;1.017945006399774866e+05;-1.206880726782354803e-04;-2.089492892293352735e-04
1.000000000000000000e+04;1.018418634733595682e+05;-2.114984131659394361e-04;-1.142350542262607767e-04
1.000000000000000000e+04;1.018434519158138282e+05;-2.135598774184940547e-04;-1.102869102940822263e-04
1.000000000000000000e+04;1.018908143940223381e+05;-2.374939802809826874e-04;1.330529979994713966e-05
1.000000000000000000e+04;1.018924028868243040e+05;-2.370684911965650855e-04;1.754262741106619815e-05
1.000000000000000000e+04;1.019397652706826775e+05;-1.947462381466799836e-04;1.383268817153320701e-04
1.000000000000000000e+04;1.019413535345553682e+05;-1.921608549439344170e-04;1.417825378309880166e-04
1.000000000000000000e+04;1.019887163208670245e+05;-9.110092998047175964e-05;2.210833684981866739e-04
1.000000000000000000e+04;1.019903043213770579e+05;-8.696350310012200145e-05;2.225554873823465710e-04
1.000000000000000000e+04;1.020376672935362731e+05;3.939329561620370340e-05;2.346989692226503070e-04
1.000000000000000000e+04;1.020392550465099484e+05;4.345261089562965200e-05;2.338690130750704791e-04
1.000000000000000000e+04;1.020866181255249103e+05;1.608783268500017219e-04;1.785583825250008179e-04
1.000000000000000000e+04;1.020882056845708285e+05;1.641342919205294949e-04;1.756388263289814921e-04
1.000000000000000000e+04;1.021355691663450270e+05;2.270642558870984771e-04;6.473912451181725676e-05
1.000000000000000000e+04;1.021371567514650087e+05;2.280750904042506283e-04;6.059702785117477224e-05
1.000000000000000000e+04;1.021845200694396190e+05;2.308856904115240492e-04;-6.439870216443953680e-05
1.000000000000000000e+04;1.021861077799262421e+05;2.296499255276823899e-04;-6.845019339650801988e-05
1.000000000000000000e+04;1.022334706723834533e+05;1.593225446246675659e-04;-1.772654845022006388e-04
1.000000000000000000e+04;1.022350584290703118e+05;1.560613107661715129e-04;-1.800995010100114705e-04
1.000000000000000000e+04;1.022818888089632674e+05;4.537500458644400916e-05;-2.353640558598202738e-04
1.000000000000000000e+04;1.022842496935244417e+05;3.914503320911858641e-05;-2.360907723696422538e-04
1.000000000000000000e+04;1.023294666127761884e+05;-8.471968334269671806e-05;-2.239314697157957130e-04
1.000000000000000000e+04;1.023332219760880107e+05;-9.380698612491538422e-05;-2.206247079036407295e-04
1.000000000000000000e+04;1.023766163875101920e+05;-1.850493844869809188e-04;-1.478511904673759795e-04
1.000000000000000000e+04;1.024301579795152065e+05;-2.326733182603470313e-04;-1.929509837788324325e-05
1.000000000000000000e+04;1.024626968192588538e+05;-2.276604522705183442e-04;6.786054823405661277e-05
1.000000000000000000e+04;1.024767795100088988e+05;-2.090793325293267011e-04;1.003685902713763315e-04
1.000000000000000000e+04;1.023804822326342983e+05;-1.917024968762817661e-04;-1.392467547535369734e-04
1.000000000000000000e+04;1.024221303501276998e+05;-2.330828950768248486e-04;-4.011953639493182842e-05
1.000000000000000000e+04;1.024240576710205059e+05;-2.339919722896080545e-04;-3.520560379549780465e-05
1.000000000000000000e+04;1.025391902715453471e+05;-9.348119683582263334e-05;2.191476829744785069e-04
1.000000000000000000e+04;1.025424256955751043e+05;-8.507926821133939888e-05;2.208746897514640066e-04
1.000000000000000000e+04;1.025346922797461011e+05;-1.029148408823428120e-04;2.118462913740352959e-04
1.000000000000000000e+04;1.025004244142020179e+05;-1.772369352770718220e-04;1.565930969076602917e-04
1.000000000000000000e+04;1.026190255031792476e+05;1.109149266223579886e-04;2.088372412505448976e-04
1.000000000000000000e+04;1.026190264653855120e+05;1.109169338513437000e-04;2.088355518443552213e-04
1.000000000000000000e+04;1.026190245771796908e+05;1.109125157202164890e-04;2.088378387834974586e-04
1.000000000000000000e+04;1.025787742945647915e+05;1.008643081924619499e-05;2.363775978004064703e-04
1.000000000000000000e+04;1.026983918249988637e+05;2.333240102466800007e-04;4.210707082052774137e-05
1.000000000000000000e+04;1.026983917212035885e+05;2.333239110661758050e-04;4.210745594193318359e-05
1.000000000000000000e+04;1.026586241752537608e+05;1.927981013653817929e-04;1.387851165338854537e-04
1.000000000000000000e+04;1.027380748228866432e+05;2.290544056547362485e-04;-6.328415861313286747e-05
1.000000000000000000e+04;1.027777544601389964e+05;1.774636681688507788e-04;-1.544622366182632717e-04
1.000000000000000000e+04;1.028174705016908119e+05;9.398733479879404162e-05;-2.174542938159425862e-04
1.000000000000000000e+04;1.028571024982306553e+05;-1.002522362608207845e-05;-2.360980594134057698e-04
1.000000000000000000e+04;1.027777683852575719e+05;1.774397869552985266e-04;-1.544891515474653093e-04
1.000000000000000000e+04;1.027777614206528960e+05;1.774543257962315850e-04;-1.544781759885812322e-04
1.000000000000000000e+04;1.028968254190884909e+05;-1.104347478282888300e-04;-2.086240756862496669e-04
1.000000000000000000e+04;1.029364844662786199e+05;-1.905318260931630552e-04;-1.397397578137866286e-04
1.000000000000000000e+04;1.028571901869089779e+05;-1.025373937741580570e-05;-2.360852875764863062e-04
1.000000000000000000e+04;1.028571463544802682e+05;-1.014214722022894330e-05;-2.361158762854981958e-04
1.000000000000000000e+04;1.029761740484071925e+05;-2.316655303308189583e-04;-4.477675230450245934e-05
1.000000000000000000e+04;1.030158551422172604e+05;-2.286473597060584859e-04;5.940100367689572498e-05
1.000000000000000000e+04;1.029365039411118341e+05;-1.905605625148519642e-04;-1.396993005979966270e-04
1.000000000000000000e+04;1.029364942047588993e+05;-1.905510419966594720e-04;-1.397226493587568714e-04
1.000000000000000000e+04;1.030555380391474464e+05;-1.800090081803694311e-04;1.518444706380906112e-04
1.000000000000000000e+04;1.030952209361219138e+05;-9.760306263542937533e-05;2.152316555609847285e-04
1.000000000000000000e+04;1.031349038332373602e+05;5.053303176032033144e-06;2.350465507266883054e-04
1.000000000000000000e+04;1.031745867302578845e+05;1.062455803086845253e-04;2.097905740082453498e-04
1.000000000000000000e+04;1.032142696272650501e+05;1.857993104949167795e-04;1.441104128614849366e-04
1.000000000000000000e+04;1.032539525242513919e+05;2.299341479521300102e-04;5.022678267921218208e-05
1.000000000000000000e+04;1.032936354213248705e+05;2.290400447171893046e-04;-5.306265942693571240e-05
1.000000000000000000e+04;1.033333183184093796e+05;1.839383888826001939e-04;-1.456524618980071140e-04
1.000000000000000000e+04;1.033730012155382574e+05;1.032510169452228175e-04;-2.105507332733608629e-04
1.000000000000000000e+04;1.034126841126726504e+05;4.295416634955462883e-06;-2.349957182734025026e-04
1.000000000000000000e+04;1.034523670098296861e+05;-9.792475016256744678e-05;-2.130534007211322422e-04
1.000000000000000000e+04;1.034920499069894577e+05;-1.795897100771527211e-04;-1.506516002348379528e-04
1.000000000000000000e+04;1.035317328041607689e+05;-2.270035520918902523e-04;-5.973666638237483704e-05
1.000000000000000000e+04;1.035714157013334625e+05;-2.298268250074247401e-04;4.301219649790362907e-05
1.000000000000000000e+04;1.036110985985119914e+05;-1.903159989438184892e-04;1.368076041560797851e-04
1.000000000000000000e+04;1.036507814956912189e+05;-1.123543850423708599e-04;2.036414169012511351e-04
1.000000000000000000e+04;1.036904643928734586e+05;-1.530711797956344340e-05;2.329331272962323666e-04
1.000000000000000000e+04;1.037301472900559893e+05;8.596678381750911765e-05;2.178875289780907642e-04
1.000000000000000000e+04;1.037698301872400771e+05;1.698842954553428646e-04;1.596038473655863048e-04
1.000000000000000000e+04;1.038095130844243104e+05;2.225831745951216921e-04;7.088816307509118058e-05
1.000000000000000000e+04;1.038491959816093440e+05;2.311223517506454030e-04;-2.897476793240195113e-05
1.000000000000000000e+04;1.038888788787944359e+05;1.974276072163290766e-04;-1.246571213390066280e-04
1.000000000000000000e+04;1.039285617759799352e+05;1.249656812964429205e-04;-1.961112381218480926e-04
1.000000000000000000e+04;1.039682446731654491e+05;2.963197821210311478e-05;-2.308953460315732182e-04
1.000000000000000000e+04;1.040079275703511958e+05;-7.109253613034679934e-05;-2.211068826785545904e-04
1.000000000000000000e+04;1.040476104675369425e+05;-1.576779928312568521e-04;-1.717720813284320477e-04
1.000000000000000000e+04;1.040872933647227910e+05;-2.156959023323159498e-04;-8.703311410998936632e-05
1.000000000000000000e+04;1.041269762619086687e+05;-2.322663936541188661e-04;1.152898348897560778e-05
1.000000000000000000e+04;1.041666591590946191e+05;-2.052544636636150540e-04;1.090396641747129599e-04
1.000000000000000000e+04;1.042063420562805695e+05;-1.398923812541187650e-04;1.842772734275568525e-04
1.000000000000000000e+04;1.042460249534665199e+05;-4.840638305693738334e-05;2.270039617821130527e-04
1.000000000000000000e+04;1.042857078506524413e+05;5.248632447098232118e-05;2.240967997142433578e-04
1.000000000000000000e+04;1.043253907478384208e+05;1.423348283208100912e-04;1.827574522665207008e-04
1.000000000000000000e+04;1.043650736450243712e+05;2.061065300956596504e-04;1.056917558670509178e-04
1.000000000000000000e+04;1.044047565422103216e+05;2.312456463974900986e-04;9.149976154004650381e-06
1.000000000000000000e+04;1.044444394393963157e+05;2.136733425992228886e-04;-9.035203559039958320e-05
1.000000000000000000e+04;1.044841223365822807e+05;1.557418657193125199e-04;-1.701014371524384920e-04
1.000000000000000000e+04;1.045238052337682457e+05;7.009538220495630868e-05;-2.198770761118743128e-04
1.000000000000000000e+04;1.045634881309542106e+05;-2.953810240296275816e-05;-2.284407361379797849e-04
1.000000000000000000e+04;1.046031710281401756e+05;-1.226498053189573371e-04;-1.944109532117004936e-04
1.000000000000000000e+04;1.046428539253261697e+05;-1.933454665456662625e-04;-1.252417042364549612e-04
1.000000000000000000e+04;1.046825368225121783e+05;-2.277191610006202584e-04;-3.321416513578645806e-05
1.000000000000000000e+04;1.047222197196981288e+05;-2.206873957469377800e-04;6.560235426603583169e-05
1.000000000000000000e+04;1.047619026168841083e+05;-1.722820370505753914e-04;1.528098767515221387e-04
1.000000000000000000e+04;1.048015855140701024e+05;-9.307115922402590859e-05;2.096897084073597278e-04
1.000000000000000000e+04;1.048412684112560819e+05;3.142761987915341993e-06;2.298034691394949878e-04
1.000000000000000000e+04;1.048809513084420614e+05;9.916421179729836941e-05;2.066636912653212394e-04
1.000000000000000000e+04;1.049206342056280409e+05;1.765782678335105400e-04;1.465384096003232621e-04
1.000000000000000000e+04;1.049603171028140350e+05;2.215625491406944688e-04;5.933222295116846636e-05
1.000000000000000000e+04;1.050000000000000000e+05;2.257790884453973897e-04;-3.711295556880124405e-05
1.000000000000000000e+04;1.050396828971859795e+05;1.895364413231158244e-04;-1.288698451599536209e-04
1.000000000000000000e+04;1.050793657943719736e+05;1.179156431452194526e-04;-1.956841960005092581e-04
1.000000000000000000e+04;1.053968289718597807e+05;-5.800325719555830123e-05;2.204329144506688668e-04
1.000000000000000000e+04;1.054365118690457457e+05;3.810199225996231963e-05;2.237959466111901982e-04
1.000000000000000000e+04;1.054761947662317398e+05;1.276057115805148982e-04;1.879213462936656911e-04
1.000000000000000000e+04;1.051190486915579386e+05;2.619880325374304995e-05;-2.269024434356806618e-04
1.000000000000000000e+04;1.051587315887439036e+05;-7.101491143209937051e-05;-2.172542918097766502e-04
1.000000000000000000e+04;1.052380973831158917e+05;-2.108427232594803401e-04;-8.760408909013126509e-05
1.000000000000000000e+04;1.052777802803018712e+05;-2.280015503315377477e-04;6.765455673982301032e-06
1.000000000000000000e+04;1.053174631774878217e+05;-2.048706027816772830e-04;9.926735730546295069e-05
1.000000000000000000e+04;1.053571460746738012e+05;-1.443560143023393404e-04;1.760850418413719798e-04
1.000000000000000000e+04;1.055158776634177193e+05;1.937726113034522898e-04;1.183312405160896860e-04
1.000000000000000000e+04;1.055555605606036697e+05;2.260003214655021038e-04;2.735066829798548749e-05
1.000000000000000000e+04;1.051984144859298831e+05;-1.546526109469708796e-04;-1.679868410426321452e-04
1.000000000000000000e+04;1.055952434577896493e+05;2.165740566431147358e-04;-6.788601037804810508e-05
1.000000000000000000e+04;1.056349263549756288e+05;1.699958588770317117e-04;-1.492446823918371112e-04
1.000000000000000000e+04;1.056746092521616083e+05;9.192990301323686548e-05;-2.075007352904171241e-04
1.000000000000000000e+04;1.057142921493475878e+05;-8.787320411325774115e-07;-2.262672475169086013e-04
1.000000000000000000e+04;1.057936579437194741e+05;-1.705685222681460860e-04;-1.471756060863248586e-04
1.000000000000000000e+04;1.058333408409054537e+05;-2.167249899522027934e-04;-6.598661629917502514e-05
1.000000000000000000e+04;1.058730237380913895e+05;-2.237292970308249701e-04;3.149652051664649302e-05
1.000000000000000000e+04;1.059127066352773400e+05;-1.920550992959059195e-04;1.178308543159217183e-04
1.000000000000000000e+04;1.059523895324632904e+05;-1.267578622154910814e-04;1.874353880697141777e-04
1.000000000000000000e+04;1.059920724296491826e+05;-3.810914722658987112e-05;2.210885858152279596e-04
1.000000000000000000e+04;1.060317553268350748e+05;5.568778704748331528e-05;2.201697638224817577e-04
1.000000000000000000e+04;1.057539750465335383e+05;-9.476622560092770316e-05;-2.060713972257209299e-04
1.000000000000000000e+04;1.060714382240208652e+05;1.409810347854032202e-04;1.749305476411384453e-04
1.000000000000000000e+04;1.061111211212066119e+05;1.993174455855454739e-04;1.044974339207968897e-04
1.000000000000000000e+04;1.061508040183922858e+05;2.256009170728795043e-04;1.167814121613296009e-05
1.000000000000000000e+04;1.061904869155777706e+05;2.088997575828677427e-04;-8.031218326626669087e-05
1.000000000000000000e+04;1.062301698127628333e+05;1.598075509843643991e-04;-1.595976470017569497e-04
1.000000000000000000e+04;1.062698527099469793e+05;7.861470286832460792e-05;-2.080540261201319064e-04
1.000000000000000000e+04;1.063095356071302667e+05;-1.154130630917387707e-05;-2.243766144030206284e-04
1.000000000000000000e+04;1.063492185043121717e+05;-1.043044013275191598e-04;-2.004059816213668902e-04
1.000000000000000000e+04;1.063889014014929126e+05;-1.740491974449002598e-04;-1.402277988153748881e-04
1.000000000000000000e+04;1.064285842986713396e+05;-2.188446460733094287e-04;-5.733195245767944826e-05
1.000000000000000000e+04;1.064682671958475257e+05;-2.204826731840776898e-04;3.599791215216743866e-05
1.000000000000000000e+04;1.065079500930193317e+05;-1.890725195313932834e-04;1.219327441561107668e-04
1.000000000000000000e+04;1.065476329901864519e+05;-1.208864821045819310e-04;1.884545300190052018e-04
1.000000000000000000e+04;1.065873158873450593e+05;-3.576444600166071836e-05;2.185834325556454134e-04
1.000000000000000000e+04;1.066666816814706981e+05;1.385233793896266364e-04;1.731258064661042584e-04
1.000000000000000000e+04;1.067063645774281758e+05;1.987894944520285801e-04;1.032312995517873885e-04
1.000000000000000000e+04;1.067460474721355858e+05;2.236538617583360312e-04;1.169859078741294533e-05
1.000000000000000000e+04;1.068254133026016643e+05;1.586537597432351480e-04;-1.569319959214220378e-04
1.000000000000000000e+04;1.068650961542074510e+05;8.327734509590842878e-05;-2.051026806233957806e-04
1.000000000000000000e+04;1.069047790634816629e+05;-6.141653731886928175e-06;-2.224677695230476424e-04
1.000000000000000000e+04;1.067857303631551331e+05;2.091447442105887186e-04;-7.647638436191275813e-05
1.000000000000000000e+04;1.069444619602271123e+05;-9.649506462383760264e-05;-1.991943329286505540e-04
1.000000000000000000e+04;1.069841448563637678e+05;-1.676545037812935009e-04;-1.461771966933969147e-04
1.000000000000000000e+04;1.070238277527756291e+05;-2.129350750130677857e-04;-6.345774296551663640e-05
1.000000000000000000e+04;1.070635106485082651e+05;-2.205589545049363648e-04;2.576310090354745039e-05
1.000000000000000000e+04;1.071031935422686656e+05;-1.917429008085995965e-04;1.130899908551213418e-04
1.000000000000000000e+04;1.071428764337999310e+05;-1.280076539073028675e-04;1.800016174307262024e-04
1.000000000000000000e+04;1.066269987844941061e+05;5.829513827068374488e-05;2.165342236086983409e-04
1.000000000000000000e+04;1.072222421929013362e+05;4.407060500689162085e-05;2.154404208183968228e-04
1.000000000000000000e+04;1.071825593274933344e+05;-4.728644606996070080e-05;2.169585977930579802e-04
1.000000000000000000e+04;1.073012755106498807e+05;1.889919503632824080e-04;1.162770597941414653e-04
1.000000000000000000e+04;1.073016913189515180e+05;1.896452687844662869e-04;1.155810909132912623e-04
1.000000000000000000e+04;1.073021133340319939e+05;1.899768695786905877e-04;1.146921239156112576e-04
1.000000000000000000e+04;1.073804072999954660e+05;2.135716551157819268e-04;-5.958748588431783726e-05
1.000000000000000000e+04;1.073808798334618186e+05;2.135002766561548660e-04;-6.067291506278208287e-05
1.000000000000000000e+04;1.073813335301750194e+05;2.130212950312188622e-04;-6.158213736640725145e-05
1.000000000000000000e+04;1.072619731430617248e+05;1.270145477048356957e-04;1.811972128144923944e-04
1.000000000000000000e+04;1.073413629691940296e+05;2.186489832127566245e-04;2.965309234884976091e-05
1.000000000000000000e+04;1.074206097103869979e+05;1.704216828136778867e-04;-1.396880388637595767e-04
1.000000000000000000e+04;1.074621037158901745e+05;9.636600632540126771e-05;-1.988168303593945674e-04
1.000000000000000000e+04;1.074633222311232530e+05;9.396941473719363830e-05;-2.001132467087526293e-04
1.000000000000000000e+04;1.074960753527262859e+05;2.166068856026388633e-05;-2.140624709057403980e-04
1.000000000000000000e+04;1.075231258629375079e+05;-3.857075521686548328e-05;-2.167436331864010788e-04
1.000000000000000000e+04;1.074628122768385947e+05;9.509934160962543964e-05;-1.997964327612377299e-04
1.000000000000000000e+04;1.075277477524816932e+05;-4.878406069090331120e-05;-2.145957295744290697e-04
1.000000000000000000e+04;1.075695836726237321e+05;-1.353900110642293562e-04;-1.734992454872322134e-04
1.000000000000000000e+04;1.075730563597847795e+05;-1.412429850983881166e-04;-1.685593779391874973e-04
1.000000000000000000e+04;1.076184660074293206e+05;-2.026832364126403025e-04;-8.746096089740327823e-05
1.000000000000000000e+04;1.076213254188791761e+05;-2.051877057183969005e-04;-8.141190514955172985e-05
1.000000000000000000e+04;1.076672893012765708e+05;-2.183428741397265907e-04;2.071412105890017702e-05
1.000000000000000000e+04;1.076697836477844248e+05;-2.175661030106128811e-04;2.626758586797845387e-05
1.000000000000000000e+04;1.077160689556449070e+05;-1.818149189402691525e-04;1.232044775330555736e-04
1.000000000000000000e+04;1.077180476063498500e+05;-1.791950640943918707e-04;1.268102727258396201e-04
1.000000000000000000e+04;1.077649463364387047e+05;-1.008944488996761657e-04;1.958968690520705778e-04
1.000000000000000000e+04;1.087455500213411869e+05;-1.870201596946052044e-05;-2.149160828623495505e-04
1.000000000000000000e+04;1.087929123190543469e+05;-1.175486156017286168e-04;-1.822902224840837460e-04
1.000000000000000000e+04;1.086965987200405943e+05;8.388999536845486425e-05;-2.001968838564920973e-04
1.000000000000000000e+04;1.087439613385154225e+05;-1.527417101939657429e-05;-2.151636984865906558e-04
1.000000000000000000e+04;1.086476476218490134e+05;1.707637116053155985e-04;-1.348362020530066718e-04
1.000000000000000000e+04;1.086950101238461648e+05;8.709508527219142666e-05;-1.989374420752277933e-04
1.000000000000000000e+04;1.077665543959508359e+05;-9.764397227628570037e-05;1.974122007453165285e-04
1.000000000000000000e+04;1.078138913280135894e+05;8.367836512947001521e-06;2.200242156469803408e-04
1.000000000000000000e+04;1.078154795462172769e+05;1.190090905313698002e-05;2.198571400358312984e-04
1.000000000000000000e+04;1.078628422554517601e+05;1.104932570567423208e-04;1.881889588856260607e-04
1.000000000000000000e+04;1.085986967248424626e+05;2.139086962805051618e-04;-3.886501454388953164e-05
1.000000000000000000e+04;1.086460589519672358e+05;1.728955283742580602e-04;-1.321180912025554069e-04
1.000000000000000000e+04;1.078644304767392168e+05;1.135417527188738195e-04;1.863056673098197329e-04
1.000000000000000000e+04;1.079117932773054636e+05;1.901970752588108971e-04;1.124842833847014496e-04
1.000000000000000000e+04;1.085497456537060207e+05;2.070722648395753585e-04;6.784989555925900100e-05
1.000000000000000000e+04;1.085971080039683875e+05;2.145866754854132993e-04;-3.552073891082275885e-05
1.000000000000000000e+04;1.085007943712140113e+05;1.495367448367523877e-04;1.566649257875179797e-04
1.000000000000000000e+04;1.085481571314081957e+05;2.060103285743729925e-04;7.121950384158420074e-05
1.000000000000000000e+04;1.084518430675268319e+05;5.685269473285132260e-05;2.109728575533524381e-04
1.000000000000000000e+04;1.084992060880835634e+05;1.470362846952193235e-04;1.590071966672164654e-04
1.000000000000000000e+04;1.084028919343148882e+05;-5.123212929785949467e-05;2.107765901938882843e-04
1.000000000000000000e+04;1.084502549015213881e+05;5.350593255101243492e-05;2.119151253028417716e-04
1.000000000000000000e+04;1.083539409706605657e+05;-1.459307762789829963e-04;1.617461117808216792e-04
1.000000000000000000e+04;1.084013037616598594e+05;-5.461543340516015414e-05;2.100185263712215603e-04
1.000000000000000000e+04;1.079133814367308514e+05;1.918814794579519391e-04;1.093886095022024966e-04
1.000000000000000000e+04;1.079607444241402845e+05;2.181776743401113742e-04;6.199030772104150844e-06
1.000000000000000000e+04;1.083049900232662621e+05;-2.060427688996952736e-04;7.285625942265773491e-05
1.000000000000000000e+04;1.083523527845066856e+05;-1.485560366565035623e-04;1.594017734978478993e-04
1.000000000000000000e+04;1.079623324788235914e+05;2.182658434348541156e-04;2.700554915988323192e-06
1.000000000000000000e+04;1.080096955952373828e+05;1.960473690218790554e-04;-9.824261700605362935e-05
1.000000000000000000e+04;1.082560388482890121e+05;-2.165131451349455304e-04;-3.452797297719170487e-05
1.000000000000000000e+04;1.083034019051685027e+05;-2.072014132083724769e-04;6.959739223984088598e-05
1.000000000000000000e+04;1.080112836329208803e+05;1.943319833860001873e-04;-1.013901782679795779e-04
1.000000000000000000e+04;1.080586466413536837e+05;1.233377897268141100e-04;-1.810383539006911794e-04
1.000000000000000000e+04;1.082070876276228955e+05;-1.726909758832504316e-04;-1.333486525094164648e-04
1.000000000000000000e+04;1.082544508731871902e+05;-2.160303493992898319e-04;-3.799846317414713227e-05
1.000000000000000000e+04;1.080602347519762552e+05;1.203966074480495338e-04;-1.829127983594739076e-04
1.000000000000000000e+04;1.081075975448687677e+05;2.265654252265932931e-05;-2.172666554269005819e-04
1.000000000000000000e+04;1.081581365730102552e+05;-8.950457313196997242e-05;-2.000649948642649312e-04
1.000000000000000000e+04;1.082054996823771653e+05;-1.705346591116362455e-04;-1.361147530152398758e-04
1.000000000000000000e+04;1.081091856894725643e+05;1.915201705810601170e-05;-2.175819084792266368e-04
1.000000000000000000e+04;1.081565485206549056e+05;-8.631475733905937214e-05;-2.015382902455051955e-04
1.000000000000000000e+04;1.087945011921246623e+05;-1.203775312031918424e-04;-1.802747564517976470e-04
1.000000000000000000e+04;1.088418631662797125e+05;-1.892522601443853594e-04;-1.052454714470476736e-04
1.000000000000000000e+04;1.088434520001898200e+05;-1.908368490018735788e-04;-1.022846894984017179e-04
1.000000000000000000e+04;1.088908142352541909e+05;-2.171156777378689022e-04;-3.197666138658431412e-06
1.000000000000000000e+04;1.088924028409783059e+05;-2.171091091756297974e-04;2.728452889058743324e-07
1.000000000000000000e+04;1.089397653657008632e+05;-1.917848788835871290e-04;9.921760947152746812e-05
1.000000000000000000e+04;1.089413538945387409e+05;-1.901190003410423396e-04;1.021535233264439838e-04
1.000000000000000000e+04;1.089887163663141400e+05;-1.232684640099369997e-04;1.782425012607523666e-04
1.000000000000000000e+04;1.089903049726402533e+05;-1.204140164608348546e-04;1.801606754134002129e-04
1.000000000000000000e+04;1.090376672896306991e+05;-2.375117381367520077e-05;2.133827233518018486e-04
1.000000000000000000e+04;1.090392558453167003e+05;-2.036459578732315989e-05;2.136442711845217273e-04
1.000000000000000000e+04;1.090866184326418006e+05;7.992955656465334613e-05;2.011108605849678480e-04
1.000000000000000000e+04;1.090882067446470901e+05;8.305077776974564775e-05;1.997586548524524772e-04
1.000000000000000000e+04;1.091355697395717871e+05;1.654359001143507213e-04;1.382367969802455207e-04
1.000000000000000000e+04;1.091371579518561193e+05;1.675459055916706452e-04;1.356253911674319722e-04
1.000000000000000000e+04;1.091845207638368738e+05;2.109056853254618268e-04;4.531319740351382131e-05
1.000000000000000000e+04;1.091861090813125629e+05;2.115510621633690511e-04;4.196640873503209180e-05
1.000000000000000000e+04;1.092334715913730179e+05;2.072419290797457444e-04;-5.973998675115782563e-05
1.000000000000000000e+04;1.092350599037854263e+05;2.061973920478297789e-04;-6.295706466892266962e-05
1.000000000000000000e+04;1.092824226087259449e+05;1.559449660268116681e-04;-1.478387922113870293e-04
1.000000000000000000e+04;1.092840106896781363e+05;1.535420150680577784e-04;-1.502420219858788318e-04
1.000000000000000000e+04;1.093313738675000059e+05;6.658831648555550231e-05;-2.050698844441971585e-04
1.000000000000000000e+04;1.093329617765677685e+05;6.337169257637790740e-05;-2.059491755092017658e-04
1.000000000000000000e+04;1.093803250341457315e+05;-3.687590421449411397e-05;-2.105133112070379316e-04
1.000000000000000000e+04;1.093819130189698335e+05;-4.017741990038842459e-05;-2.099470009885579913e-04
1.000000000000000000e+04;1.094292759573551448e+05;-1.314866274372230215e-04;-1.689566609124072130e-04
1.000000000000000000e+04;1.094308640662741964e+05;-1.341122508166503870e-04;-1.667494532943076602e-04
1.000000000000000000e+04;1.094782268640717666e+05;-1.951614881012950697e-04;-8.761851154192684633e-05
1.000000000000000000e+04;1.094798149782853725e+05;-1.964207191118352304e-04;-8.457243888992998983e-05
1.000000000000000000e+04;1.095271779541779397e+05;-2.147176372338227405e-04;1.339539231154598585e-05
1.000000000000000000e+04;1.095287660211619077e+05;-2.144241646033159549e-04;1.678274511924356447e-05
1.000000000000000000e+04;1.095761291019991913e+05;-1.821898076384290078e-04;1.120089030290461547e-04
1.000000000000000000e+04;1.095777172131106781e+05;-1.803791401204376751e-04;1.147530181385298802e-04
1.000000000000000000e+04;1.096250801294716221e+05;-1.091691778851553341e-04;1.838447720665666680e-04
1.000000000000000000e+04;1.096266683510346629e+05;-1.062482753518786710e-04;1.855376516691864097e-04
1.000000000000000000e+04;1.096740310448813252e+05;-1.051493840185094685e-05;2.123984932979065734e-04
1.000000000000000000e+04;1.096756192683115223e+05;-7.151792959123226617e-06;2.124440299960578846e-04
1.000000000000000000e+04;1.097229821510560723e+05;8.922428489087031931e-05;1.936740478659319917e-04
1.000000000000000000e+04;1.097245702826202178e+05;9.219790347210096400e-05;1.922128857033835283e-04
1.000000000000000000e+04;1.097719332721295214e+05;1.706070885841160097e-04;1.285285111507673426e-04
1.000000000000000000e+04;1.097735213985566952e+05;1.725277067551680987e-04;1.258195254656445166e-04
1.000000000000000000e+04;1.098208843219457485e+05;2.101810841636440842e-04;3.565792127858331590e-05
1.000000000000000000e+04;1.098224725666124868e+05;2.107021389491893157e-04;3.239066762903021869e-05
1.000000000000000000e+04;1.098698352729338949e+05;2.018265440564206308e-04;-6.704513550531999706e-05
1.000000000000000000e+04;1.098714235305675829e+05;2.007098511019621333e-04;-7.017068089878635625e-05
1.000000000000000000e+04;1.099187863634437817e+05;1.486554721618165136e-04;-1.517691523143661469e-04
1.000000000000000000e+04;1.099203746149353246e+05;1.461784909668637715e-04;-1.540429205305167079e-04
1.000000000000000000e+04;1.099677375017242011e+05;6.126535995495760868e-05;-2.044021228238533953e-04
1.000000000000000000e+04;1.099693258362099878e+05;5.811857041668234156e-05;-2.052271526286543631e-04
1.000000000000000000e+04;1.100166885053131264e+05;-4.245235623435494128e-05;-2.080027961101033691e-04
1.000000000000000000e+04;1.100182769719108182e+05;-4.564590253453130352e-05;-2.073279662343097823e-04
1.000000000000000000e+04;1.100656393955111271e+05;-1.320345974872228411e-04;-1.661123392309369587e-04
1.000000000000000000e+04;1.100672278366426181e+05;-1.346364959684356898e-04;-1.639843264700495016e-04
1.000000000000000000e+04;1.101145904459552112e+05;-1.935527005847372970e-04;-8.560961540896334519e-05
1.000000000000000000e+04;1.101161786579633481e+05;-1.947418165914722142e-04;-8.259670027719955661e-05
1.000000000000000000e+04;1.101635416885285667e+05;-2.127692187687419139e-04;1.322477545884734520e-05
1.000000000000000000e+04;1.101651297340444871e+05;-2.124793242236978398e-04;1.650875304626417894e-05
1.000000000000000000e+04;1.102124927899333852e+05;-1.812311540449267305e-04;1.093212928087432679e-04
1.000000000000000000e+04;1.102140809109979309e+05;-1.795331347813914822e-04;1.120464787964473317e-04
1.000000000000000000e+04;1.102614436805847072e+05;-1.096647807769893527e-04;1.804277509428728386e-04
1.000000000000000000e+04;1.102630317901542876e+05;-1.068179791721917511e-04;1.820888969270585125e-04
1.000000000000000000e+04;1.103103947293589154e+05;-1.565042584535481930e-05;2.108015606737306043e-04
1.000000000000000000e+04;1.103119827180111024e+05;-1.236995671959685367e-05;2.109317283527820076e-04
1.000000000000000000e+04;1.103593459270999883e+05;8.415615280856704092e-05;1.942504365628105925e-04
1.000000000000000000e+04;1.103609338660167414e+05;8.704822617947466932e-05;1.929089361808424734e-04
1.000000000000000000e+04;1.104082970355859434e+05;1.639157482881662851e-04;1.332376411161787801e-04
1.000000000000000000e+04;1.104098850714598666e+05;1.659556466976065637e-04;1.306687876743752312e-04
1.000000000000000000e+04;1.104572479292310745e+05;2.064361884417189891e-04;4.463204488081737401e-05
1.000000000000000000e+04;1.104588360931573843e+05;2.070051277384228540e-04;4.144546900676951786e-05
1.000000000000000000e+04;1.105061988220862695e+05;2.037721127340585655e-04;-5.620482013831860565e-05
1.000000000000000000e+04;1.105077870122005115e+05;2.028667441671029722e-04;-5.928266538067674388e-05
1.000000000000000000e+04;1.105551499321615411e+05;1.549622010585305809e-04;-1.421542773154455853e-04
1.000000000000000000e+04;1.105567381370333314e+05;1.527053282539732066e-04;-1.444904776873718027e-04
1.000000000000000000e+04;1.106041011490625824e+05;7.266710636687094603e-05;-1.975255990197078771e-04
1.000000000000000000e+04;1.106056895716530562e+05;6.962822228425754733e-05;-1.985620803467890371e-04
1.000000000000000000e+04;1.106530521551190468e+05;-2.563883098914414185e-05;-2.084708165112098422e-04
1.000000000000000000e+04;1.106546410257743992e+05;-2.883303249269398387e-05;-2.079773375245518778e-04
1.000000000000000000e+04;1.107020027739338984e+05;-1.193295341513573909e-04;-1.741195659412231160e-04
1.000000000000000000e+04;1.107035919720148522e+05;-1.218870831182146972e-04;-1.722598068973108952e-04
1.000000000000000000e+04;1.107509536978878605e+05;-1.843166519267687420e-04;-9.988003584699824762e-05
1.000000000000000000e+04;1.107525424786440999e+05;-1.858663687127596774e-04;-9.703205552709210876e-05
1.000000000000000000e+04;1.107999050196988101e+05;-2.096642039561480355e-04;-5.690490273606494815e-06
1.000000000000000000e+04;1.108014932573488040e+05;-2.095849151546115335e-04;-2.469318254880926710e-06
1.000000000000000000e+04;1.108488564165825519e+05;-1.899720187840862960e-04;9.057899837273195173e-05
1.000000000000000000e+04;1.108504443921986240e+05;-1.885521839838697313e-04;9.340416369504376897e-05
1.000000000000000000e+04;1.108978075624900666e+05;-1.265856920927199887e-04;1.671652524816154652e-04
1.000000000000000000e+04;1.108993955992055562e+05;-1.240110750922168844e-04;1.690212721943497082e-04
1.000000000000000000e+04;1.109467584049478610e+05;-3.618164388765621740e-05;2.052483798379311792e-04
1.000000000000000000e+04;1.109483465460365551e+05;-3.304662950112995589e-05;2.057595229202911541e-04
1.000000000000000000e+04;1.109957092870465567e+05;6.006590461204390480e-05;2.004401164365331026e-04
1.000000000000000000e+04;1.109972973492850724e+05;6.312472664683959689e-05;1.994012550746727930e-04
1.000000000000000000e+04;1.110446604774535081e+05;1.457449268893410831e-04;1.504578874252567055e-04
1.000000000000000000e+04;1.110462483788432437e+05;1.478953773074856491e-04;1.482248470291737928e-04
1.000000000000000000e+04;1.110936117724642536e+05;1.981105590160927058e-04;6.858485639670443940e-05
1.000000000000000000e+04;1.110951996756861481e+05;1.991181261031974372e-04;6.556584403022337087e-05
1.000000000000000000e+04;1.111425627984494931e+05;2.070117476616316083e-04;-2.876526187963220676e-05
1.000000000000000000e+04;1.111441508700747654e+05;2.064880409184907423e-04;-3.189614035389305268e-05
1.000000000000000000e+04;1.111915135848756036e+05;1.718042450049278146e-04;-1.178067743333004180e-04
1.000000000000000000e+04;1.111931017397699179e+05;1.699327489965457463e-04;-1.203474214613672893e-04
1.000000000000000000e+04;1.112404645254799980e+05;9.961832775789625683e-05;-1.841559423045721817e-04
1.000000000000000000e+04;1.112420525538205693e+05;9.681175280131560669e-05;-1.855596979012746298e-04
1.000000000000000000e+04;1.112894157761039678e+05;5.310989119866908231e-06;-2.072331245272119465e-04
1.000000000000000000e+04;1.112910036601863394e+05;2.180480351636356058e-06;-2.072571246217463513e-04
1.000000000000000000e+04;1.113383670280070073e+05;-8.912794684034874946e-05;-1.878267650949016186e-04
1.000000000000000000e+04;1.113399549607388180e+05;-9.191996007120883819e-05;-1.863945094875619395e-04
1.000000000000000000e+04;1.113873179983581649e+05;-1.644204733280572243e-04;-1.269467037614158567e-04
1.000000000000000000e+04;1.113889060921857745e+05;-1.662826768866575828e-04;-1.244062838290323810e-04
1.000000000000000000e+04;1.114362688372126140e+05;-2.038717791182056342e-04;-3.940879392596523240e-05
1.000000000000000000e+04;1.114378569885368779e+05;-2.043661073236365650e-04;-3.635756661237817591e-05
1.000000000000000000e+04;1.114852198482076346e+05;-1.998908997071422149e-04;5.715435001081677275e-05
1.000000000000000000e+04;1.114868079350150219e+05;-1.989587670662762756e-04;6.017032093035234964e-05
1.000000000000000000e+04;1.115341710518369218e+05;-1.531902195867830172e-04;1.402418653095408052e-04
1.000000000000000000e+04;1.115357591265343071e+05;-1.510180006830895677e-04;1.424480827210460119e-04
1.000000000000000000e+04;1.115831222369254974e+05;-7.269930485239742507e-05;1.939697041409417066e-04
1.000000000000000000e+04;1.115847104594495031e+05;-6.978158863189953148e-05;1.950230328869577846e-04
1.000000000000000000e+04;1.116320732545146893e+05;2.134914068713803775e-05;2.059636925253956240e-04
1.000000000000000000e+04;1.116336617083588644e+05;2.446868737566409212e-05;2.055275480194866959e-04
1.000000000000000000e+04;1.116810241125804314e+05;1.117505618552115453e-04;1.736429594802943444e-04
1.000000000000000000e+04;1.116826127287422423e+05;1.142805192395333517e-04;1.719332418820229105e-04
1.000000000000000000e+04;1.117299750363374624e+05;1.781412888665925799e-04;1.056266018774389961e-04
1.000000000000000000e+04;1.117315634851880313e+05;1.796490595439349011e-04;1.028822268864360256e-04
1.000000000000000000e+04;1.117789261360691162e+05;2.063964105563077486e-04;1.346640934203903948e-05
1.000000000000000000e+04;1.117805143084813462e+05;2.065436936268912256e-04;1.043907432546697569e-05
1.000000000000000000e+04;1.118278773497791844e+05;1.900184075083167731e-04;-7.918780641751213903e-05
1.000000000000000000e+04;1.118294653384609264e+05;1.887464621651350452e-04;-8.206875549078434010e-05
1.000000000000000000e+04;1.118768284783018316e+05;1.355014666295676978e-04;-1.566112431226894834e-04
1.000000000000000000e+04;1.118784164721908601e+05;1.331076182328701826e-04;-1.585078362525603685e-04
1.000000000000000000e+04;1.119257794635557948e+05;5.052977682488956761e-05;-1.999243838924719618e-04
1.000000000000000000e+04;1.119273675196904369e+05;4.753556554435290330e-05;-2.006270831223084768e-04
1.000000000000000000e+04;1.119747304282730329e+05;-4.369749980692618478e-05;-2.019073439048232150e-04
1.000000000000000000e+04;1.119763184956148907e+05;-4.666994548910811139e-05;-2.011740516316114300e-04
1.000000000000000000e+04;1.120236814574191376e+05;-1.289621948614928164e-04;-1.596231935744205847e-04
1.000000000000000000e+04;1.120252695014455530e+05;-1.313253326191239558e-04;-1.576556545335801752e-04
1.000000000000000000e+04;1.120726325214212411e+05;-1.863286594258067202e-04;-8.697539793279619790e-05
1.000000000000000000e+04;1.120742205361610249e+05;-1.875171117647281152e-04;-8.412739974962126573e-05
1.000000000000000000e+04;1.121215836059167923e+05;-2.053330121595991001e-04;6.504951988429050441e-06
1.000000000000000000e+04;1.121231715927111945e+05;-2.051703262984518701e-04;9.505329571926018857e-06
1.000000000000000000e+04;1.121705347254359658e+05;-1.807501474123076777e-04;9.724828063695603077e-05
1.000000000000000000e+04;1.121721226979134080e+05;-1.792208509284597020e-04;9.991458839851912290e-05
1.000000000000000000e+04;1.122194857923719392e+05;-1.184589017105347816e-04;1.669075064941479935e-04
1.000000000000000000e+04;1.122210738168172975e+05;-1.159682314416287047e-04;1.686292189570464241e-04
1.000000000000000000e+04;1.122684367512955214e+05;-3.164592733486825700e-05;2.023782498392031920e-04
1.000000000000000000e+04;1.122700248446056212e+05;-2.858751495043437089e-05;2.027314103169748898e-04
1.000000000000000000e+04;1.123173877147438034e+05;6.107142028239406339e-05;1.962586190713535780e-04
1.000000000000000000e+04;1.123189757633900299e+05;6.392879488191373740e-05;1.953046829827478437e-04
1.000000000000000000e+04;1.123663387982995773e+05;1.416620321955244311e-04;1.478243886696647437e-04
1.000000000000000000e+04;1.123679267679176410e+05;1.437968622407550222e-04;1.456816510910904016e-04
1.000000000000000000e+04;1.124152899746796757e+05;1.925976973128238560e-04;6.991447696345742650e-05
1.000000000000000000e+04;1.124168779175332893e+05;1.935708439661913986e-04;6.703478259483508213e-05
1.000000000000000000e+04;1.124642410678884335e+05;2.028013959866292412e-04;-2.134582365167854811e-05
1.000000000000000000e+04;1.124658290868709737e+05;2.024084897694856597e-04;-2.434520239908315851e-05
1.000000000000000000e+04;1.125131920081062999e+05;1.720595133856125730e-04;-1.105143147740451464e-04
1.000000000000000000e+04;1.125147801233960927e+05;1.703527578729775076e-04;-1.129676553301754108e-04
1.000000000000000000e+04;1.125621429393173603e+05;1.056703467950520899e-04;-1.740317059193022622e-04
1.000000000000000000e+04;1.125637310809375485e+05;1.030680227366152535e-04;-1.755757549197587569e-04
1.000000000000000000e+04;1.126110940208830580e+05;1.726314093255623106e-05;-2.030990092651744987e-04
1.000000000000000000e+04;1.126126821748208458e+05;1.427238097587398813e-05;-2.032424415631529208e-04
1.000000000000000000e+04;1.126600451899302134e+05;-7.398192672606029299e-05;-1.900589266462279596e-04
1.000000000000000000e+04;1.126616334990165487e+05;-7.677448236635895360e-05;-1.889073418637753380e-04
1.000000000000000000e+04;1.127089962052670598e+05;-1.502641959648189399e-04;-1.383370841557167788e-04
1.000000000000000000e+04;1.127105848440237169e+05;-1.522156595546776973e-04;-1.360915752799861866e-04
1.000000000000000000e+04;1.127579469209242670e+05;-1.949298750968208975e-04;-5.717923176861073502e-05
1.000000000000000000e+04;1.127595357993339130e+05;-1.957413660804319003e-04;-5.428076712461128608e-05
1.000000000000000000e+04;1.128068978905340482e+05;-2.008372316125135260e-04;3.289213587481961115e-05
1.000000000000000000e+04;1.128084864426434797e+05;-2.002242897958100832e-04;3.583627622901553237e-05
1.000000000000000000e+04;1.128558491658290877e+05;-1.647494967686815334e-04;1.191049813207849435e-04
1.000000000000000000e+04;1.128574373151813634e+05;-1.629874261440231891e-04;1.214438188804705759e-04
1.000000000000000000e+04;1.129048004902411194e+05;-9.560886653211290661e-05;1.786375239377574822e-04
1.000000000000000000e+04;1.129063884755113104e+05;-9.293798483318732617e-05;1.800036110771802622e-04
1.000000000000000000e+04;1.129537515950115776e+05;-6.777252888164605278e-06;2.023032441920207751e-04
1.000000000000000000e+04;1.129553396936005302e+05;-3.809525603004656065e-06;2.023323642306144464e-04
1.000000000000000000e+04;1.130027024307320535e+05;8.155981027912066511e-05;1.856002746373916978e-04
1.000000000000000000e+04;1.130042907136396680e+05;8.426308387590789029e-05;1.842997722369483973e-04
1.000000000000000000e+04;1.130516532854802354e+05;1.565029190695020221e-04;1.306993573970549746e-04
1.000000000000000000e+04;1.130532416803735687e+05;1.582963824728576829e-04;1.284180088522857827e-04
1.000000000000000000e+04;1.131006043913265312e+05;1.961520787636985544e-04;4.904662781660471790e-05
1.000000000000000000e+04;1.131021929815174663e+05;1.968787384076076770e-04;4.614586287788973834e-05
1.000000000000000000e+04;1.131495555393192044e+05;1.980812637641521108e-04;-4.090357033334132957e-05
1.000000000000000000e+04;1.131511446687533025e+05;1.973605643690847173e-04;-4.379661643355699604e-05
1.000000000000000000e+04;1.131985063729763060e+05;1.601011482871444222e-04;-1.232850710229036189e-04
1.000000000000000000e+04;1.132000962720675743e+05;1.582333582364933949e-04;-1.255457778613747232e-04
1.000000000000000000e+04;1.132474567655600695e+05;8.985930681038515721e-05;-1.816323865819661576e-04
1.000000000000000000e+04;1.132490465207140660e+05;8.721974273897693656e-05;-1.828714820934047793e-04
1.000000000000000000e+04;1.132964080743158993e+05;2.778617834441530389e-07;-2.007607986132844123e-04
1.000000000000000000e+04;1.132979969372661726e+05;-2.667151849434640333e-06;-2.007343199445032296e-04
1.000000000000000000e+04;1.133453596619458549e+05;-8.601309822904301412e-05;-1.824878370969382918e-04
1.000000000000000000e+04;1.133469478248171072e+05;-8.865938063825720716e-05;-1.811234564905584278e-04
1.000000000000000000e+04;1.133943110717405070e+05;-1.579962822342466172e-04;-1.259422980049093046e-04
1.000000000000000000e+04;1.133958990718741552e+05;-1.597252015675833096e-04;-1.236235189638924272e-04
1.000000000000000000e+04;1.134432620303794538e+05;-1.970508288225858863e-04;-4.516563869480471179e-05
1.000000000000000000e+04;1.134448501569155196e+05;-1.976515417076758904e-04;-4.231160138948333963e-05
1.000000000000000000e+04;1.134922128167068004e+05;-1.960274895355179831e-04;4.542515175158137297e-05
1.000000000000000000e+04;1.134938009555772733e+05;-1.953278519490088123e-04;4.827121339334691693e-05
1.000000000000000000e+04;1.135411638631284295e+05;-1.574665652063224862e-04;1.247516662684703390e-04
1.000000000000000000e+04;1.135427518488216156e+05;-1.555436311260524184e-04;1.269791217776125353e-04
1.000000000000000000e+04;1.135901151391746535e+05;-8.699870564019847709e-05;1.820179512218097909e-04
1.000000000000000000e+04;1.135917030536579114e+05;-8.438865854755720397e-05;1.831883382396871625e-04
1.000000000000000000e+04;1.136390662930507824e+05;9.064643365182210414e-07;2.004043600579903683e-04
1.000000000000000000e+04;1.136406543355666508e+05;3.833587580127536343e-06;2.003369481153877553e-04
1.000000000000000000e+04;1.136880171952797391e+05;8.764660313968907911e-05;1.810099855627881336e-04
1.000000000000000000e+04;1.136896054375184758e+05;9.021669499724876181e-05;1.796718155067463147e-04
1.000000000000000000e+04;1.137369681187369570e+05;1.571232697139590456e-04;1.247307297953157118e-04
1.000000000000000000e+04;1.137385564154831372e+05;1.588707060218143914e-04;1.224103543983079705e-04
1.000000000000000000e+04;1.137859191177411558e+05;1.964345495253188819e-04;4.486173650296631035e-05
1.000000000000000000e+04;1.137875074359149439e+05;1.969873055002969108e-04;4.202562748093826027e-05
1.000000000000000000e+04;1.138348702009286790e+05;1.949311518515722721e-04;-4.428471380903490213e-05
1.000000000000000000e+04;1.138364584537870542e+05;1.942599177904962829e-04;-4.708189724900671303e-05
1.000000000000000000e+04;1.138838213540125871e+05;1.574220387536311345e-04;-1.242186053562751940e-04
1.000000000000000000e+04;1.138854095235446293e+05;1.555204105886147316e-04;-1.264343134380416375e-04
1.000000000000000000e+04;1.139327725065521081e+05;8.757012743517383999e-05;-1.794860236993920267e-04
1.000000000000000000e+04;1.139343606746755686e+05;8.500180454753610449e-05;-1.806800868237395886e-04
1.000000000000000000e+04;1.139817235124075087e+05;1.071286733876007046e-06;-1.999147283631167924e-04
1.000000000000000000e+04;1.139833117881966464e+05;-1.825020714186215391e-06;-1.998591285014486704e-04
1.000000000000000000e+04;1.140306742927402520e+05;-8.532680369150901693e-05;-1.803309605748406469e-04
1.000000000000000000e+04;1.140322626368813362e+05;-8.788819279222461790e-05;-1.790452097647681547e-04
1.000000000000000000e+04;1.140796253553619899e+05;-1.545114217432005553e-04;-1.270130689235973644e-04
1.000000000000000000e+04;1.140812134784747905e+05;-1.562740597901654419e-04;-1.247474779117628205e-04
1.000000000000000000e+04;1.141285765986972256e+05;-1.947866020745536123e-04;-4.699224621454156637e-05
1.000000000000000000e+04;1.141301645481662999e+05;-1.953819345511809407e-04;-4.419998781768344682e-05
1.000000000000000000e+04;1.141775278788103024e+05;-1.955469741945747560e-04;3.948533739766481201e-05
1.000000000000000000e+04;1.141791158401881985e+05;-1.949307444939308383e-04;4.227796397687953668e-05
1.000000000000000000e+04;1.142264788812955230e+05;-1.592583254879835020e-04;1.208773863509367724e-04
1.000000000000000000e+04;1.142280670310500573e+05;-1.574646101366716094e-04;1.230960281697552131e-04
1.000000000000000000e+04;1.142754296608995355e+05;-9.213840384721378558e-05;1.758349691088958175e-04
1.000000000000000000e+04;1.142770179028473212e+05;-8.958611952951354442e-05;1.771038074831355474e-04
1.000000000000000000e+04;1.143243805696059280e+05;-7.166621267609878423e-06;1.994382164968923235e-04
1.000000000000000000e+04;1.143259686726441578e+05;-4.333871130909988894e-06;1.994488551816434821e-04
1.000000000000000000e+04;1.143733317895543878e+05;7.908745337158510323e-05;1.817885052841183673e-04
1.000000000000000000e+04;1.143749197505841876e+05;8.166456625519577810e-05;1.806186744485151685e-04
1.000000000000000000e+04;1.144222830946147296e+05;1.496789110791426161e-04;1.316359408560729104e-04
1.000000000000000000e+04;1.144238710905460321e+05;1.514862494366718039e-04;1.294433501416111538e-04
1.000000000000000000e+04;1.144712341785081808e+05;1.913349235808952829e-04;5.376683450682262608e-05
1.000000000000000000e+04;1.144728223689293372e+05;1.920552395525869718e-04;5.104572991793981425e-05
1.000000000000000000e+04;1.145201850203548966e+05;1.962436593299770877e-04;-3.176692606190110698e-05
1.000000000000000000e+04;1.145217733541355265e+05;1.956920256699550627e-04;-3.456929985598368514e-05
1.000000000000000000e+04;1.145691358622413682e+05;1.636726968952543007e-04;-1.133770705635134019e-04
1.000000000000000000e+04;1.145707241500960226e+05;1.620257098974770059e-04;-1.156208737781861252e-04
1.000000000000000000e+04;1.146180869143148157e+05;9.940755523052169406e-05;-1.713632061906219281e-04
1.000000000000000000e+04;1.146196750203209958e+05;9.692795366869935128e-05;-1.727464918104635726e-04
1.000000000000000000e+04;1.146670381187820167e+05;1.659826379369585051e-05;-1.973099950975920321e-04
1.000000000000000000e+04;1.146686261371337314e+05;1.380528842332519863e-05;-1.974451038209989486e-04
1.000000000000000000e+04;1.147159893429239455e+05;-6.906624483530024656e-05;-1.854522650804413611e-04
1.000000000000000000e+04;1.147175774647655489e+05;-7.169159598417431311e-05;-1.844220232491593290e-04
1.000000000000000000e+04;1.147649403997107001e+05;-1.414664341846135051e-04;-1.381137081487130737e-04
1.000000000000000000e+04;1.147665288447216881e+05;-1.433420236055483403e-04;-1.360406937940897298e-04
1.000000000000000000e+04;1.148138912093994004e+05;-1.871384380487903796e-04;-6.485135248575261502e-05
1.000000000000000000e+04;1.148154800651241821e+05;-1.880063597337189166e-04;-6.220168119149720783e-05
1.000000000000000000e+04;1.148628418914166105e+05;-1.963454129923288439e-04;2.101056614136210315e-05
1.000000000000000000e+04;1.148644305361090665e+05;-1.959708518012401475e-04;2.380505041193285427e-05
1.000000000000000000e+04;1.149117930823468196e+05;-1.688394241060633386e-04;1.016732761285553377e-04
1.000000000000000000e+04;1.149133812575693446e+05;-1.673437703102328912e-04;1.040062996712681130e-04
1.000000000000000000e+04;1.149607445090663969e+05;-1.093150826849786754e-04;1.644416175154800005e-04
1.000000000000000000e+04;1.149623323998719861e+05;-1.069369062298155756e-04;1.659391310537740457e-04
1.000000000000000000e+04;1.150096957939499989e+05;-2.941770313105389589e-05;1.940845899687007581e-04
1.000000000000000000e+04;1.150112837579532352e+05;-2.667905745203456774e-05;1.944206421341945843e-04
1.000000000000000000e+04;1.150586466732122062e+05;5.663399076407406557e-05;1.890987808377410752e-04
1.000000000000000000e+04;1.150602348697948182e+05;5.927946021913779566e-05;1.882386751901543793e-04
1.000000000000000000e+04;1.151075973945841397e+05;1.307941624328322892e-04;1.463268970130386713e-04
1.000000000000000000e+04;1.151091856623250642e+05;1.328319051212306266e-04;1.444402463541134525e-04
1.000000000000000000e+04;1.151565484286475694e+05;1.804850370747353757e-04;7.820439153824027781e-05
1.000000000000000000e+04;1.151581365734621068e+05;1.815144555448214530e-04;7.561648785110051593e-05
1.000000000000000000e+04;1.152054998300879233e+05;1.968906087398646890e-04;-6.112916866317980762e-06
1.000000000000000000e+04;1.152070879523589683e+05;1.967224063106966540e-04;-8.865459504602215575e-06
1.000000000000000000e+04;1.152544511223489535e+05;1.754957597655821665e-04;-8.798454094433393979e-05
1.000000000000000000e+04;1.152560395243610692e+05;1.742191217648429800e-04;-9.042384965373312421e-05
1.000000000000000000e+04;1.153034019073715754e+05;1.211753147682074886e-04;-1.540788236143755233e-04
1.000000000000000000e+04;1.153049906582597905e+05;1.189695256605820576e-04;-1.557346256418141095e-04
1.000000000000000000e+04;1.153523524194169004e+05;4.517409125037056617e-05;-1.901742502507737834e-04
1.000000000000000000e+04;1.153539411553124664e+05;4.245580421280680796e-05;-1.907540549367642410e-04
1.000000000000000000e+04;1.154013036047744390e+05;-3.934619282638866479e-05;-1.919480161169111632e-04
1.000000000000000000e+04;1.154028918148353259e+05;-4.199562856490420741e-05;-1.912998662752248924e-04
1.000000000000000000e+04;1.154502549940532626e+05;-1.176841498089495000e-04;-1.572360800424267850e-04
1.000000000000000000e+04;1.154518429120115907e+05;-1.198437686022775647e-04;-1.555750652912915252e-04
1.000000000000000000e+04;1.154992063042930095e+05;-1.718861853125702754e-04;-9.298988477156214065e-05
1.000000000000000000e+04;1.155007943454071210e+05;-1.731565548987761731e-04;-9.053484454973008801e-05
1.000000000000000000e+04;1.155481571854904760e+05;-1.956037770228643224e-04;-1.304539995278487291e-05
1.000000000000000000e+04;1.155497455525697151e+05;-1.956960418821663866e-04;-1.030317610187374615e-05
1.000000000000000000e+04;1.155971078596800216e+05;-1.827103195753196211e-04;7.076139778184754978e-05
1.000000000000000000e+04;1.155986962101276440e+05;-1.816462729012404667e-04;7.327533248699947253e-05
1.000000000000000000e+04;1.156460588674655737e+05;-1.362406495230728963e-04;1.401059684427859403e-04
1.000000000000000000e+04;1.156476470609713870e+05;-1.342565187227552843e-04;1.419520207220879848e-04
1.000000000000000000e+04;1.156950102534875914e+05;-6.364992221512265379e-05;1.842340199419226503e-04
1.000000000000000000e+04;1.156965984440805332e+05;-6.104810147650203544e-05;1.850749297470097657e-04
1.000000000000000000e+04;1.157439615193215577e+05;1.845659842433072299e-05;1.930178602699469655e-04
1.000000000000000000e+04;1.157455500589118456e+05;2.116626283897152835e-05;1.926766325328492285e-04
1.000000000000000000e+04;1.157929123025306035e+05;9.885777627926015760e-05;1.682128489064344272e-04
1.000000000000000000e+04;1.157945013434904249e+05;1.011464358659721230e-04;1.667714432896410170e-04
1.000000000000000000e+04;1.158418628902502969e+05;1.597933660661573466e-04;1.100224341869096090e-04
1.000000000000000000e+04;1.158434518188894290e+05;1.612841115295469193e-04;1.077771424543390370e-04
1.000000000000000000e+04;1.158908138783471659e+05;1.918135072798524707e-04;3.395664898799655396e-05
1.000000000000000000e+04;1.158924023554583546e+05;1.922276338574215753e-04;3.125926476156383536e-05
1.000000000000000000e+04;1.159397653905789775e+05;1.877589549404941663e-04;-4.995839266653399115e-05
1.000000000000000000e+04;1.159413534797657048e+05;1.870047722373946095e-04;-5.253863903347257919e-05
1.000000000000000000e+04;1.159887167746357882e+05;1.506105928296745883e-04;-1.232458411888018453e-04
1.000000000000000000e+04;1.159903049251465709e+05;1.488367153333717294e-04;-1.253075508265080881e-04
1.000000000000000000e+04;1.160376676615664765e+05;8.487408378968082877e-05;-1.750553580439946503e-04
1.000000000000000000e+04;1.160392560780782514e+05;8.243455688584158940e-05;-1.761603503155244669e-04
1.000000000000000000e+04;1.160866183177252533e+05;4.418519146976876237e-06;-1.939039795714117683e-04
1.000000000000000000e+04;1.160882067547091719e+05;1.721094301167701406e-06;-1.939149550874553856e-04
1.000000000000000000e+04;1.161355693069407571e+05;-7.684436369772930701e-05;-1.782343534029726996e-04
1.000000000000000000e+04;1.161371574230672850e+05;-7.928893126785359401e-05;-1.771008863254125811e-04
1.000000000000000000e+04;1.161845207030811580e+05;-1.436220792661840721e-04;-1.295468914507472819e-04
1.000000000000000000e+04;1.161861086258424330e+05;-1.453691150071260659e-04;-1.275285677308569986e-04
1.000000000000000000e+04;1.162334720502472046e+05;-1.846892713302997603e-04;-5.795543148183248528e-05
1.000000000000000000e+04;1.162350601453616109e+05;-1.854245735104625146e-04;-5.536666561632630956e-05
1.000000000000000000e+04;1.162824229158710368e+05;-1.916757143043383181e-04;2.401422166645707847e-05
1.000000000000000000e+04;1.162840113637355098e+05;-1.912869933280694681e-04;2.664125098254103939e-05
1.000000000000000000e+04;1.163313734812231560e+05;-1.641172359094100362e-04;1.020225505739468463e-04
1.000000000000000000e+04;1.163329620819030679e+05;-1.626557900737280328e-04;1.042608699894226738e-04
1.000000000000000000e+04;1.163803245273575012e+05;-1.069085807675036824e-04;1.605516805610061925e-04
1.000000000000000000e+04;1.163819127677338256e+05;-1.046567691984943369e-04;1.619821431512009848e-04
1.000000000000000000e+04;1.164292758157038916e+05;-3.058261868433700357e-05;1.908260633806805652e-04
1.000000000000000000e+04;1.164308637521258352e+05;-2.794385070878433445e-05;1.911805426035022184e-04
1.000000000000000000e+04;1.164782271983922838e+05;5.120717350247329294e-05;1.861347660678038007e-04
1.000000000000000000e+04;1.164798150669001625e+05;5.375415514360392419e-05;1.853743212194129708e-04
1.000000000000000000e+04;1.165271782927728200e+05;1.236731195476816023e-04;1.486911718926682883e-04
1.000000000000000000e+04;1.165287663414388662e+05;1.256662304283755443e-04;1.469401393752018086e-04
1.000000000000000000e+04;1.165761290509490937e+05;1.738559860658457786e-04;8.365775179855755985e-05
1.000000000000000000e+04;1.165777172755743377e+05;1.749626307736432747e-04;8.126134286145262839e-05
1.000000000000000000e+04;1.166250798337214801e+05;1.922898800588372485e-04;4.980871168374740558e-06
1.000000000000000000e+04;1.166266680213224317e+05;1.922872212234899905e-04;2.313000427229707381e-06
1.000000000000000000e+04;1.166740309683807282e+05;1.772278204928334137e-04;-7.516015905992966164e-05
1.000000000000000000e+04;1.166756190081127861e+05;1.761263129218788664e-04;-7.753954900888597793e-05
1.000000000000000000e+04;1.167229823310842912e+05;1.298091676909312263e-04;-1.414604975211774043e-04
1.000000000000000000e+04;1.167245703989186295e+05;1.278330376958586897e-04;-1.432036667952724844e-04
1.000000000000000000e+04;1.167719335001186409e+05;5.938093611623469699e-05;-1.823898573390901070e-04
1.000000000000000000e+04;1.167735218606896960e+05;5.686977712042799954e-05;-1.831337216541039162e-04
1.000000000000000000e+04;1.168208842902759934e+05;-2.116717305121878706e-05;-1.903255165738721160e-04
1.000000000000000000e+04;1.168224729481388495e+05;-2.380006025802061830e-05;-1.899974617370915587e-04
1.000000000000000000e+04;1.168698349920425244e+05;-9.732312234645573712e-05;-1.649950256168028701e-04
1.000000000000000000e+04;1.168714235938252241e+05;-9.953127194080236184e-05;-1.635648247113535110e-04
1.000000000000000000e+04;1.169187860626824986e+05;-1.576324671711224498e-04;-1.103083976057238596e-04
1.000000000000000000e+04;1.169203742542743275e+05;-1.590824140987512803e-04;-1.081583031824053323e-04
1.000000000000000000e+04;1.169677374750950112e+05;-1.879029031611394000e-04;-3.532814299131638330e-05
1.000000000000000000e+04;1.169693253789088485e+05;-1.883521601193520240e-04;-3.273255534130991613e-05
1.000000000000000000e+04;1.170166887895770487e+05;-1.858537463641772331e-04;4.434852144892923890e-05
1.000000000000000000e+04;1.170182767316135578e+05;-1.851761488025497671e-04;4.687552002192610861e-05
1.000000000000000000e+04;1.170656396897429076e+05;-1.511064483307491256e-04;1.170201547038229412e-04
1.000000000000000000e+04;1.170672278394063906e+05;-1.494397783231504674e-04;1.190464146254932527e-04
1.000000000000000000e+04;1.171145903921452700e+05;-8.953597703829738348e-05;1.685502673698891451e-04
1.000000000000000000e+04;1.171161785782226652e+05;-8.723751969935172781e-05;1.696938009307891963e-04
1.000000000000000000e+04;1.171635414020484022e+05;-1.144740517084168032e-05;1.904571767622908357e-04
1.000000000000000000e+04;1.171651293814929377e+05;-8.836329449996278452e-06;1.905867406370076098e-04
1.000000000000000000e+04;1.172124927951202262e+05;6.660271356335132080e-05;1.779737425780745499e-04
1.000000000000000000e+04;1.172140806383505696e+05;6.902441387300115960e-05;1.769933053121339097e-04
1.000000000000000000e+04;1.172614440714483062e+05;1.345128362730373800e-04;1.357172513070486726e-04
1.000000000000000000e+04;1.172630320986477454e+05;1.362946138229909640e-04;1.338387256895361881e-04
1.000000000000000000e+04;1.173103948659625603e+05;1.780633926486728047e-04;6.828027094509760608e-05
1.000000000000000000e+04;1.173119831232597062e+05;1.789420337469505961e-04;6.585623283306286230e-05
1.000000000000000000e+04;1.173593455630307872e+05;1.900204607405940604e-04;-1.009688363319700639e-05
1.000000000000000000e+04;1.173609337479596143e+05;1.898413074157915810e-04;-1.268536895663979465e-05
1.000000000000000000e+04;1.174082967357858579e+05;1.689184766205434319e-04;-8.686820297344401045e-05
1.000000000000000000e+04;1.174098846313620597e+05;1.676636275786296047e-04;-8.913318143124013715e-05
1.000000000000000000e+04;1.174572481643763167e+05;1.190412712166289902e-04;-1.480715754080030367e-04
1.000000000000000000e+04;1.174588359963011171e+05;1.169995094330840917e-04;-1.496430672804010620e-04
1.000000000000000000e+04;1.175061992751582875e+05;4.720118260795311597e-05;-1.836265019404625216e-04
1.000000000000000000e+04;1.175077873339427460e+05;4.470572328862290991e-05;-1.841977551082191016e-04
1.000000000000000000e+04;1.175551499773326796e+05;-3.172875976818833688e-05;-1.868613679021915931e-04
1.000000000000000000e+04;1.175567382196310355e+05;-3.426328894681702147e-05;-1.863965744702233127e-04
1.000000000000000000e+04;1.176041007993473468e+05;-1.051798944113990195e-04;-1.575865536056696940e-04
1.000000000000000000e+04;1.176056889419986837e+05;-1.072883308489875769e-04;-1.560973115876355553e-04
1.000000000000000000e+04;1.176530520675703447e+05;-1.604306058110058328e-04;-1.011535675854625829e-04
1.000000000000000000e+04;1.176546400353010977e+05;-1.617385796307130037e-04;-9.897418901366049511e-05
1.000000000000000000e+04;1.177020034606926056e+05;-1.879600045313866146e-04;-2.707653983834628291e-05
1.000000000000000000e+04;1.177035914970858139e+05;-1.882830342112471703e-04;-2.450833108990675899e-05
1.000000000000000000e+04;1.177509545185545139e+05;-1.820984568087776574e-04;5.126517504083760984e-05
1.000000000000000000e+04;1.177525428403690166e+05;-1.813543125858965374e-04;5.368029110856568708e-05
1.000000000000000000e+04;1.177999052408118878e+05;-1.457269015849514107e-04;1.212302229426918986e-04
1.000000000000000000e+04;1.178014937263005995e+05;-1.440460565329050081e-04;1.231876685314401657e-04
1.000000000000000000e+04;1.178488560428412748e+05;-8.372043775172014488e-05;1.692272656053674638e-04
1.000000000000000000e+04;1.178504443988150742e+05;-8.141059687546725902e-05;1.702874338719770602e-04
1.000000000000000000e+04;1.178978072138819407e+05;-7.686935019612985164e-06;1.889997047554283296e-04
1.000000000000000000e+04;1.178993952967990044e+05;-5.151774350481472034e-06;1.890619698987006580e-04
1.000000000000000000e+04;1.179467584991826880e+05;7.018759836788015789e-05;1.755083036023669075e-04
1.000000000000000000e+04;1.179483465236759075e+05;7.253450171146755775e-05;1.745023936938292907e-04
1.000000000000000000e+04;1.179957096366672777e+05;1.346413485929002466e-04;1.323875605119968204e-04
1.000000000000000000e+04;1.179972977863983251e+05;1.363888338424940852e-04;1.305606835202040837e-04
1.000000000000000000e+04;1.180446605574379937e+05;1.773527617719244899e-04;6.623993875321445971e-05
1.000000000000000000e+04;1.180462488204104593e+05;1.781761216108641431e-04;6.382084474221188576e-05
1.000000000000000000e+04;1.180936114690537070e+05;1.887094154140214178e-04;-1.062361635817677203e-05
1.000000000000000000e+04;1.180951997091810772e+05;1.885166961094220399e-04;-1.313070347437796391e-05
1.000000000000000000e+04;1.181425624991585646e+05;1.682945951474439528e-04;-8.607038948579191990e-05
1.000000000000000000e+04;1.181441506525379955e+05;1.670993205500715469e-04;-8.830751783600795381e-05
1.000000000000000000e+04;1.181915135834091489e+05;1.185810640260705461e-04;-1.462329662888392728e-04
1.000000000000000000e+04;1.181931016823382379e+05;1.165780252635425677e-04;-1.477716235148362437e-04
1.000000000000000000e+04;1.182404646729892556e+05;5.018722334523159048e-05;-1.818359249053972076e-04
1.000000000000000000e+04;1.182420527275288041e+05;4.773393331024568232e-05;-1.824455003581193773e-04
1.000000000000000000e+04;1.182894158300958225e+05;-2.853163802955170931e-05;-1.861104946811303060e-04
1.000000000000000000e+04;1.182910038256068510e+05;-3.098368669064844027e-05;-1.856800304441945534e-04
1.000000000000000000e+04;1.183383669938626117e+05;-1.006546778709111931e-04;-1.588213597948792905e-04
1.000000000000000000e+04;1.183399550516319869e+05;-1.027730015315947296e-04;-1.574208501606279254e-04
1.000000000000000000e+04;1.183873179865762795e+05;-1.562983371832879097e-04;-1.051682974244652174e-04
1.000000000000000000e+04;1.183889062725950353e+05;-1.576339460562471901e-04;-1.030515128439491107e-04
1.000000000000000000e+04;1.184362687215870974e+05;-1.852289834926634847e-04;-3.303928502500582163e-05
1.000000000000000000e+04;1.184378570029747498e+05;-1.856103176533801689e-04;-3.056105482125436891e-05
1.000000000000000000e+04;1.184852197291066550e+05;-1.831242784501072138e-04;4.398043317440690974e-05
1.000000000000000000e+04;1.184868078822503303e+05;-1.824799151164932022e-04;4.639697790641687564e-05
1.000000000000000000e+04;1.185341710230241588e+05;-1.491671822112106279e-04;1.134110835945193840e-04
1.000000000000000000e+04;1.185357591698036558e+05;-1.476184701467796840e-04;1.153822864052207075e-04
1.000000000000000000e+04;1.185831222420502600e+05;-9.144841030760003935e-05;1.638148598930834151e-04
1.000000000000000000e+04;1.185847106553264748e+05;-8.920703000069226676e-05;1.649451665269083928e-04
1.000000000000000000e+04;1.186320730079979403e+05;-1.750336501206989432e-05;1.866672749792663063e-04
1.000000000000000000e+04;1.186336617320274527e+05;-1.504899709709839832e-05;1.868704122409496876e-04
1.000000000000000000e+04;1.186810235988081258e+05;5.906585574576014646e-05;1.772638656891128289e-04
1.000000000000000000e+04;1.186826122712654760e+05;6.143429439408912523e-05;1.764002989614281284e-04
1.000000000000000000e+04;1.187299748791519814e+05;1.250158996236726977e-04;1.393465305318929842e-04
1.000000000000000000e+04;1.187315630512132193e+05;1.268155788878119652e-04;1.376517839268716597e-04
1.000000000000000000e+04;1.187789263117859373e+05;1.706022957546514049e-04;7.719745569597846941e-05
1.000000000000000000e+04;1.187805141914456617e+05;1.715714414466505840e-04;7.489761371685745603e-05
1.000000000000000000e+04;1.188278776117481175e+05;1.872072072744774738e-04;2.404569353981210510e-06
1.000000000000000000e+04;1.188294655660055578e+05;1.871771929868053968e-04;-5.591668970497032221e-08
1.000000000000000000e+04;1.188768285060363123e+05;1.723101647206258199e-04;-7.212286151129579923e-05
1.000000000000000000e+04;1.188784166873580980e+05;1.713128993780146242e-04;-7.442156778806801123e-05
1.000000000000000000e+04;1.189257792548818834e+05;1.290216349776085762e-04;-1.350044988669514751e-04
1.000000000000000000e+04;1.189273675067229487e+05;1.271594123919991099e-04;-1.366293018077951278e-04
1.000000000000000000e+04;1.189747302836702293e+05;6.448801885416243624e-05;-1.753436971092362537e-04
1.000000000000000000e+04;1.189763184294527455e+05;6.217080446593415777e-05;-1.761721720279076184e-04
1.000000000000000000e+04;1.190236815935057675e+05;-1.156597668489267406e-05;-1.857222487464307696e-04
1.000000000000000000e+04;1.190252697021585045e+05;-1.403159680617078058e-05;-1.854971186932508282e-04
1.000000000000000000e+04;1.190726328091094183e+05;-8.427929188050327120e-05;-1.659319700294165404e-04
1.000000000000000000e+04;1.190742210689895292e+05;-8.646033869660508663e-05;-1.647696455739466436e-04
1.000000000000000000e+04;1.191215837487252866e+05;-1.437534104495146988e-04;-1.186854869744061186e-04
1.000000000000000000e+04;1.191231721688645630e+05;-1.452608990781948978e-04;-1.167358158042699763e-04
1.000000000000000000e+04;1.191705346234215249e+05;-1.792631427731184769e-04;-5.100374471968132810e-05
1.000000000000000000e+04;1.191721230128876341e+05;-1.798841169039362394e-04;-4.864704931862384127e-05
1.000000000000000000e+04;1.192194856741553813e+05;-1.846082514514911174e-04;2.393049195572603723e-05
1.000000000000000000e+04;1.192210740101127740e+05;-1.842437805248211310e-04;2.639031602054294523e-05
1.000000000000000000e+04;1.192684367679800198e+05;-1.597188079380238747e-04;9.525811269869364074e-05
1.000000000000000000e+04;1.192700250881304819e+05;-1.584009151296839198e-04;9.731390098480872789e-05
1.000000000000000000e+04;1.193173878849391913e+05;-1.088494679139992145e-04;1.509763300645910143e-04
1.000000000000000000e+04;1.193189762746878405e+05;-1.068164117584681982e-04;1.523668743851079631e-04
1.000000000000000000e+04;1.193663389326102042e+05;-3.964120754323493303e-05;1.813407647279847621e-04
1.000000000000000000e+04;1.193679274760896078e+05;-3.726285044864762456e-05;1.818106718134993309e-04
1.000000000000000000e+04;1.194152898328935989e+05;3.588913166677676678e-05;1.817595855146135247e-04
1.000000000000000000e+04;1.194168785188300099e+05;3.830106911153588240e-05;1.812319453222135609e-04
1.000000000000000000e+04;1.194642406306351913e+05;1.046574585017548712e-04;1.528897764644044841e-04
1.000000000000000000e+04;1.194658291753743979e+05;1.066194437918087390e-04;1.514564316566856098e-04
1.000000000000000000e+04;1.195131918726136792e+05;1.573170529661159479e-04;9.855687966434946955e-05
1.000000000000000000e+04;1.195147800752727635e+05;1.585722988401186656e-04;9.646538597885954307e-05
1.000000000000000000e+04;1.195621431479510211e+05;1.830482825376160514e-04;2.811308562058606396e-05
1.000000000000000000e+04;1.195637311905067181e+05;1.833498978258070228e-04;2.570716247717504132e-05
1.000000000000000000e+04;1.196110942417230544e+05;1.795564438467810110e-04;-4.635996148142723866e-05
1.000000000000000000e+04;1.196126823900767340e+05;1.789146244447107443e-04;-4.871527725765786263e-05
1.000000000000000000e+04;1.196600451181344688e+05;1.460443141129895927e-04;-1.134884027767493666e-04
1.000000000000000000e+04;1.196616333873855474e+05;1.444814161361880774e-04;-1.153572932760679411e-04
1.000000000000000000e+04;1.197089960640031641e+05;8.981110537561582373e-05;-1.618761735591272004e-04
1.000000000000000000e+04;1.197105843002735928e+05;8.768777206006705786e-05;-1.630072829768736294e-04
1.000000000000000000e+04;1.197579472362003435e+05;1.768044481565664937e-05;-1.841258447662336530e-04
1.000000000000000000e+04;1.197595354613502132e+05;1.524603241478525149e-05;-1.842947279652696019e-04
1.000000000000000000e+04;1.198068983973735303e+05;-5.572795814917669575e-05;-1.756718925571709603e-04
1.000000000000000000e+04;1.198084867191588128e+05;-5.799443868424389303e-05;-1.749079294871732889e-04
1.000000000000000000e+04;1.198558493924158975e+05;-1.212853968283385964e-04;-1.398263645762805004e-04
1.000000000000000000e+04;1.198574377968543267e+05;-1.230915149504618607e-04;-1.381686069650715288e-04
1.000000000000000000e+04;1.199048003941635543e+05;-1.659995498571159556e-04;-8.058327195928238914e-05
1.000000000000000000e+04;1.199063887625125062e+05;-1.669781667628430903e-04;-7.841977975885838965e-05
1.000000000000000000e+04;1.199537514357813197e+05;-1.847507185308445423e-04;-8.728319174364985891e-06
1.000000000000000000e+04;1.199553398057310114e+05;-1.848248273556879386e-04;-6.300587503815594004e-06
1.000000000000000000e+04;1.200027024453360937e+05;-1.727187496981935351e-04;6.451004736294550595e-05
1.000000000000000000e+04;1.200042908529021079e+05;-1.718054584086094920e-04;6.673327066322851022e-05
1.000000000000000000e+04;1.200516533671499928e+05;-1.337819815941326622e-04;1.266388164753576902e-04
1.000000000000000000e+04;1.200532416855915217e+05;-1.320935386129074051e-04;1.283532140540595209e-04
1.000000000000000000e+04;1.201006045612692833e+05;-7.261520105457244052e-05;1.693322644362529623e-04
1.000000000000000000e+04;1.201021926570882351e+05;-7.037992994564918454e-05;1.701944214804350570e-04
1.000000000000000000e+04;1.201495557663762011e+05;-4.179757849204793799e-07;1.835767904700089125e-04
1.000000000000000000e+04;1.201511437757784151e+05;1.968915931568666357e-06;1.835575455622223424e-04
1.000000000000000000e+04;1.201985068094984599e+05;7.184623165139465695e-05;1.688411532005453268e-04
1.000000000000000000e+04;1.202000949237275345e+05;7.402867678374317319e-05;1.678200027500827433e-04
1.000000000000000000e+04;1.202474576565603929e+05;1.325164094894810095e-04;1.271899849928908449e-04
1.000000000000000000e+04;1.202490458679695439e+05;1.341221110354840309e-04;1.254434431592314910e-04
1.000000000000000000e+04;1.202964086198416044e+05;1.715896370268417447e-04;6.484134670455278765e-05
1.000000000000000000e+04;1.202979967876589071e+05;1.723782374090880164e-04;6.257834145221651369e-05
1.000000000000000000e+04;1.203453598814676079e+05;1.834451298383575027e-04;-7.494697074254689020e-06
1.000000000000000000e+04;1.203469480251931382e+05;1.832930693149876502e-04;-9.862398543392803183e-06
1.000000000000000000e+04;1.203943111447660776e+05;1.654399312370389511e-04;-7.859366452110773469e-05
1.000000000000000000e+04;1.203958994805740076e+05;1.643583175881511180e-04;-8.073425818988471780e-05
1.000000000000000000e+04;1.204432620311555511e+05;1.218515699377789336e-04;-1.368277982040348880e-04
1.000000000000000000e+04;1.204448506423261861e+05;1.200419799880643424e-04;-1.383473406400712806e-04
1.000000000000000000e+04;1.204922126658928901e+05;5.791805069280553403e-05;-1.735441426231484029e-04
1.000000000000000000e+04;1.204938012782779406e+05;5.564196544191399313e-05;-1.742606370261515030e-04
1.000000000000000000e+04;1.205411637988126167e+05;-1.400496226079735495e-05;-1.819491965156133954e-04
1.000000000000000000e+04;1.205427519733340450e+05;-1.635359452609014321e-05;-1.816912912435641428e-04
1.000000000000000000e+04;1.205901150969906012e+05;-8.470647626363047406e-05;-1.623829793411317684e-04
1.000000000000000000e+04;1.205917030031900504e+05;-8.679085179665771801e-05;-1.612553466624245559e-04
1.000000000000000000e+04;1.206390663515983179e+05;-1.405939927185770474e-04;-1.156886139351812515e-04
1.000000000000000000e+04;1.206406542891651916e+05;-1.420408619066913791e-04;-1.138240733363260119e-04
1.000000000000000000e+04;1.206880172929655528e+05;-1.754691581352817349e-04;-5.254754049212287013e-05
1.000000000000000000e+04;1.206896053921505663e+05;-1.760985210589029952e-04;-5.025984567170924236e-05
1.000000000000000000e+04;1.207369681026797334e+05;-1.811517520676804037e-04;2.042228584703738054e-05
1.000000000000000000e+04;1.207385562353596761e+05;-1.808246988408505060e-04;2.274798972456227247e-05
1.000000000000000000e+04;1.207859191107681254e+05;-1.593665923841832972e-04;8.901723915378974012e-05
1.000000000000000000e+04;1.207875071228912857e+05;-1.581758107664190446e-04;9.104516234938575916e-05
1.000000000000000000e+04;1.208348703290425765e+05;-1.115260416209677967e-04;1.438950506861936087e-04
1.000000000000000000e+04;1.208364582540299161e+05;-1.096210401898995579e-04;1.453105220617332020e-04
1.000000000000000000e+04;1.208838215016159957e+05;-4.714384881384153987e-05;1.752434892214562898e-04
1.000000000000000000e+04;1.208854094844835927e+05;-4.487341025706898738e-05;1.757741695343083732e-04
1.000000000000000000e+04;1.209327724879289453e+05;2.563898327826368578e-05;1.806023102429892338e-04
1.000000000000000000e+04;1.209343605875762441e+05;2.795940121725233449e-05;1.802250925012497459e-04
1.000000000000000000e+04;1.209817233974819101e+05;9.312967891954983355e-05;1.552949823508676644e-04
1.000000000000000000e+04;1.209833115377064387e+05;9.511039843154576101e-05;1.540673430961120684e-04
1.000000000000000000e+04;1.210306743990676041e+05;1.467128817238278350e-04;1.074503832279005949e-04
1.000000000000000000e+04;1.210322624825224921e+05;1.480512297628698993e-04;1.055073599058106709e-04
1.000000000000000000e+04;1.210796255289261462e+05;1.769089027046338153e-04;4.231751973178874928e-05
1.000000000000000000e+04;1.210812135438914411e+05;1.773959453403308687e-04;4.003779924731447971e-05
1.000000000000000000e+04;1.211285766843603051e+05;1.793371731448045183e-04;-2.971980386943542829e-05
1.000000000000000000e+04;1.211301647081975680e+05;1.789092131452229249e-04;-3.199749936632895317e-05
1.000000000000000000e+04;1.211775277507635765e+05;1.538045269516054856e-04;-9.673056603808462620e-05
1.000000000000000000e+04;1.211791158551956469e+05;1.525151926955843281e-04;-9.869867857464506512e-05
1.000000000000000000e+04;1.212264787108866440e+05;1.044742460776462592e-04;-1.479525805312974273e-04
1.000000000000000000e+04;1.212280668784677400e+05;1.025350976750910310e-04;-1.492418228539698743e-04
1.000000000000000000e+04;1.212754296777827112e+05;3.880542324429770112e-05;-1.770561949771136715e-04
1.000000000000000000e+04;1.212770178099755431e+05;3.653360839554756825e-05;-1.774893316925448981e-04
1.000000000000000000e+04;1.213243807578516862e+05;-3.284291888813657576e-05;-1.779980083026580257e-04
1.000000000000000000e+04;1.213259687849909387e+05;-3.512654716982356525e-05;-1.775412880559700001e-04
1.000000000000000000e+04;1.213733318813554361e+05;-9.870066525352879185e-05;-1.508071443211216848e-04
1.000000000000000000e+04;1.213749198662387644e+05;-1.006003790211648554e-04;-1.494937539024053204e-04
1.000000000000000000e+04;1.214222829625106970e+05;-1.499802585455222012e-04;-1.014572393568065930e-04
1.000000000000000000e+04;1.214238709688872186e+05;-1.512391702753307073e-04;-9.949927362841399841e-05
1.000000000000000000e+04;1.214712339883115928e+05;-1.769013055623184279e-04;-3.518054024193692546e-05
1.000000000000000000e+04;1.214728220314232749e+05;-1.772999931041087526e-04;-3.292273325226522870e-05
1.000000000000000000e+04;1.215201850132271793e+05;-1.772318239434963279e-04;3.546481546424002274e-05
1.000000000000000000e+04;1.215217730794874806e+05;-1.767343686036059770e-04;3.773329576514902512e-05
1.000000000000000000e+04;1.215691360517961875e+05;-1.494946528781991644e-04;1.012129751062079973e-04
1.000000000000000000e+04;1.215707241395975434e+05;-1.481498089490465911e-04;1.030886122632052227e-04
1.000000000000000000e+04;1.216180870934565319e+05;-9.929906272390965640e-05;1.505328813448027637e-04
1.000000000000000000e+04;1.216196752032588993e+05;-9.736407469291187436e-05;1.517592969922087749e-04
1.000000000000000000e+04;1.216670381527015415e+05;-3.312861073791014728e-05;1.775064394907701563e-04
1.000000000000000000e+04;1.216686262843238510e+05;-3.084105454698699526e-05;1.778836980515272439e-04
1.000000000000000000e+04;1.217159892355675693e+05;3.696106617534385119e-05;1.758617772920660280e-04
1.000000000000000000e+04;1.217175774155780673e+05;3.918279422754382461e-05;1.753432729827689087e-04
1.000000000000000000e+04;1.217649402597040316e+05;1.025912997070681850e-04;1.487475071722960942e-04
1.000000000000000000e+04;1.217665285099915054e+05;1.044600021133017882e-04;1.473946245379926839e-04
1.000000000000000000e+04;1.218138912080346054e+05;1.510635460115089556e-04;9.725806707834482793e-05
1.000000000000000000e+04;1.218154794549525686e+05;1.522580597662500593e-04;9.532481631533542079e-05
1.000000000000000000e+04;1.218628423100340151e+05;1.772647128153305538e-04;3.229230408571115559e-05
1.000000000000000000e+04;1.218644304787653091e+05;1.776311544076189953e-04;3.001746572022653760e-05
1.000000000000000000e+04;1.219117934402907558e+05;1.757115582768161593e-04;-3.839095503137082314e-05
1.000000000000000000e+04;1.219133815818733856e+05;1.751601995563942195e-04;-4.060552023522158221e-05
1.000000000000000000e+04;1.219607445172954467e+05;1.477683598390895951e-04;-1.024845232337741417e-04
1.000000000000000000e+04;1.219623327117401204e+05;1.464430342695704243e-04;-1.043270087969989696e-04
1.000000000000000000e+04;1.220096954861271079e+05;9.660223729140998564e-05;-1.514362964803291837e-04
1.000000000000000000e+04;1.220112837253103207e+05;9.463822217994487685e-05;-1.526269305249137672e-04
1.000000000000000000e+04;1.220586464895264944e+05;3.187320584540660881e-05;-1.764094422105939462e-04
1.000000000000000000e+04;1.220602346627403458e+05;2.963280155444894079e-05;-1.767609296046270624e-04
1.000000000000000000e+04;1.221075975510007411e+05;-3.878932990568903434e-05;-1.753515660065904148e-04
1.000000000000000000e+04;1.221091856761681411e+05;-4.099980127881417211e-05;-1.748109434026594473e-04
1.000000000000000000e+04;1.221565486474943173e+05;-1.025943937029616442e-04;-1.469787817633698608e-04
1.000000000000000000e+04;1.221581367721889692e+05;-1.044262031634659151e-04;-1.456439356882626985e-04
1.000000000000000000e+04;1.222054997154839657e+05;-1.509958181972178366e-04;-9.662922474999279931e-05
1.000000000000000000e+04;1.222070878662163304e+05;-1.521866506394949818e-04;-9.469475560493793777e-05
1.000000000000000000e+04;1.222544507619809010e+05;-1.764867781578590084e-04;-3.176400859382794975e-05
1.000000000000000000e+04;1.222560389709143492e+05;-1.768196691246875856e-04;-2.951905076783435352e-05
1.000000000000000000e+04;1.223034017731357453e+05;-1.753395496408720377e-04;3.806274934522874674e-05
1.000000000000000000e+04;1.223049900363374181e+05;-1.748283287883910177e-04;4.025225117751656412e-05
1.000000000000000000e+04;1.223523527503192163e+05;-1.470999283900369483e-04;1.016545983906224661e-04
1.000000000000000000e+04;1.223539409801060829e+05;-1.457672542908627152e-04;1.034982220748386928e-04
1.000000000000000000e+04;1.224013037966702250e+05;-9.748796308415036296e-05;1.501613063612389502e-04
1.000000000000000000e+04;1.224028919133481395e+05;-9.556317404431744378e-05;1.513338008420567822e-04
1.000000000000000000e+04;1.224502549706273567e+05;-3.286254447828510856e-05;1.756246994944102410e-04
1.000000000000000000e+04;1.224518429652046761e+05;-3.064107770239031894e-05;1.760005559327077959e-04
1.000000000000000000e+04;1.224992061151128000e+05;3.687752927413866927e-05;1.749169210265461851e-04
1.000000000000000000e+04;1.225007941235096368e+05;3.906068544654247058e-05;1.743982732186884839e-04
1.000000000000000000e+04;1.225481571044629527e+05;1.003317313290477209e-04;1.474201288682858559e-04
1.000000000000000000e+04;1.225497452286904008e+05;1.021812500957570139e-04;1.461258077914628852e-04
1.000000000000000000e+04;1.225971079682436102e+05;1.489631913727583825e-04;9.865636205001655247e-05
1.000000000000000000e+04;1.225986961016504792e+05;1.501430580595571507e-04;9.674249253059553509e-05
1.000000000000000000e+04;1.226460589814944105e+05;1.753420840952735671e-04;3.411759063622402371e-05
1.000000000000000000e+04;1.226476470245009259e+05;1.757282413668786005e-04;3.192633275135099469e-05
1.000000000000000000e+04;1.226950102120581578e+05;1.751404811099146639e-04;-3.440451651447145031e-05
1.000000000000000000e+04;1.226965981926409004e+05;1.746621108342911967e-04;-3.661173649773298442e-05
1.000000000000000000e+04;1.227439614582806098e+05;1.485435759347865196e-04;-9.833742788285527699e-05
1.000000000000000000e+04;1.227455495603984309e+05;1.472672298580280628e-04;-1.001623276637051904e-04
1.000000000000000000e+04;1.227929124356997927e+05;1.006424378464032207e-04;-1.470361421707127496e-04
1.000000000000000000e+04;1.227945008009783924e+05;9.875346758873034360e-05;-1.482615496536372030e-04
1.000000000000000000e+04;1.228418631604514230e+05;3.685265559377590730e-05;-1.741787246025335316e-04
1.000000000000000000e+04;1.228434516437984421e+05;3.468004098995512317e-05;-1.745873499821652111e-04
1.000000000000000000e+04;1.228908140030681825e+05;-3.179572074119336756e-05;-1.745939822250000247e-04
1.000000000000000000e+04;1.228924022875028895e+05;-3.399321215636722659e-05;-1.741578264238788538e-04
1.000000000000000000e+04;1.229397653213458980e+05;-9.561300840489293242e-05;-1.498318962403330154e-04
1.000000000000000000e+04;1.229413532443064760e+05;-9.746018382906754707e-05;-1.485822473857317946e-04
1.000000000000000000e+04;1.229887167337260034e+05;-1.450419834044812427e-04;-1.022556512112598868e-04
1.000000000000000000e+04;1.229903045894092211e+05;-1.462795992555148935e-04;-1.004214144937123356e-04
1.000000000000000000e+04;1.230376678100824647e+05;-1.734587855040139711e-04;-3.980233829273705382e-05
1.000000000000000000e+04;1.230392558769449824e+05;-1.739038021250512405e-04;-3.762290255274139286e-05
1.000000000000000000e+04;1.230866184962210828e+05;-1.750969905763329472e-04;2.846895643846632492e-05
1.000000000000000000e+04;1.230882067302204960e+05;-1.747106443883943551e-04;3.064874402208375205e-05
1.000000000000000000e+04;1.231355692819270771e+05;-1.516767548432830157e-04;9.242240275605493759e-05
1.000000000000000000e+04;1.231371573822699720e+05;-1.504619203731179776e-04;9.429261897097913783e-05
1.000000000000000000e+04;1.231845205424929154e+05;-1.055779345436450484e-04;1.425724510177606716e-04
1.000000000000000000e+04;1.231861083790314005e+05;-1.037793611680821191e-04;1.438465188770244544e-04
1.000000000000000000e+04;1.232334719964599062e+05;-4.389586894343384840e-05;1.718491052588341610e-04
1.000000000000000000e+04;1.232350598060948832e+05;-4.174368387024523293e-05;1.723491300802113316e-04
1.000000000000000000e+04;1.232824230840988312e+05;2.423935022752942475e-05;1.752528600615147457e-04
1.000000000000000000e+04;1.232840111511395226e+05;2.642026715015495511e-05;1.749095975519410900e-04
1.000000000000000000e+04;1.233313737562613387e+05;8.815470563948428647e-05;1.534602505754417007e-04
1.000000000000000000e+04;1.233329620034225663e+05;9.004521956032079380e-05;1.523152703172981487e-04
1.000000000000000000e+04;1.233803245399165899e+05;1.397270333960306773e-04;1.085896991762521458e-04
1.000000000000000000e+04;1.233819126483028376e+05;1.410285300337172124e-04;1.068224117964891215e-04
1.000000000000000000e+04;1.234292757863614679e+05;1.703084554569531139e-04;4.847727640402468548e-05
1.000000000000000000e+04;1.234308636446729361e+05;1.708692824263878388e-04;4.635461612958188067e-05
1.000000000000000000e+04;1.234782271981895319e+05;1.757714147524743029e-04;-1.960636320994775265e-05
1.000000000000000000e+04;1.234798150288072648e+05;1.754824892361993478e-04;-2.178480202558854076e-05
1.000000000000000000e+04;1.235271782882216503e+05;1.557897473801791023e-04;-8.336466241177481582e-05
1.000000000000000000e+04;1.235287663311735960e+05;1.546976684532638509e-04;-8.528077975517470524e-05
1.000000000000000000e+04;1.235761290551418933e+05;1.130394650422359478e-04;-1.362171013158513253e-04
1.000000000000000000e+04;1.235777172619376070e+05;1.113254262319204814e-04;-1.375685441264684866e-04
1.000000000000000000e+04;1.236250799225934607e+05;5.356211596967672578e-05;-1.680795385957725967e-04
1.000000000000000000e+04;1.236266680832612474e+05;5.145948820456716904e-05;-1.686968902652346322e-04
1.000000000000000000e+04;1.236740311258481961e+05;-1.332855888196022025e-05;-1.760784296641484752e-04
1.000000000000000000e+04;1.236756192037951841e+05;-1.550421342111647552e-05;-1.758741001389859066e-04
1.000000000000000000e+04;1.237229824459647061e+05;-7.811364466340444833e-05;-1.575681184179277461e-04
1.000000000000000000e+04;1.237245706585768203e+05;-8.005293118727943732e-05;-1.565411177170710399e-04
1.000000000000000000e+04;1.237719335268991272e+05;-1.317187858342005427e-04;-1.175822645082347462e-04
1.000000000000000000e+04;1.237735221059328323e+05;-1.331170303155702645e-04;-1.159220078625526694e-04
1.000000000000000000e+04;1.238208842658194626e+05;-1.659054952814455403e-04;-5.890878214027612852e-05
1.000000000000000000e+04;1.238224732416877523e+05;-1.666018785628376332e-04;-5.684883536071324217e-05
1.000000000000000000e+04;1.238698350455802720e+05;-1.758401893319557635e-04;6.914632940576212263e-06
1.000000000000000000e+04;1.238714239114265947e+05;-1.756916951676381169e-04;9.091303420571550528e-06
1.000000000000000000e+04;1.239187861565510539e+05;-1.605406904781110254e-04;7.216849589196341517e-05
1.000000000000000000e+04;1.239203747237797361e+05;-1.596066761581833610e-04;7.413941188116998822e-05
1.000000000000000000e+04;1.239677375575222104e+05;-1.219549162074846140e-04;1.266260074712565137e-04
1.000000000000000000e+04;1.239693259805226990e+05;-1.203404019363814520e-04;1.280725195637029770e-04
1.000000000000000000e+04;1.240166886741270573e+05;-6.572694045491506197e-05;1.632485828866012156e-04
1.000000000000000000e+04;1.240182772440360277e+05;-6.370888980687711329e-05;1.640254875259988354e-04
1.000000000000000000e+04;1.240656394191111904e+05;-1.460885922299947315e-07;1.752094684008511012e-04
1.000000000000000000e+04;1.240672280167177814e+05;2.035157955363663922e-06;1.751586290192419320e-04
1.000000000000000000e+04;1.241145903030933405e+05;6.506424878223832596e-05;1.628397932264831320e-04
1.000000000000000000e+04;1.241161785720813932e+05;6.704493072673063431e-05;1.619829049646738582e-04
1.000000000000000000e+04;1.241635416246976238e+05;1.212242677177043050e-04;1.267440228438538208e-04
1.000000000000000000e+04;1.241651295306093234e+05;1.227540697329506259e-04;1.252111448123556471e-04
1.000000000000000000e+04;1.242124929741861561e+05;1.594707734424755281e-04;7.218778003453214299e-05
1.000000000000000000e+04;1.242140808848150773e+05;1.603093584757807701e-04;7.021651419450672285e-05
1.000000000000000000e+04;1.242614438974402001e+05;1.748805109856969311e-04;7.742603779024452614e-06
1.000000000000000000e+04;1.242630320274120895e+05;1.749332692904902165e-04;5.572749373035915339e-06
1.000000000000000000e+04;1.243103946071356186e+05;1.650883171931677570e-04;-5.775588125452542679e-05
1.000000000000000000e+04;1.243119827776805032e+05;1.643198156376460837e-04;-5.976482916129308457e-05
1.000000000000000000e+04;1.243593456289044843e+05;1.318725979832614326e-04;-1.149534804061251678e-04
1.000000000000000000e+04;1.243609336009076214e+05;1.304244321656664225e-04;-1.165381496755921122e-04
1.000000000000000000e+04;1.244082969826518965e+05;7.941143919015797173e-05;-1.557647257639968824e-04
1.000000000000000000e+04;1.244098848303565901e+05;7.747675808384540117e-05;-1.567006125916945076e-04
1.000000000000000000e+04;1.244572481969193614e+05;1.619626310442697347e-05;-1.736139107971943439e-04
1.000000000000000000e+04;1.244588361764141300e+05;1.404976632575242642e-05;-1.737672048400604869e-04
1.000000000000000000e+04;1.245061990606097097e+05;-4.953801580180867921e-05;-1.674911163556671255e-04
1.000000000000000000e+04;1.245077872325907083e+05;-5.157390608909507321e-05;-1.668293935905751553e-04
1.000000000000000000e+04;1.245551498974603601e+05;-1.080507860710376588e-04;-1.367771335877126777e-04
1.000000000000000000e+04;1.245567380972819956e+05;-1.097058270099884663e-04;-1.354193581493533130e-04
1.000000000000000000e+04;1.246041010333123122e+05;-1.508738135869497809e-04;-8.714794307894310190e-05
1.000000000000000000e+04;1.246056891913190047e+05;-1.518981664874652002e-04;-8.527692450063762645e-05
1.000000000000000000e+04;1.246530523315498431e+05;-1.723413508101576249e-04;-2.471537855241231346e-05
1.000000000000000000e+04;1.246546406435750105e+05;-1.726040870737112812e-04;-2.259143001405477768e-05
1.000000000000000000e+04;1.247020034054253774e+05;-1.692457885719142799e-04;4.038905953324305669e-05
1.000000000000000000e+04;1.247035921177083947e+05;-1.686955293062273307e-04;4.244965925895488791e-05
1.000000000000000000e+04;1.247509540849775076e+05;-1.420467098707312633e-04;1.005465363937569083e-04
1.000000000000000000e+04;1.247525432462537428e+05;-1.407933851966905220e-04;1.022561628092847762e-04
1.000000000000000000e+04;1.247999049606651970e+05;-9.468887771697231666e-05;1.455278373637072407e-04
1.000000000000000000e+04;1.248014938880092377e+05;-9.286621726690825573e-05;1.466572473375722327e-04
1.000000000000000000e+04;1.248488561441023194e+05;-3.448945390695262763e-05;1.703553362055264904e-04
1.000000000000000000e+04;1.248504447112614725e+05;-3.241012066927808033e-05;1.707309689972472014e-04
1.000000000000000000e+04;1.248978074989626912e+05;3.138930280765645224e-05;1.707753508657784789e-04
1.000000000000000000e+04;1.248993959398924198e+05;3.347366861358633375e-05;1.703499742220692054e-04
1.000000000000000000e+04;1.249467585297416226e+05;9.174598616837193583e-05;1.474282009170046169e-04
1.000000000000000000e+04;1.249483471572928247e+05;9.352027235446399960e-05;1.462744670460920703e-04
1.000000000000000000e+04;1.249957093148997956e+05;1.397974724044524872e-04;1.028057508584773389e-04
1.000000000000000000e+04;1.249972980844623089e+05;1.410210872152529678e-04;1.010819234423618876e-04
1.000000000000000000e+04;1.250446603531768778e+05;1.676857921192450522e-04;4.441538415917301984e-05
1.000000000000000000e+04;1.250462490075949318e+05;1.681737306080365035e-04;4.235057871658188470e-05
1.000000000000000000e+04;1.250936117505008442e+05;1.724018744004549876e-04;-2.050411255562140775e-05
1.000000000000000000e+04;1.250952004414703988e+05;1.721199718060888986e-04;-2.258121708871205067e-05
1.000000000000000000e+04;1.251425628690136800e+05;1.520670380840898701e-04;-8.242737630595711371e-05
1.000000000000000000e+04;1.251441518457112979e+05;1.510184015853462992e-04;-8.426793149681206904e-05
1.000000000000000000e+04;1.251915135275594366e+05;1.117311146634129788e-04;-1.324301518493298539e-04
1.000000000000000000e+04;1.251931025569118065e+05;1.100857067404018653e-04;-1.337478576696061582e-04
1.000000000000000000e+04;1.252404643470829324e+05;5.453683486807984815e-05;-1.639440131428760708e-04
1.000000000000000000e+04;1.252420529151962546e+05;5.254008058869763645e-05;-1.645702221178831732e-04
1.000000000000000000e+04;1.252894157183345815e+05;-9.298623796643278039e-06;-1.726385491249873665e-04
1.000000000000000000e+04;1.252910037234573392e+05;-1.140111254909309875e-05;-1.724696392417274411e-04
1.000000000000000000e+04;1.253383670171569829e+05;-7.212260883511014688e-05;-1.568699270013421891e-04
1.000000000000000000e+04;1.253399549547304196e+05;-7.400499820583597381e-05;-1.559759228940013295e-04
1.000000000000000000e+04;1.253873180163084326e+05;-1.244706768497296986e-04;-1.193528992898998902e-04
1.000000000000000000e+04;1.253889061060391105e+05;-1.258880651781721025e-04;-1.177929278167304136e-04
1.000000000000000000e+04;1.254362688815676229e+05;-1.598686582985063044e-04;-6.557534663929163337e-05
1.000000000000000000e+04;1.254378570226385636e+05;-1.606156925452506047e-04;-6.363697860613408744e-05
1.000000000000000000e+04;1.254852198868412816e+05;-1.722075157963763267e-04;-2.363224858531049690e-06
1.000000000000000000e+04;1.254868079487987416e+05;-1.722036940617830672e-04;-2.693406531519421347e-07
1.000000000000000000e+04;1.255341710148106504e+05;-1.612820180258138112e-04;6.090696105088811124e-05
1.000000000000000000e+04;1.255357589978844480e+05;-1.604854220106872792e-04;6.283330991431376180e-05
1.000000000000000000e+04;1.255831221356642636e+05;-1.276120979998930150e-04;1.153173372705744589e-04
1.000000000000000000e+04;1.255847101119676954e+05;-1.261982055516793291e-04;1.168465389930497357e-04
1.000000000000000000e+04;1.256320732066652854e+05;-7.626882820252685899e-05;1.539789900706191122e-04
1.000000000000000000e+04;1.256336612274169165e+05;-7.437184900322890897e-05;1.548446092622397905e-04
1.000000000000000000e+04;1.256810242322990671e+05;-1.477977602536662391e-05;1.710583645883481196e-04
1.000000000000000000e+04;1.256826123068559391e+05;-1.271493890308667370e-05;1.712073702785039736e-04
1.000000000000000000e+04;1.257299752319113322e+05;4.899807976585445840e-05;1.643906128438906149e-04
1.000000000000000000e+04;1.257315633469474560e+05;5.098001649961392062e-05;1.637507161188394623e-04
1.000000000000000000e+04;1.257789262422427855e+05;1.056329498122373457e-04;1.348893023579565589e-04
1.000000000000000000e+04;1.257805143725682428e+05;1.072310599357819409e-04;1.335882190596522764e-04
1.000000000000000000e+04;1.258278772906845843e+05;1.476950887748489777e-04;8.723773489983359267e-05
1.000000000000000000e+04;1.258294654259277595e+05;1.487225277058425686e-04;8.542544835589276650e-05
1.000000000000000000e+04;1.258768283893202606e+05;1.691277045168493548e-04;2.702534811804816790e-05
1.000000000000000000e+04;1.258784165514427150e+05;1.694008976305711074e-04;2.499090379443892303e-05
1.000000000000000000e+04;1.259257795235840313e+05;1.676746153650993793e-04;-3.627813081294475975e-05
1.000000000000000000e+04;1.259273677908913523e+05;1.672071215644856915e-04;-3.829520906496892139e-05
1.000000000000000000e+04;1.259747306129169156e+05;1.423778288846512736e-04;-9.487852634158732107e-05
1.000000000000000000e+04;1.259763191013124742e+05;1.411983111343917277e-04;-9.656873990988279455e-05
1.000000000000000000e+04;1.260236815369219112e+05;9.846430788655987287e-05;-1.398743060688648965e-04
1.000000000000000000e+04;1.260252702940074669e+05;9.675182712785211333e-05;-1.410273959882883872e-04
1.000000000000000000e+04;1.260726323469491763e+05;4.040342793462274118e-05;-1.662536290086976082e-04
1.000000000000000000e+04;1.260742212224451359e+05;3.839804536623282505e-05;-1.666942030623520625e-04
1.000000000000000000e+04;1.261215833549082890e+05;-2.268011735615733021e-05;-1.690474073382471402e-04
1.000000000000000000e+04;1.261231719962542120e+05;-2.470795542498304832e-05;-1.687429680037248845e-04
1.000000000000000000e+04;1.261705345902865811e+05;-8.280292712293663420e-05;-1.493009538025715888e-04
1.000000000000000000e+04;1.261721230037251371e+05;-8.458125841448692068e-05;-1.482673208138732106e-04
1.000000000000000000e+04;1.262194857869742991e+05;-1.310836956681958653e-04;-1.087181762071042580e-04
1.000000000000000000e+04;1.262210741982522013e+05;-1.323561431224594181e-04;-1.071195444597563347e-04
1.000000000000000000e+04;1.262684366650524607e+05;-1.620246809655503657e-04;-5.377813910198055034e-05
1.000000000000000000e+04;1.262700252206662844e+05;-1.626276498510215596e-04;-5.182342851575031051e-05
1.000000000000000000e+04;1.263173876434076519e+05;-1.701081582249946891e-04;8.936365155627435866e-06
1.000000000000000000e+04;1.263189761156832537e+05;-1.699686510652485578e-04;1.096796825899429609e-05
1.000000000000000000e+04;1.263663388586677174e+05;-1.554539562740471753e-04;6.984368870517668442e-05
1.000000000000000000e+04;1.263679272721050074e+05;-1.545754025288439189e-04;7.169662866595060888e-05
1.000000000000000000e+04;1.264152901161484624e+05;-1.195416022885279563e-04;1.214230191782919360e-04
1.000000000000000000e+04;1.264168786504411692e+05;-1.180579587300985771e-04;1.228191507526131424e-04
1.000000000000000000e+04;1.264642410087195312e+05;-6.745743128093182662e-05;1.563738896163498128e-04
1.000000000000000000e+04;1.264658297345395695e+05;-6.557413043823308318e-05;1.571450495091802034e-04
1.000000000000000000e+04;1.265131916898686322e+05;-6.194675008550122631e-06;1.701098235479239144e-04
1.000000000000000000e+04;1.265147803004772286e+05;-4.156350498293804738e-06;1.701415205372168286e-04
1.000000000000000000e+04;1.265621428649989248e+05;5.558724047866575688e-05;1.605770880034265583e-04
1.000000000000000000e+04;1.265637310490256787e+05;5.748882277946280926e-05;1.598852305712851734e-04
1.000000000000000000e+04;1.266110941163190146e+05;1.099092128691806777e-04;1.294183489499455854e-04
1.000000000000000000e+04;1.266126820785912714e+05;1.114339820556133049e-04;1.280635916614899670e-04
1.000000000000000000e+04;1.266600452938573435e+05;1.492174508260250484e-04;8.113069599907288655e-05
1.000000000000000000e+04;1.266616333157474000e+05;1.501363717231299388e-04;7.934115109936451808e-05
1.000000000000000000e+04;1.267089962815704639e+05;1.682984190941848594e-04;2.128177780624063725e-05
1.000000000000000000e+04;1.267105844444800459e+05;1.685230479257124835e-04;1.927233361924139527e-05
1.000000000000000000e+04;1.267579472188620857e+05;1.646251098707391378e-04;-4.072537176436724323e-05
1.000000000000000000e+04;1.267595354420829535e+05;1.640868046601043091e-04;-4.267584924736808768e-05
1.000000000000000000e+04;1.268068982360366354e+05;1.387719997589350793e-04;-9.733984320318985850e-05
1.000000000000000000e+04;1.268084864080344705e+05;1.375913896820387576e-04;-9.897701595997407636e-05
1.000000000000000000e+04;1.268558493037923326e+05;9.432148784563325501e-05;-1.407534956965513775e-04
1.000000000000000000e+04;1.268574374017140217e+05;9.260113688067311344e-05;-1.418224210219410503e-04
1.000000000000000000e+04;1.269048004018833744e+05;3.726608183872109448e-05;-1.655437365686010173e-04
1.000000000000000000e+04;1.269063884575400443e+05;3.531384315939006390e-05;-1.659614581157047464e-04
1.000000000000000000e+04;1.269537514781206119e+05;-2.487633102564000152e-05;-1.670807884838280131e-04
1.000000000000000000e+04;1.269553395586671977e+05;-2.688362578816497697e-05;-1.667436364088279116e-04
1.000000000000000000e+04;1.270027025029533106e+05;-8.320413201158795215e-05;-1.474012856598692065e-04
1.000000000000000000e+04;1.270042906537821837e+05;-8.491650096670886954e-05;-1.463699403183285261e-04
1.000000000000000000e+04;1.270516535356931709e+05;-1.306626422075283438e-04;-1.072614775371416948e-04
1.000000000000000000e+04;1.270532417503724137e+05;-1.319198700650837637e-04;-1.056884604822499552e-04
1.000000000000000000e+04;1.271006046412769938e+05;-1.603646183095687721e-04;-5.295923038415910279e-05
1.000000000000000000e+04;1.271021929509315669e+05;-1.609351045822819519e-04;-5.105440372506319643e-05
1.000000000000000000e+04;1.271495557250627025e+05;-1.686155013341875673e-04;8.287262485158473528e-06
1.000000000000000000e+04;1.271511442338763882e+05;-1.685041364488148508e-04;1.029886337604790639e-05
1.000000000000000000e+04;1.271985066542281857e+05;-1.541516647583066914e-04;6.793911661441310061e-05
1.000000000000000000e+04;1.272000954126800498e+05;-1.532786186050656284e-04;6.974210379728157177e-05
1.000000000000000000e+04;1.272474575148358417e+05;-1.197015002241088504e-04;1.193276127532985045e-04
1.000000000000000000e+04;1.272490461845081882e+05;-1.182802709095547711e-04;1.207098889815103255e-04
1.000000000000000000e+04;1.272964085705236794e+05;-6.854715389227477066e-05;1.538153662330959232e-04
1.000000000000000000e+04;1.272979969562222832e+05;-6.670122066973901639e-05;1.546020993927342720e-04
1.000000000000000000e+04;1.273453598811370612e+05;-9.011001433714121837e-06;1.682272475697609568e-04
1.000000000000000000e+04;1.273469480120341177e+05;-7.021527653169228572e-06;1.682876763578782702e-04
1.000000000000000000e+04;1.273943110068055830e+05;5.186738204791287426e-05;1.603490066546699308e-04
1.000000000000000000e+04;1.273958991848475562e+05;5.375842220781305245e-05;1.596957043141047678e-04
1.000000000000000000e+04;1.274432618391314027e+05;1.057950049016219136e-04;1.309878563569815270e-04
1.000000000000000000e+04;1.274448501209404203e+05;1.073026541903626311e-04;1.297145047096880089e-04
1.000000000000000000e+04;1.274922126773619384e+05;1.457493033582689553e-04;8.425137841787719685e-05
1.000000000000000000e+04;1.274938008289513091e+05;1.467221330722259093e-04;8.251073563421438618e-05
1.000000000000000000e+04;1.275411638891017210e+05;1.658127276776802015e-04;2.683342581992722683e-05
1.000000000000000000e+04;1.275427518199550686e+05;1.660898653040515985e-04;2.486651249155692200e-05
1.000000000000000000e+04;1.275901152182831866e+05;1.645666520461800124e-04;-3.448863796144956313e-05
1.000000000000000000e+04;1.275917030961761484e+05;1.641085324351782167e-04;-3.641223601269268225e-05
1.000000000000000000e+04;1.276390663491100568e+05;1.412806161619738221e-04;-9.094683920601582920e-05
1.000000000000000000e+04;1.276406543774014281e+05;1.401909368279394947e-04;-9.259345117578107450e-05
1.000000000000000000e+04;1.276880172244268178e+05;9.913163182322780743e-05;-1.352327758391005063e-04
1.000000000000000000e+04;1.276896054129845143e+05;9.750703698582252642e-05;-1.363713539794084877e-04
1.000000000000000000e+04;1.277369680979454570e+05;4.448487933149802024e-05;-1.618194495686338971e-04
1.000000000000000000e+04;1.277385563258048205e+05;4.257299581230988204e-05;-1.623001787707426902e-04
1.000000000000000000e+04;1.277859191294170887e+05;-1.624264409367565012e-05;-1.670136990459847618e-04
1.000000000000000000e+04;1.277875073430480843e+05;-1.821023215294201531e-05;-1.667912082359918817e-04
1.000000000000000000e+04;1.278348702767820942e+05;-7.473160488067802983e-05;-1.500864898546684786e-04
1.000000000000000000e+04;1.278364585518691310e+05;-7.646026926966436926e-05;-1.491696023369540715e-04
1.000000000000000000e+04;1.278838214407088090e+05;-1.234426880601315773e-04;-1.137804439243985007e-04
1.000000000000000000e+04;1.278854099710817100e+05;-1.247719966866815667e-04;-1.123118328387097290e-04
1.000000000000000000e+04;1.279327724855518318e+05;-1.553039286792255345e-04;-6.234922462791278282e-05
1.000000000000000000e+04;1.279343615386564488e+05;-1.559817988764431297e-04;-6.050461471379600805e-05
1.000000000000000000e+04;1.279817231958883640e+05;-1.677608543857371873e-04;-3.011039885022080668e-06
1.000000000000000000e+04;1.279833129008500982e+05;-1.677631453689912581e-04;-1.052422180817213222e-06
1.000000000000000000e+04;1.280306737590493722e+05;-1.573664668849486818e-04;5.670771995909711837e-05
1.000000000000000000e+04;1.280322631277317123e+05;-1.566545447809839365e-04;5.855137968898725741e-05
1.000000000000000000e+04;1.280796250379463600e+05;-1.270083798195429921e-04;1.088114181963958330e-04
1.000000000000000000e+04;1.280812136306241446e+05;-1.257141662686224015e-04;1.102578123454385820e-04
1.000000000000000000e+04;1.281285766279022646e+05;-7.961558169288086406e-05;1.468180572216283444e-04
1.000000000000000000e+04;1.281301647001492820e+05;-7.785912053843233179e-05;1.477328816917493153e-04
1.000000000000000000e+04;1.281775279273066408e+05;-2.281575809868741339e-05;1.653067824525541844e-04
1.000000000000000000e+04;1.281791159879609186e+05;-2.088154549423486102e-05;1.655164725512604026e-04
1.000000000000000000e+04;1.282264787086192227e+05;3.811026126775673691e-05;1.625940292729887457e-04
1.000000000000000000e+04;1.282280669951140444e+05;4.000081327924886711e-05;1.621257697722807995e-04
1.000000000000000000e+04;1.282754294777211326e+05;9.285105616350694644e-05;1.384316156523755998e-04
1.000000000000000000e+04;1.282770176108701417e+05;9.445690241933648700e-05;1.373005529638741831e-04
1.000000000000000000e+04;1.283243806540394871e+05;1.360147145538356730e-04;9.654250356086870131e-05
1.000000000000000000e+04;1.283259685364545439e+05;1.371105164943696463e-04;9.494402441079495016e-05
1.000000000000000000e+04;1.283733320825239207e+05;1.612131829918559648e-04;4.208597290575155473e-05
1.000000000000000000e+04;1.283749199085852451e+05;1.616593866660283839e-04;4.017855300113547132e-05
1.000000000000000000e+04;1.284222831773470389e+05;1.659880231842127932e-04;-1.765145911367258029e-05
1.000000000000000000e+04;1.284238712243057962e+05;1.657426961093216335e-04;-1.956648334982112416e-05
1.000000000000000000e+04;1.284712338813538663e+05;1.482342264428953768e-04;-7.508140976144472714e-05
1.000000000000000000e+04;1.284728220793875225e+05;1.473367448278727727e-04;-7.680810262210195172e-05
1.000000000000000000e+04;1.285201847385939036e+05;1.124502286503578120e-04;-1.225787222970764294e-04
1.000000000000000000e+04;1.285217727952678106e+05;1.109665836665386517e-04;-1.238515623030107034e-04
1.000000000000000000e+04;1.285691360211923893e+05;6.172270052621055617e-05;-1.542595423942825518e-04
1.000000000000000000e+04;1.285707238789991970e+05;5.992758782117787276e-05;-1.549447084227338449e-04
1.000000000000000000e+04;1.286180873467821366e+05;2.908807786049530332e-06;-1.659644300079863839e-04
1.000000000000000000e+04;1.286196752468998748e+05;9.685284919771986542e-07;-1.659586987053312894e-04
1.000000000000000000e+04;1.286670383172400325e+05;-5.587549369874622118e-05;-1.561149700771218788e-04
1.000000000000000000e+04;1.286686264218165306e+05;-5.768219321509056161e-05;-1.554295686316133724e-04
1.000000000000000000e+04;1.287159890879405866e+05;-1.071329503901911911e-04;-1.264715661543615538e-04
1.000000000000000000e+04;1.287175772751262411e+05;-1.085902690110621805e-04;-1.251932848159212060e-04
1.000000000000000000e+04;1.287649400631376338e+05;-1.451791980303069696e-04;-8.024436077538963773e-05
1.000000000000000000e+04;1.287665281571035011e+05;-1.460555737606081944e-04;-7.853794473830475495e-05
1.000000000000000000e+04;1.288138913171996537e+05;-1.640980589591975502e-04;-2.412431584204481743e-05
1.000000000000000000e+04;1.288154793616205716e+05;-1.643632663086926527e-04;-2.221753858909791913e-05
1.000000000000000000e+04;1.288628425606883393e+05;-1.617254156289287220e-04;3.519911229289142250e-05
1.000000000000000000e+04;1.288644307721712539e+05;-1.612668117700872910e-04;3.707936486325239249e-05
1.000000000000000000e+04;1.289117935315264040e+05;-1.391821288781793788e-04;8.978899132360939738e-05
1.000000000000000000e+04;1.289133820414379443e+05;-1.381051010073356810e-04;9.136798499991421487e-05
1.000000000000000000e+04;1.289607442650201847e+05;-9.860745144836122395e-05;1.330069479342697013e-04
1.000000000000000000e+04;1.289623329695970606e+05;-9.703933978617374292e-05;1.341350689268894670e-04
1.000000000000000000e+04;1.290096952164117538e+05;-4.535169937436046703e-05;1.586528942268686444e-04
1.000000000000000000e+04;1.290112836941605201e+05;-4.350699387184749865e-05;1.591268302120658906e-04
1.000000000000000000e+04;1.290586464519398141e+05;1.337016438224921243e-05;1.647146742205008493e-04
1.000000000000000000e+04;1.290602346941175347e+05;1.528575119538182840e-05;1.645282075636723528e-04
1.000000000000000000e+04;1.291075977523256588e+05;7.017007540868209342e-05;1.491423670726014573e-04
1.000000000000000000e+04;1.291091860176117189e+05;7.187907060404742350e-05;1.482873694122563576e-04
1.000000000000000000e+04;1.291565487324008136e+05;1.181603163814015124e-04;1.147727268054459920e-04
1.000000000000000000e+04;1.291581372663348011e+05;1.194556223560235963e-04;1.133859400496715138e-04
1.000000000000000000e+04;1.292054993864492426e+05;1.509918538812733918e-04;6.611387160272817894e-05
1.000000000000000000e+04;1.292070880701594288e+05;1.517235064599728748e-04;6.433184711186491203e-05
1.000000000000000000e+04;1.292544504831746017e+05;1.642519872349527466e-04;8.940441678178618685e-06
1.000000000000000000e+04;1.292560388725396624e+05;1.643142294911028374e-04;7.059756284427309455e-06
1.000000000000000000e+04;1.293034017880408355e+05;1.568541393056328381e-04;-4.954169142120558723e-05
1.000000000000000000e+04;1.293049900934718753e+05;1.562420086815172150e-04;-5.135672041891125423e-05
1.000000000000000000e+04;1.293523529908542114e+05;1.296853347619318685e-04;-1.009083076623656938e-04
1.000000000000000000e+04;1.293539415732650086e+05;1.284755703903323163e-04;-1.023848076247852189e-04
1.000000000000000000e+04;1.294013037154710473e+05;8.587421644198587353e-05;-1.398804156402966715e-04
1.000000000000000000e+04;1.294028925888381928e+05;8.424774603325326221e-05;-1.408274255348910143e-04
1.000000000000000000e+04;1.294502543983963551e+05;3.118897748640601312e-05;-1.613047904410246992e-04
1.000000000000000000e+04;1.294518430952297203e+05;2.930786246092960087e-05;-1.616310464579182667e-04
1.000000000000000000e+04;1.294992057266076445e+05;-2.678466517414098742e-05;-1.614150798493523215e-04
1.000000000000000000e+04;1.295007938148096146e+05;-2.864591407378186324e-05;-1.610749853918415386e-04
1.000000000000000000e+04;1.295481573054173787e+05;-8.178321158230054825e-05;-1.418555345873367219e-04
1.000000000000000000e+04;1.295497451775015506e+05;-8.339518309106361521e-05;-1.408663315160118158e-04
1.000000000000000000e+04;1.295971083861370425e+05;-1.263674649869185487e-04;-1.043311688087410753e-04
1.000000000000000000e+04;1.295986964851204539e+05;-1.275389998665539028e-04;-1.028511868017771802e-04
1.000000000000000000e+04;1.296460589798160217e+05;-1.543732990015599690e-04;-5.331943490876142481e-05
1.000000000000000000e+04;1.296476472366684175e+05;-1.549632489099495502e-04;-5.154370495136346254e-05
1.000000000000000000e+04;1.296950098251886811e+05;-1.633445501783599017e-04;4.130649272487379270e-06
1.000000000000000000e+04;1.296965978664710565e+05;-1.632480802740590535e-04;6.033394103473500745e-06
1.000000000000000000e+04;1.297439612261222355e+05;-1.517693469681400406e-04;6.049014691060132450e-05
1.000000000000000000e+04;1.297455490184177761e+05;-1.510335030936208692e-04;6.220705519507992057e-05
1.000000000000000000e+04;1.297929126063530275e+05;-1.208083310418178182e-04;1.100665983227352285e-04
1.000000000000000000e+04;1.297945004899357446e+05;-1.195269199900375682e-04;1.114327902479828958e-04
1.000000000000000000e+04;1.298418634868801601e+05;-7.470582042428201548e-05;1.449332197595468261e-04
1.000000000000000000e+04;1.298434516227100394e+05;-7.300643362053876623e-05;1.457626760867148426e-04
1.000000000000000000e+04;1.298908141951536381e+05;-1.999438305327956469e-05;1.618497388440431992e-04
1.000000000000000000e+04;1.298924023589509161e+05;-1.813209321577941013e-05;1.620430663558437324e-04
1.000000000000000000e+04;1.299397652387730923e+05;3.816275857325459047e-05;1.585537416713818598e-04
1.000000000000000000e+04;1.299413532162856864e+05;3.997349481626266243e-05;1.580706974163759073e-04
1.000000000000000000e+04;1.299887165464625577e+05;9.061482475565971954e-05;1.352814613143356163e-04
1.000000000000000000e+04;1.299903044279168971e+05;9.214618958367774457e-05;1.342226994679820463e-04
1.000000000000000000e+04;1.300376677160205872e+05;1.320645140368143769e-04;9.507788582343741353e-05
1.000000000000000000e+04;1.300392557022395049e+05;1.331368533223154578e-04;9.353355089381705533e-05
1.000000000000000000e+04;1.300866186328031035e+05;1.565820640632033906e-04;4.332827310949757810e-05
1.000000000000000000e+04;1.300882067576884729e+05;1.570252162891951401e-04;4.152264394057684561e-05
1.000000000000000000e+04;1.301355695112699759e+05;1.622359532678000317e-04;-1.406154899426433148e-05
1.000000000000000000e+04;1.301371576564356074e+05;1.620497229688809895e-04;-1.590799453081099196e-05
1.000000000000000000e+04;1.301845205405615707e+05;1.465502649425113278e-04;-6.936465446428034516e-05
1.000000000000000000e+04;1.301861086100597313e+05;1.457166885166078212e-04;-7.104203180942388475e-05
1.000000000000000000e+04;1.302334717159722204e+05;1.137470313310288430e-04;-1.159004643069566095e-04
1.000000000000000000e+04;1.302350597329244920e+05;1.123919405708725049e-04;-1.171616727637593325e-04
1.000000000000000000e+04;1.302824229034166347e+05;6.606616760848868009e-05;-1.482827112472564991e-04
1.000000000000000000e+04;1.302840109890462918e+05;6.435013955899808479e-05;-1.490167592453121804e-04
1.000000000000000000e+04;1.303313739431464783e+05;1.077736019437602308e-05;-1.616524381334462476e-04
1.000000000000000000e+04;1.303329622176326520e+05;8.930049494438188162e-06;-1.617303954897469746e-04
1.000000000000000000e+04;1.303803247820667457e+05;-4.631921821219472089e-05;-1.553334407384714469e-04
1.000000000000000000e+04;1.303819132401278330e+05;-4.809156338127142121e-05;-1.547823549748208148e-04
1.000000000000000000e+04;1.304292756707417866e+05;-9.681873619185623584e-05;-1.296605086867640188e-04
1.000000000000000000e+04;1.304308640002562897e+05;-9.828306549899456840e-05;-1.285045763659585559e-04
1.000000000000000000e+04;1.304782268152498291e+05;-1.359565152672908683e-04;-8.786806469432378419e-05
1.000000000000000000e+04;1.304798149272974551e+05;-1.369219442618071993e-04;-8.632324021753549946e-05
1.000000000000000000e+04;1.305271780735583743e+05;-1.578026907867947817e-04;-3.525504610865183629e-05
1.000000000000000000e+04;1.305287660932721483e+05;-1.581802860150388623e-04;-3.341884081917678007e-05
1.000000000000000000e+04;1.305761291570875765e+05;-1.601526532287807399e-04;2.136286921909302401e-05
1.000000000000000000e+04;1.305777172751323960e+05;-1.598662640767201982e-04;2.316281385266617048e-05
1.000000000000000000e+04;1.306250800203173276e+05;-1.427272588160638132e-04;7.564823063389200769e-05
1.000000000000000000e+04;1.306266682209456631e+05;-1.418421777233656617e-04;7.728038011559456417e-05
1.000000000000000000e+04;1.306740310870151297e+05;-1.078084526565314884e-04;1.202460505559395214e-04
1.000000000000000000e+04;1.306756191366010898e+05;-1.063974430857742389e-04;1.214301197522650919e-04
1.000000000000000000e+04;1.307229822344298445e+05;-5.957840717224498786e-05;1.500191266511697371e-04
1.000000000000000000e+04;1.307245702222199761e+05;-5.787811297019311346e-05;1.506867207387496883e-04
1.000000000000000000e+04;1.307719333256425889e+05;-3.812480519516475885e-06;1.613713678973879254e-04
1.000000000000000000e+04;1.307735213793198927e+05;-1.951891773707793029e-06;1.613659980987672748e-04
1.000000000000000000e+04;1.308208842849782959e+05;5.170100991405071899e-05;1.526486370622351244e-04
1.000000000000000000e+04;1.308224723852048046e+05;5.341253124082689181e-05;1.520445396312066052e-04
1.000000000000000000e+04;1.308698352885284548e+05;1.015326679829990224e-04;1.255576463110206977e-04
1.000000000000000000e+04;1.308714233179596777e+05;1.029546008473468426e-04;1.243644758421438086e-04
1.000000000000000000e+04;1.309187864410864859e+05;1.382968278090347181e-04;8.259246009687654360e-05
1.000000000000000000e+04;1.309203744319401594e+05;1.391874768290454940e-04;8.102216306043947050e-05
1.000000000000000000e+04;1.309677375733225781e+05;1.584705153779215382e-04;2.999901715579675045e-05
1.000000000000000000e+04;1.309693256480948330e+05;1.588069064216033807e-04;2.818197189114397306e-05
1.000000000000000000e+04;1.310166885572814499e+05;1.586114521401436200e-04;-2.641386311208064990e-05
1.000000000000000000e+04;1.310182767923162028e+05;1.582523421075065237e-04;-2.820541815354364297e-05
1.000000000000000000e+04;1.310656394842046720e+05;1.403299442725295981e-04;-7.942364609900948690e-05
1.000000000000000000e+04;1.310672277997739293e+05;1.394182253947842296e-04;-8.098947943763249141e-05
1.000000000000000000e+04;1.311145904978362087e+05;1.038177113463645696e-04;-1.230676294256832380e-04
1.000000000000000000e+04;1.311161788775627501e+05;1.023933631625568779e-04;-1.242306255008670526e-04
1.000000000000000000e+04;1.311635416240353370e+05;5.549043092448221310e-05;-1.507109556766972282e-04
1.000000000000000000e+04;1.311651301510483609e+05;5.377958520755667712e-05;-1.513077170100810215e-04
1.000000000000000000e+04;1.312124927448160015e+05;6.195893151798891066e-08;-1.611419675517275203e-04
1.000000000000000000e+04;1.312140816107334103e+05;-1.779615555834218470e-06;-1.611055315381415011e-04
1.000000000000000000e+04;1.312614436346951989e+05;-5.500965097822313070e-05;-1.511286612725780301e-04
1.000000000000000000e+04;1.312630329609521141e+05;-5.668856264564256384e-05;-1.504786369634066663e-04
1.000000000000000000e+04;1.313103941722725285e+05;-1.039401231763625942e-04;-1.228807861022848723e-04
1.000000000000000000e+04;1.313119835625086562e+05;-1.053229717356486586e-04;-1.216960283566672968e-04
1.000000000000000000e+04;1.313593453874587140e+05;-1.393245240027037187e-04;-7.995598775313560722e-05
1.000000000000000000e+04;1.313609342532734154e+05;-1.401998861824505047e-04;-7.834245080932986484e-05
1.000000000000000000e+04;1.314082967122813861e+05;-1.584627231355733418e-04;-2.747447234711905119e-05
1.000000000000000000e+04;1.314098852165544813e+05;-1.587323405626944435e-04;-2.570326026468524192e-05
1.000000000000000000e+04;1.314572479314756638e+05;-1.582340564485681131e-04;2.888855727948452020e-05
1.000000000000000000e+04;1.314588364507702063e+05;-1.578786255622491861e-04;3.067525935756596866e-05
1.000000000000000000e+04;1.315061988739794760e+05;-1.386146564643172977e-04;8.095529943636417232e-05
1.000000000000000000e+04;1.315077875390010886e+05;-1.376754872351419344e-04;8.250037848976421494e-05
1.000000000000000000e+04;1.315551498011364602e+05;-1.024635859678063251e-04;1.234142118714918893e-04
1.000000000000000000e+04;1.315567383389457245e+05;-1.010453856488498556e-04;1.245452621892412866e-04
1.000000000000000000e+04;1.316041009440494236e+05;-5.411588786193735168e-05;1.513424981993067892e-04
1.000000000000000000e+04;1.316056893101987662e+05;-5.239490680311503280e-05;1.519090640078653721e-04
1.000000000000000000e+04;1.316530520845888532e+05;9.595622364171365245e-07;1.601953660747740303e-04
1.000000000000000000e+04;1.316546404281472205e+05;2.752247518719661944e-06;1.601645311268303624e-04
1.000000000000000000e+04;1.317020031238790834e+05;5.579161094017614294e-05;1.504945547811679311e-04
1.000000000000000000e+04;1.317035915506093879e+05;5.748817559088438474e-05;1.498239308612315396e-04
1.000000000000000000e+04;1.317509542234960536e+05;1.035189350115022042e-04;1.220696327394966616e-04
1.000000000000000000e+04;1.317525427075763291e+05;1.048609219515748666e-04;1.208839459083137815e-04
1.000000000000000000e+04;1.317999054104425886e+05;1.392265211027202988e-04;7.962294082554940229e-05
1.000000000000000000e+04;1.318014940603361465e+05;1.400973429671621001e-04;7.803978147767174787e-05
1.000000000000000000e+04;1.318488563170252601e+05;1.577512824210071548e-04;2.692020190918208860e-05
1.000000000000000000e+04;1.318504452365002653e+05;1.580154642082306766e-04;2.513831299800791582e-05
1.000000000000000000e+04;1.318978070271955512e+05;1.575130133264421577e-04;-2.800518629248863447e-05
1.000000000000000000e+04;1.318993958843084110e+05;1.571682121091664771e-04;-2.976391354599284720e-05
1.000000000000000000e+04;1.319467580344066082e+05;1.383426585424635193e-04;-8.066137795178067731e-05
1.000000000000000000e+04;1.319483463596162037e+05;1.374011321523333146e-04;-8.220557431804536761e-05
1.000000000000000000e+04;1.319957095193251153e+05;1.026147289550034190e-04;-1.221364813396367795e-04
1.000000000000000000e+04;1.319972975837301055e+05;1.012239193944424305e-04;-1.232577956429697376e-04
1.000000000000000000e+04;1.320446608433761576e+05;5.465401353806019469e-05;-1.506236853110831480e-04
1.000000000000000000e+04;1.320462490270581038e+05;5.294871711416357152e-05;-1.512054963080571653e-04
1.000000000000000000e+04;1.320936118472399539e+05;2.303750321916290350e-07;-1.594497951874327031e-04
1.000000000000000000e+04;1.320952003969247162e+05;-1.558835629121663128e-06;-1.594233350340710782e-04
1.000000000000000000e+04;1.321425626673415536e+05;-5.417919976953572962e-05;-1.504456773965822953e-04
1.000000000000000000e+04;1.321441515131420165e+05;-5.585521232540825872e-05;-1.498104888370723332e-04
1.000000000000000000e+04;1.321915135231227614e+05;-1.020517420363732674e-04;-1.227382283377057882e-04
1.000000000000000000e+04;1.321931024239587714e+05;-1.034149568954962945e-04;-1.215572205131494360e-04
1.000000000000000000e+04;1.322404645678620727e+05;-1.375959591364724879e-04;-8.116851900577507655e-05
1.000000000000000000e+04;1.322420532779339410e+05;-1.384641931260936841e-04;-7.962857250870235552e-05
1.000000000000000000e+04;1.322894158703581779e+05;-1.571000012764209417e-04;-2.885931524035370422e-05
1.000000000000000000e+04;1.322910043113942957e+05;-1.574064462050157431e-04;-2.708744359062033134e-05
1.000000000000000000e+04;1.323383671803099278e+05;-1.572866237476888056e-04;2.528755501455301046e-05
1.000000000000000000e+04;1.323399555872269848e+05;-1.569602714212076002e-04;2.704791273773315253e-05
1.000000000000000000e+04;1.323873180569433025e+05;-1.394693583380905125e-04;7.774800870357342680e-05
1.000000000000000000e+04;1.323889066705449950e+05;-1.385787790826203709e-04;7.927775248174573038e-05
1.000000000000000000e+04;1.324362686583817413e+05;-1.046480794890584205e-04;1.202590368976795749e-04
1.000000000000000000e+04;1.324378572407760657e+05;-1.032738419384108744e-04;1.214137648380893037e-04
1.000000000000000000e+04;1.324852195979870157e+05;-5.771697469979454365e-05;1.483626884840196327e-04
1.000000000000000000e+04;1.324868077319987060e+05;-5.606361916197286061e-05;1.489807740745556475e-04
1.000000000000000000e+04;1.325341710182178940e+05;-3.831335075812941065e-06;1.592400603241398078e-04
1.000000000000000000e+04;1.325357588340016664e+05;-2.030113162093394217e-06;1.592469201285788387e-04
1.000000000000000000e+04;1.325831223944066151e+05;5.006524317435284238e-05;1.511730135510577072e-04
1.000000000000000000e+04;1.325847102763575094e+05;5.171948670793694405e-05;1.505851613197121551e-04
1.000000000000000000e+04;1.326320733580338128e+05;9.859772365012358004e-05;1.250123030537890695e-04
1.000000000000000000e+04;1.326336614902386209e+05;9.998924075032475367e-05;1.239059412747963882e-04
1.000000000000000000e+04;1.326810241262507916e+05;1.347584797821679739e-04;8.435469323133137399e-05
1.000000000000000000e+04;1.326826123941790720e+05;1.356645571281424149e-04;8.281525974449185110e-05
1.000000000000000000e+04;1.327299749974404986e+05;1.554469659097868081e-04;3.407497082662931215e-05
1.000000000000000000e+04;1.327315632307022752e+05;1.558021122902329897e-04;3.236176190077887408e-05
1.000000000000000000e+04;1.327789260483401304e+05;1.577103689482999775e-04;-2.101537263299624482e-05
1.000000000000000000e+04;1.327805141423353634e+05;1.574399121017589160e-04;-2.278050677491481681e-05
1.000000000000000000e+04;1.328278772781150765e+05;1.412119213239249754e-04;-7.235287683250046136e-05
1.000000000000000000e+04;1.328294652127888694e+05;1.403914902024566615e-04;-7.389851021607588021e-05
1.000000000000000000e+04;1.328768285884656652e+05;1.084830279593264075e-04;-1.163027456150667304e-04
1.000000000000000000e+04;1.328784165030807198e+05;1.071580263888177189e-04;-1.174956691787421080e-04
1.000000000000000000e+04;1.329257796468412853e+05;6.279734495031093894e-05;-1.456112816738726204e-04
1.000000000000000000e+04;1.329273677583037061e+05;6.117713225795793621e-05;-1.462684467651890151e-04
1.000000000000000000e+04;1.329747304177509213e+05;9.948838092794313665e-06;-1.584724754436408339e-04
1.000000000000000000e+04;1.329763187314976531e+05;8.185269859203836193e-06;-1.585734097867008165e-04
1.000000000000000000e+04;1.330236812265262706e+05;-4.404472379157373427e-05;-1.522154578206374174e-04
1.000000000000000000e+04;1.330252695652093971e+05;-4.573274854960117814e-05;-1.516756880222509482e-04
1.000000000000000000e+04;1.330726323397214874e+05;-9.255181909005764994e-05;-1.288309940802457709e-04
1.000000000000000000e+04;1.330742206138641341e+05;-9.395054079574166389e-05;-1.278044700498928330e-04
1.000000000000000000e+04;1.331215835965262377e+05;-1.308575632880289706e-04;-8.946349960377258492e-05
1.000000000000000000e+04;1.331231718959166319e+05;-1.318361640244727993e-04;-8.798366971143427296e-05
1.000000000000000000e+04;1.331705347580041853e+05;-1.526702384385723399e-04;-4.087536641705874052e-05
1.000000000000000000e+04;1.331721231931150833e+05;-1.530904792752569459e-04;-3.918193440530806865e-05
1.000000000000000000e+04;1.332194857591246255e+05;-1.578805134580203772e-04;1.340956934980908926e-05
1.000000000000000000e+04;1.332210743764253275e+05;-1.577010982172578402e-04;1.515358145711258003e-05
1.000000000000000000e+04;1.332684365864168503e+05;-1.437851139600345037e-04;6.558062204400417518e-05
1.000000000000000000e+04;1.332700253508173337e+05;-1.430307945441740432e-04;6.715481574564511995e-05
1.000000000000000000e+04;1.333173872801596590e+05;-1.133533814095660910e-04;1.099554024650122177e-04
1.000000000000000000e+04;1.333189759339286538e+05;-1.121290655338952016e-04;1.112008697999123584e-04
1.000000000000000000e+04;1.333663385904323659e+05;-6.954815669477104221e-05;1.417447053058778735e-04
1.000000000000000000e+04;1.333679267987692438e+05;-6.794593628348295517e-05;1.424733323857110259e-04
1.000000000000000000e+04;1.334152900330425182e+05;-1.833087560695588762e-05;1.569845976572765468e-04
1.000000000000000000e+04;1.334168779817717441e+05;-1.661438654935892844e-05;1.571639073608833276e-04
1.000000000000000000e+04;1.334642412448241957e+05;3.607075256244304562e-05;1.537608536933082835e-04
1.000000000000000000e+04;1.334658292792499997e+05;3.777035224131871982e-05;1.533407959888234305e-04
1.000000000000000000e+04;1.335131919912596641e+05;8.491985677441257025e-05;1.328779337900441444e-04
1.000000000000000000e+04;1.335147802041008836e+05;8.637259063348811435e-05;1.319067287836441849e-04
1.000000000000000000e+04;1.335621427511291986e+05;1.247025157564729840e-04;9.690012011950247667e-05
1.000000000000000000e+04;1.335637308771940880e+05;1.257429347825643191e-04;9.551486982949989831e-05
1.000000000000000000e+04;1.336110939487757569e+05;1.498419635685786636e-04;4.909057588829610189e-05
1.000000000000000000e+04;1.336126818410280393e+05;1.503508073521362038e-04;4.743132828653916157e-05
1.000000000000000000e+04;1.336600453321718669e+05;1.573335552095749088e-04;-3.482755222442522111e-06
1.000000000000000000e+04;1.336616331899821525e+05;1.572763578323268152e-04;-5.215799299820202540e-06
1.000000000000000000e+04;1.337089964295305545e+05;1.468416878756322540e-04;-5.624915347082930293e-05
1.000000000000000000e+04;1.337105844771077100e+05;1.461812480889902440e-04;-5.785611924567740882e-05
1.000000000000000000e+04;1.337579472663907509e+05;1.196174642731245196e-04;-1.019325162254153326e-04
1.000000000000000000e+04;1.337595354665882478e+05;1.184741926403195806e-04;-1.032233386177301124e-04
1.000000000000000000e+04;1.338068981844192022e+05;7.820698989920442552e-05;-1.362078299862379738e-04
1.000000000000000000e+04;1.338084863918611954e+05;7.670155017546999776e-05;-1.370486410585929212e-04
1.000000000000000000e+04;1.338558492766676063e+05;2.808939562258853411e-05;-1.543017120032531212e-04
1.000000000000000000e+04;1.338574374665162177e+05;2.637127063625493154e-05;-1.545783364167347979e-04
1.000000000000000000e+04;1.339048003891996341e+05;-2.486979071474862326e-05;-1.550072160085095294e-04
1.000000000000000000e+04;1.339063886119154922e+05;-2.655800849673728881e-05;-1.547067179050900360e-04
1.000000000000000000e+04;1.339537514264534111e+05;-7.571020471417453171e-05;-1.375650949050210724e-04
1.000000000000000000e+04;1.339553397849862813e+05;-7.721180787437951175e-05;-1.367080983167997491e-04
1.000000000000000000e+04;1.340027024299611221e+05;-1.168306222133079947e-04;-1.046060607642803475e-04
1.000000000000000000e+04;1.340042909534165519e+05;-1.179582553761603883e-04;-1.033053658597393964e-04
1.000000000000000000e+04;1.340516533546220453e+05;-1.451351030494226044e-04;-5.945670667216041273e-05
1.000000000000000000e+04;1.340532420430612983e+05;-1.457635306301438083e-04;-5.785615352545193696e-05
1.000000000000000000e+04;1.341006043165852316e+05;-1.564961718311373186e-04;-7.745335551580224436e-06
1.000000000000000000e+04;1.341021928486366523e+05;-1.565407226024130344e-04;-6.021449790483032445e-06
1.000000000000000000e+04;1.341495555829299265e+05;-1.500569084672908162e-04;4.471710872571992061e-05
1.000000000000000000e+04;1.341511438746752974e+05;-1.495540365699360018e-04;4.634313548547447657e-05
1.000000000000000000e+04;1.341985068908104440e+05;-1.260853544236720616e-04;9.239888052329783494e-05
1.000000000000000000e+04;1.342000952236368612e+05;-1.250353058054380856e-04;9.377044300443717554e-05
1.000000000000000000e+04;1.342474578413349809e+05;-8.844704656306543074e-05;1.287074051733967726e-04
1.000000000000000000e+04;1.342490464598275139e+05;-8.702486961674388885e-05;1.296502220637498284e-04
1.000000000000000000e+04;1.342964085060343787e+05;-4.002072478570616965e-05;1.509692732320630710e-04
1.000000000000000000e+04;1.342979972850785998e+05;-3.835853404548779881e-05;1.513798307108206768e-04
1.000000000000000000e+04;1.343453594971334387e+05;1.245197469827933778e-05;1.555596127755903802e-04
1.000000000000000000e+04;1.343469480439940526e+05;1.415095630962931787e-05;1.553895080875581367e-04
1.000000000000000000e+04;1.343943110740036645e+05;6.348608252020014066e-05;1.425466042675253538e-04
1.000000000000000000e+04;1.343958995923119073e+05;6.503911622272175272e-05;1.418428064938225322e-04
1.000000000000000000e+04;1.344432623681763944e+05;1.073124784776248360e-04;1.130332658696024705e-04
1.000000000000000000e+04;1.344448513332068105e+05;1.085253991943432124e-04;1.118212467775293997e-04
1.000000000000000000e+04;1.344922129298784130e+05;1.387806336459864527e-04;7.148551115031293740e-05
1.000000000000000000e+04;1.344938022601890552e+05;1.395347265833116060e-04;6.996703856571964458e-05
1.000000000000000000e+04;1.345411634347640793e+05;1.545354503958038743e-04;2.072996238180126560e-05
1.000000000000000000e+04;1.345427524079185969e+05;1.547380155505708626e-04;1.904195290924596580e-05
1.000000000000000000e+04;1.345901147451967408e+05;1.524087692013973284e-04;-3.135220910576385321e-05
1.000000000000000000e+04;1.345917028666527476e+05;1.520344082162163653e-04;-3.301645889737230151e-05
1.000000000000000000e+04;1.346390663595148944e+05;1.335257217581413782e-04;-8.007833066448429341e-05
1.000000000000000000e+04;1.346406541763284476e+05;1.326269063013577466e-04;-8.151874404568061866e-05
1.000000000000000000e+04;1.346880175517843454e+05;9.895836652074018727e-05;-1.199281609115278573e-04
1.000000000000000000e+04;1.346896055893533921e+05;9.762933428907261601e-05;-1.209731007988293209e-04
1.000000000000000000e+04;1.347369682285200979e+05;5.373988613443559276e-05;-1.458630896589588691e-04
1.000000000000000000e+04;1.347385565097044455e+05;5.214827766141381569e-05;-1.464340651428035873e-04
1.000000000000000000e+04;1.347859189872215211e+05;1.972458620117899355e-06;-1.551043677770257503e-04
1.000000000000000000e+04;1.347875072271742101e+05;2.673649916303895863e-07;-1.550970754586033509e-04
1.000000000000000000e+04;1.348348701221931551e+05;-4.912074156004086220e-05;-1.471684718926009341e-04
1.000000000000000000e+04;1.348364582075069775e+05;-5.070512070355115452e-05;-1.465922726488903848e-04
1.000000000000000000e+04;1.348838214154775196e+05;-9.566669630634843800e-05;-1.226282376570732530e-04
1.000000000000000000e+04;1.348854094493500888e+05;-9.698479869466896026e-05;-1.215819289193754348e-04
1.000000000000000000e+04;1.349327726321447699e+05;-1.303382368424652342e-04;-8.357018311294787439e-05
1.000000000000000000e+04;1.349343607561113895e+05;-1.312252272580952681e-04;-8.212851516777039200e-05
1.000000000000000000e+04;1.349817236303542450e+05;-1.509302026665308759e-04;-3.630097589152338179e-05
1.000000000000000000e+04;1.349833119716333749e+05;-1.512992891145215242e-04;-3.465454943386802841e-05
1.000000000000000000e+04;1.350306743290494487e+05;-1.540921519936849055e-04;1.607893604329541280e-05
1.000000000000000000e+04;1.350322628642235941e+05;-1.538782653936514517e-04;1.775453080192761229e-05
1.000000000000000000e+04;1.350796251899155905e+05;-1.403905513114357424e-04;6.574499426587454684e-05
1.000000000000000000e+04;1.350812134475850617e+05;-1.396561439399823486e-04;6.724469818661412269e-05
1.000000000000000000e+04;1.351285764920421934e+05;-1.102466968472442973e-04;1.088222882134614613e-04
1.000000000000000000e+04;1.351301643911690626e+05;-1.090433409384065412e-04;1.100166052417426001e-04
1.000000000000000000e+04;1.351775279621622176e+05;-6.839414427889598251e-05;1.384204577163773253e-04
1.000000000000000000e+04;1.351791157869104354e+05;-6.687164555448092847e-05;1.391229779803185957e-04
1.000000000000000000e+04;1.352264790539380338e+05;-1.864242308006913937e-05;1.539151485992915828e-04
1.000000000000000000e+04;1.352280671587471152e+05;-1.697117340069096575e-05;1.540977592600899248e-04
1.000000000000000000e+04;1.352754296856782457e+05;3.317923440671173509e-05;1.507604258627514757e-04
1.000000000000000000e+04;1.352770180363689724e+05;3.480972696844803659e-05;1.503635896703368750e-04
1.000000000000000000e+04;1.353243804498143145e+05;8.117394371455732274e-05;1.318696711517152386e-04
1.000000000000000000e+04;1.353259687315142946e+05;8.258632558500864551e-05;1.309794885912343189e-04
1.000000000000000000e+04;1.353733317857323273e+05;1.199662978452913683e-04;9.713324635321500175e-05
1.000000000000000000e+04;1.353749199169428903e+05;1.210074738542501381e-04;9.580358710737591692e-05
1.000000000000000000e+04;1.354222833296280587e+05;1.452185371951536942e-04;5.288764599891576814e-05
1.000000000000000000e+04;1.354238716495333065e+05;1.457518879983728396e-04;5.130988955958703591e-05
1.000000000000000000e+04;1.354712343964718457e+05;1.548121942510436572e-04;1.447174021008507370e-06
1.000000000000000000e+04;1.354728232213482261e+05;1.548025766772221962e-04;-2.254843481123991291e-07
1.000000000000000000e+04;1.355201849123818683e+05;1.462387608090981266e-04;-4.917505756515819573e-05
1.000000000000000000e+04;1.355217740026366664e+05;1.456831638270714234e-04;-5.074843754407738154e-05
1.000000000000000000e+04;1.355691355787609064e+05;1.220437899565429387e-04;-9.461865652617368425e-05
1.000000000000000000e+04;1.355707243939929176e+05;1.209946533635159328e-04;-9.592966069159507086e-05
1.000000000000000000e+04;1.356180869681304321e+05;8.419733361739093586e-05;-1.293793609006765541e-04
1.000000000000000000e+04;1.356196752998543088e+05;8.276961556710382055e-05;-1.302534235743520944e-04
1.000000000000000000e+04;1.356670384771829413e+05;3.701256392626972591e-05;-1.500830159294016977e-04
1.000000000000000000e+04;1.356686268518722500e+05;3.540221407958543654e-05;-1.504539168968800265e-04
1.000000000000000000e+04;1.357159894760373863e+05;-1.475695646411268837e-05;-1.535360658572427160e-04
1.000000000000000000e+04;1.357175782387731306e+05;-1.642179231576207577e-05;-1.533625529207266599e-04
1.000000000000000000e+04;1.357649399507083290e+05;-6.360792689366296727e-05;-1.401909069543375030e-04
1.000000000000000000e+04;1.357665288658304780e+05;-6.512330042065126649e-05;-1.394593762203613771e-04
1.000000000000000000e+04;1.358138909725437406e+05;-1.065138363655968300e-04;-1.119327730464564634e-04
1.000000000000000000e+04;1.358154793143580318e+05;-1.076786497238609567e-04;-1.107662866526315661e-04
1.000000000000000000e+04;1.358628422824985173e+05;-1.372717566258861114e-04;-7.010631918476425419e-05
1.000000000000000000e+04;1.358644302281695127e+05;-1.380122668307925070e-04;-6.862170405174666398e-05
1.000000000000000000e+04;1.359117936149193265e+05;-1.522404414407185801e-04;-2.171654611272134927e-05
1.000000000000000000e+04;1.359133815400598687e+05;-1.524501665553139665e-04;-2.006382684966438761e-05
1.000000000000000000e+04;1.359607445764740114e+05;-1.509488016275667682e-04;2.963155530010606995e-05
1.000000000000000000e+04;1.359623326820836810e+05;-1.505918780536670153e-04;3.126114790316219519e-05
1.000000000000000000e+04;1.360096953977234371e+05;-1.330938641791698550e-04;7.718956277085106123e-05
1.000000000000000000e+04;1.360112835594667413e+05;-1.322228591697220841e-04;7.859039961555170024e-05
1.000000000000000000e+04;1.360586464700335346e+05;-9.997123072093828098e-05;1.170991511540479487e-04
1.000000000000000000e+04;1.360602345688756031e+05;-9.872169981822643181e-05;1.181656843019791132e-04
1.000000000000000000e+04;1.361075977480301517e+05;-5.609146515687715696e-05;1.424503235126020357e-04
1.000000000000000000e+04;1.361091859139947919e+05;-5.451061531128258933e-05;1.430338566210812088e-04
1.000000000000000000e+04;1.361565489216745482e+05;-6.783751230230132574e-06;1.538174971858635460e-04
1.000000000000000000e+04;1.361581373823587492e+05;-5.144175756625516422e-06;1.538483869808061183e-04
1.000000000000000000e+04;1.362054998660223791e+05;4.448171733564287470e-05;1.469612749765654479e-04
1.000000000000000000e+04;1.362070886911871494e+05;4.606533036378838205e-05;1.464654927183531253e-04
1.000000000000000000e+04;1.362544506311874138e+05;8.972131506470475745e-05;1.246992913092247147e-04
1.000000000000000000e+04;1.362560396601114771e+05;9.103362789909732068e-05;1.237123385513230409e-04
1.000000000000000000e+04;1.363034016327725840e+05;1.256830013490453559e-04;8.813419625930319528e-05
1.000000000000000000e+04;1.363049906948860735e+05;1.266372074324898867e-04;8.676973729226644661e-05
1.000000000000000000e+04;1.363523528091687185e+05;1.472477584792532084e-04;4.268676495526278622e-05
1.000000000000000000e+04;1.363539420442042465e+05;1.476493617637300246e-04;4.108737249364892370e-05
1.000000000000000000e+04;1.364013038757175673e+05;1.535810076502618993e-04;-8.127262876574732714e-06
1.000000000000000000e+04;1.364028936349051073e+05;1.534887577755510396e-04;-9.760090842459986720e-06
1.000000000000000000e+04;1.364502544932885503e+05;1.419275125894705150e-04;-5.758239800538933928e-05
1.000000000000000000e+04;1.364518448606132879e+05;1.412704136923631157e-04;-5.910860847089305289e-05
1.000000000000000000e+04;1.364992052204011416e+05;1.157503304417590738e-04;-1.008562801554713700e-04
1.000000000000000000e+04;1.365007948789518850e+05;1.146629987684479995e-04;-1.020696648215700843e-04
1.000000000000000000e+04;1.365481565970875381e+05;7.622886626762134538e-05;-1.329750297175524409e-04
1.000000000000000000e+04;1.365497451892242534e+05;7.476647796803687594e-05;-1.337889390117378869e-04
1.000000000000000000e+04;1.365971081742103270e+05;2.922606464292660223e-05;-1.505015087054633477e-04
1.000000000000000000e+04;1.365986962571152253e+05;2.762789750833415710e-05;-1.507589784276247775e-04
1.000000000000000000e+04;1.366460593269771198e+05;-2.200150551485984904e-05;-1.522756597637698499e-04
1.000000000000000000e+04;1.366476475194967352e+05;-2.363138701773332241e-05;-1.520391507504865287e-04
1.000000000000000000e+04;1.366950100583182066e+05;-6.983045495728708145e-05;-1.360106300169663517e-04
1.000000000000000000e+04;1.366965983483042510e+05;-7.128177284000216979e-05;-1.352357079944360968e-04
1.000000000000000000e+04;1.367439609829308756e+05;-1.101872105805312235e-04;-1.067107968365288347e-04
1.000000000000000000e+04;1.367455490203703812e+05;-1.113088109646599260e-04;-1.055039467445069109e-04
1.000000000000000000e+04;1.367929123375256313e+05;-1.391147225389674556e-04;-6.470800152422734992e-05
1.000000000000000000e+04;1.367945002104213054e+05;-1.397634073335543342e-04;-6.320930993981161968e-05
1.000000000000000000e+04;1.368418635892090097e+05;-1.523909833209652581e-04;-1.619345610661462390e-05
1.000000000000000000e+04;1.368434516129304830e+05;-1.525536780639704922e-04;-1.458979831545110389e-05
1.000000000000000000e+04;1.368908144016464939e+05;-1.488483670347071064e-04;3.468508298123838742e-05
1.000000000000000000e+04;1.368924026428681973e+05;-1.484547747472323635e-04;3.630638341532379008e-05
1.000000000000000000e+04;1.369397651554938057e+05;-1.298995819623076603e-04;7.987897898340953968e-05
1.000000000000000000e+04;1.369413533534073213e+05;-1.289880101210890448e-04;8.123600408490745379e-05
1.000000000000000000e+04;1.369887161799157911e+05;-9.701156032308604906e-05;1.193088745609861747e-04
1.000000000000000000e+04;1.369903041423582181e+05;-9.574983841245776725e-05;1.202999750152126458e-04
1.000000000000000000e+04;1.370376671785866783e+05;-5.202809946835622410e-05;1.429883073719706837e-04
1.000000000000000000e+04;1.370392549778539105e+05;-5.048910471395282441e-05;1.435573338160968566e-04
1.000000000000000000e+04;1.370866178497186047e+05;-3.928821698784173908e-06;1.527463271213847396e-04
1.000000000000000000e+04;1.370882055415257055e+05;-2.273634952549284218e-06;1.527358901305922890e-04
1.000000000000000000e+04;1.371355683117349399e+05;4.636972410117969480e-05;1.456505848195084564e-04
1.000000000000000000e+04;1.371371560392913234e+05;4.789167427351289817e-05;1.451224182561981193e-04
1.000000000000000000e+04;1.371845187510469696e+05;9.117270715780952377e-05;1.232223462150346756e-04
1.000000000000000000e+04;1.371861068141062278e+05;9.245653844292444007e-05;1.222491942203421215e-04
1.000000000000000000e+04;1.372334685770995857e+05;1.261011587625118628e-04;8.608737955199911450e-05
1.000000000000000000e+04;1.372350563042023277e+05;1.270263870185441653e-04;8.473448523830165295e-05
1.000000000000000000e+04;1.372818865009805595e+05;1.462220647005489248e-04;4.271195799796798705e-05
1.000000000000000000e+04;1.373332225890759146e+05;1.529595656915008956e-04;-1.029345935863277253e-05
1.000000000000000000e+04;1.373766162251125206e+05;1.423422319383425556e-04;-5.351365220354404771e-05
1.000000000000000000e+04;1.372842471233506803e+05;1.468179687830868066e-04;4.032630913287198329e-05
1.000000000000000000e+04;1.373294658521397796e+05;1.533150020001914672e-04;-6.598438914187556522e-06
1.000000000000000000e+04;1.374302684935298748e+05;1.138801295725251411e-04;-9.928704478804515298e-05
1.000000000000000000e+04;1.374627294603821938e+05;9.086067251294215226e-05;-1.227028455133292507e-04
1.000000000000000000e+04;1.374766369051370420e+05;7.815817082162029644e-05;-1.295045160195050515e-04
1.000000000000000000e+04;1.373804849094878009e+05;1.410915718069465812e-04;-5.732511091966850777e-05
1.000000000000000000e+04;1.374221268956874264e+05;1.195508048258133268e-04;-9.338932558915143426e-05
1.000000000000000000e+04;1.374240565841674688e+05;1.182395146460706097e-04;-9.491730492834758606e-05
1.000000000000000000e+04;1.375391917061113054e+05;1.851895574019986337e-05;-1.509728188427195725e-04
1.000000000000000000e+04;1.375424237181490171e+05;1.512260204302852527e-05;-1.508813666473665552e-04
1.000000000000000000e+04;1.375347056533523719e+05;2.280564475342294287e-05;-1.497596245620216892e-04
1.000000000000000000e+04;1.375004271353718941e+05;5.574297312713311059e-05;-1.410136272416811479e-04
1.000000000000000000e+04;1.375787767508868419e+05;-2.308390860096840518e-05;-1.501190278187353698e-04
1.000000000000000000e+04;1.376190274307760119e+05;-5.966790547196378894e-05;-1.394929281665135490e-04
1.000000000000000000e+04;1.376983581915704417e+05;-1.228097474325879452e-04;-8.845865324292097743e-05
1.000000000000000000e+04;1.376984466388492147e+05;-1.228568327359674394e-04;-8.837838553720192190e-05
1.000000000000000000e+04;1.376982684528004611e+05;-1.227508089521554271e-04;-8.852392082609073117e-05
1.000000000000000000e+04;1.376586197978876298e+05;-9.676056598952118958e-05;-1.175730325050305892e-04
1.000000000000000000e+04;1.376190298874755390e+05;-5.967016219118386692e-05;-1.394918890720258764e-04
1.000000000000000000e+04;1.376190286661887367e+05;-5.966903961887094245e-05;-1.394925674208425835e-04
1.000000000000000000e+04;1.377380731019655068e+05;-1.433890312314025067e-04;-5.264780660144049171e-05
1.000000000000000000e+04;1.377777555058517028e+05;-1.488300373105638959e-04;-1.419236943994212642e-05
1.000000000000000000e+04;1.378174936921023182e+05;-1.503752383749923621e-04;2.678595318824267312e-05
1.000000000000000000e+04;1.378570923339849978e+05;-1.362495385191157100e-04;6.461911268744795439e-05
1.000000000000000000e+04;1.377777732644285716e+05;-1.488315689587197494e-04;-1.417449174622619242e-05
1.000000000000000000e+04;1.377777643789124559e+05;-1.488314172804314662e-04;-1.418366134596793854e-05
1.000000000000000000e+04;1.378968425677325868e+05;-1.162044675141223732e-04;9.848506037701471104e-05
1.000000000000000000e+04;1.379364816538131272e+05;-8.301282562282224955e-05;1.246449062258259968e-04
1.000000000000000000e+04;1.378572486538973171e+05;-1.361808508767405263e-04;6.475907448332508744e-05
1.000000000000000000e+04;1.378571705310227990e+05;-1.362193196239477834e-04;6.469262066738322155e-05
1.000000000000000000e+04;1.379761749909965438e+05;-5.047162897668874430e-05;1.429956757173230062e-04
1.000000000000000000e+04;1.380158551431519736e+05;-9.151067234272758033e-06;1.505043472169170641e-04
1.000000000000000000e+04;1.379365161986559979e+05;-8.298416782881615575e-05;1.246643328545205551e-04
1.000000000000000000e+04;1.379364989300521556e+05;-8.299859468547002392e-05;1.246563597202781759e-04
1.000000000000000000e+04;1.380555380396266119e+05;2.873141042117504561e-05;1.480049054291927228e-04
1.000000000000000000e+04;1.380952209369819902e+05;6.928439268365040363e-05;1.347469274209820930e-04
1.000000000000000000e+04;1.381349038339700492e+05;9.943043337555575330e-05;1.123755323200929064e-04
1.000000000000000000e+04;1.381745867313946073e+05;1.276129652088826925e-04;8.186505343929284311e-05
1.000000000000000000e+04;1.382142696284165722e+05;1.424873320186214785e-04;4.597015044732705662e-05
1.000000000000000000e+04;1.382539525255489571e+05;1.514305017690515797e-04;6.907608358752774040e-06
1.000000000000000000e+04;1.382936354223410308e+05;1.459812724971123283e-04;-3.292361020752372094e-05
1.000000000000000000e+04;1.383333183190827840e+05;1.344223051823302073e-04;-7.008663073157911361e-05
1.000000000000000000e+04;1.383730012160659535e+05;1.093647052315514659e-04;-1.026009189515847495e-04
1.000000000000000000e+04;1.384126841130229586e+05;7.980671143352512965e-05;-1.275045890840541241e-04
1.000000000000000000e+04;1.384523670101042953e+05;4.264134693487891072e-05;-1.442294311301679202e-04
1.000000000000000000e+04;1.384920499071720697e+05;5.214819289818010648e-06;-1.499636403906637024e-04
1.000000000000000000e+04;1.385317328043040470e+05;-3.571519440944325509e-05;-1.463614087408576922e-04
1.000000000000000000e+04;1.385714157014289813e+05;-7.217973100297657635e-05;-1.316264979169227837e-04
1.000000000000000000e+04;1.386110985985870066e+05;-1.043136276875703390e-04;-1.087905574230129877e-04
1.000000000000000000e+04;1.386507814957413648e+05;-1.281193981461708424e-04;-7.709308161962768449e-05
1.000000000000000000e+04;1.386904643929128652e+05;-1.445135285473169470e-04;-4.171093775462281341e-05
1.000000000000000000e+04;1.387301472900824447e+05;-1.502589816474095828e-04;-1.998907797351961936e-06
1.000000000000000000e+04;1.387698301872609009e+05;-1.453672967051438043e-04;3.641245920887817430e-05
1.000000000000000000e+04;1.388095130844383384e+05;-1.308999872937911769e-04;7.383652908399862048e-05
1.000000000000000000e+04;1.388491959816203744e+05;-1.068621877339906602e-04;1.044017925377201084e-04
1.000000000000000000e+04;1.388888788788019156e+05;-7.625542001682566215e-05;1.294900647229250534e-04
1.000000000000000000e+04;1.389285617759858142e+05;-3.941015515471292709e-05;1.438908236304558630e-04
1.000000000000000000e+04;1.389682446731695090e+05;-1.642004744826343707e-06;1.499290608776678772e-04
1.000000000000000000e+04;1.390079275703544263e+05;3.857270388066654431e-05;1.442376045605732828e-04
1.000000000000000000e+04;1.390476104675391689e+05;7.398021181632438812e-05;1.303229944723125128e-04
1.000000000000000000e+04;1.390872933647245227e+05;1.060895385641832473e-04;1.056322067974458609e-04
1.000000000000000000e+04;1.391269762619099056e+05;1.281552275010861073e-04;7.502199762638704389e-05
1.000000000000000000e+04;1.391666591590956086e+05;1.449770588691276898e-04;3.849602880493229471e-05
1.000000000000000000e+04;1.392063420562811953e+05;1.486652446367314729e-04;6.182132808849279985e-07
1.000000000000000000e+04;1.392460249534670147e+05;1.448899585577322546e-04;-3.878520073095417922e-05
1.000000000000000000e+04;1.392857078506528342e+05;1.278041597138982464e-04;-7.466851335747454188e-05
1.000000000000000000e+04;1.393253907478387118e+05;1.060678902141131720e-04;-1.055207691014946688e-04
1.000000000000000000e+04;1.393650736450246186e+05;7.329393329829867485e-05;-1.286520983878541933e-04
1.000000000000000000e+04;1.394047565422105254e+05;3.907056500916377420e-05;-1.436626534356340193e-04
1.000000000000000000e+04;1.394444394393965194e+05;-1.556951469779912479e-06;-1.487143915733104378e-04
1.000000000000000000e+04;1.394841223365824262e+05;-3.796524825150871202e-05;-1.431530651765179673e-04
1.000000000000000000e+04;1.395238052337683912e+05;-7.572294338870702850e-05;-1.283247220622584276e-04
1.000000000000000000e+04;1.395634881309543271e+05;-1.043499739649766353e-04;-1.042121616835575855e-04
1.000000000000000000e+04;1.396031710281403211e+05;-1.296526465906952497e-04;-7.374925329206840556e-05
1.000000000000000000e+04;1.396428539253262861e+05;-1.423765479994054228e-04;-3.738485604079849533e-05
1.000000000000000000e+04;1.396825368225122511e+05;-1.491462846030946565e-04;5.176617350055479583e-08
1.000000000000000000e+04;1.397222197196982452e+05;-1.419390942446992275e-04;3.933846612071827830e-05
1.000000000000000000e+04;1.397619026168842393e+05;-1.285524704267433887e-04;7.427143589335744088e-05
1.000000000000000000e+04;1.398015855140701751e+05;-1.033765733939975601e-04;1.055075934643599620e-04
1.000000000000000000e+04;1.398412684112561401e+05;-7.438155465979264186e-05;1.273570410882031326e-04
1.000000000000000000e+04;1.398809513084421633e+05;-3.706711666404254464e-05;1.434687172662417920e-04
1.000000000000000000e+04;1.399206342056280992e+05;1.756340111984078757e-08;1.473841619054054748e-04
1.000000000000000000e+04;1.399603171028140641e+05;3.914947828913981428e-05;1.432673266875717248e-04
1.000000000000000000e+04;1.400000000000000000e+05;7.330797212380661839e-05;1.267667791086789654e-04
7.500000000000000000e+03;0.000000000000000000e+00;6.726049015702383191e-04;1.889161749179594759e-04
7.500000000000000000e+03;4.895104895105195908e+01;6.702034231599030261e-04;1.884895881038653475e-04
7.500000000000000000e+03;9.790209790209222263e+01;6.778901286334775705e-04;1.821701191842842670e-04
7.500000000000000000e+03;1.468531468531442101e+02;6.746700509037378661e-04;1.786830618022836514e-04
7.500000000000000000e+03;1.958041958041922896e+02;6.816926461084348932e-04;1.705822635732854990e-04
7.500000000000000000e+03;2.447552447552442629e+02;6.822868238199274703e-04;1.580418129858370305e-04
7.500000000000000000e+03;2.937062937062884203e+02;6.933803879104525171e-04;1.452898101699211112e-04
7.500000000000000000e+03;3.426573426573364713e+02;6.964914100031996142e-04;1.295604665947646154e-04
7.500000000000000000e+03;3.916083916083884446e+02;7.065240491107249677e-04;1.142110925223937260e-04
7.500000000000000000e+03;4.405594405594364389e+02;7.082300777969575837e-04;8.974380495902284306e-05
7.500000000000000000e+03;4.895104895104806246e+02;7.151184011796011967e-04;7.087957840891535150e-05
7.500000000000000000e+03;5.384615384615403855e+02;7.192499945584824835e-04;4.315364451626683208e-05
7.500000000000000000e+03;5.874125874125807059e+02;7.220620975081572419e-04;1.430510352327235309e-05
7.500000000000000000e+03;6.363636363636328497e+02;7.228586718761537220e-04;-1.595613622311239132e-05
7.500000000000000000e+03;6.853146853146846524e+02;7.264939170568369747e-04;-5.055862705951578198e-05
7.500000000000000000e+03;7.342657342657327035e+02;7.213679193300261616e-04;-8.705134496170017296e-05
7.500000000000000000e+03;7.832167832167843926e+02;7.172258173939796960e-04;-1.255233533463273468e-04
7.500000000000000000e+03;8.321678321678327848e+02;7.122306016867212828e-04;-1.684185991327709689e-04
7.500000000000000000e+03;8.811188811188847012e+02;7.009955912129276195e-04;-2.106113986786787272e-04
7.500000000000000000e+03;9.300699300699288870e+02;6.857989439580224750e-04;-2.532069085066642822e-04
7.500000000000000000e+03;9.790209790209770517e+02;6.742568658262690015e-04;-3.045991384758244642e-04
7.500000000000000000e+03;1.027972027972028854e+03;6.487413978512132249e-04;-3.458059179306688944e-04
7.500000000000000000e+03;1.076923076923076906e+03;6.275331911972921537e-04;-3.932525939644522430e-04
7.500000000000000000e+03;1.125874125874121091e+03;5.954040230865540514e-04;-4.439523318342327883e-04
7.500000000000000000e+03;1.174825174825173235e+03;5.653500209653812862e-04;-4.860581035596153515e-04
7.500000000000000000e+03;1.223776223776221286e+03;5.211240162677489548e-04;-5.283536455391235273e-04
7.500000000000000000e+03;1.272727272727280933e+03;4.814749169773208082e-04;-5.774112770934120226e-04
7.500000000000000000e+03;1.321678321678321254e+03;4.265927544422318295e-04;-6.115950896380079960e-04
7.500000000000000000e+03;1.370629370629380901e+03;3.773445553722970850e-04;-6.473955719370902894e-04
7.500000000000000000e+03;1.419580419580421221e+03;3.095985934642999596e-04;-6.836334654508599345e-04
7.500000000000000000e+03;1.468531468531480868e+03;2.496723493334448117e-04;-7.078463360999327552e-04
7.500000000000000000e+03;1.517482517482525054e+03;1.776631230881734933e-04;-7.279042650389354894e-04
7.500000000000000000e+03;1.566433566433573787e+03;1.037963059864774416e-04;-7.457473281000783025e-04
7.500000000000000000e+03;1.615384615384625477e+03;2.530983582264542729e-05;-7.509400376345021395e-04
7.500000000000000000e+03;1.664335664335673300e+03;-4.938572332598043332e-05;-7.502946408474387915e-04
7.500000000000000000e+03;1.713286713286717486e+03;-1.349358737259701631e-04;-7.411745399679432311e-04
7.500000000000000000e+03;1.762237762237776906e+03;-2.139024496464723177e-04;-7.214145497746628352e-04
7.500000000000000000e+03;1.811188811188817454e+03;-2.923731365542222627e-04;-6.941437498602443575e-04
7.500000000000000000e+03;1.860139860139869370e+03;-3.727189502230281561e-04;-6.542115913087304157e-04
7.500000000000000000e+03;1.909090909090913556e+03;-4.463633143731013581e-04;-6.054747366927356201e-04
7.500000000000000000e+03;1.958041958041961607e+03;-5.159163501194413042e-04;-5.493747167902298615e-04
7.500000000000000000e+03;2.006993006993013751e+03;-5.798424715643289359e-04;-4.795335902561696025e-04
7.500000000000000000e+03;2.055944055944069532e+03;-6.356794576665670757e-04;-4.028954235625996643e-04
7.500000000000000000e+03;2.104895104895121221e+03;-6.826834479398466828e-04;-3.205011785954578669e-04
7.500000000000000000e+03;2.153846153846169727e+03;-7.187060798302548738e-04;-2.273253302777881470e-04
7.500000000000000000e+03;2.202797202797221416e+03;-7.415037597367555135e-04;-1.298573139935800113e-04
7.500000000000000000e+03;2.251748251748266739e+03;-7.542779033433709467e-04;-3.008721704115409730e-05
7.500000000000000000e+03;2.300699300699317519e+03;-7.499408938521020824e-04;7.483597329344403347e-05
7.500000000000000000e+03;2.349650349650365570e+03;-7.296958232203275578e-04;1.782670219259605514e-04
7.500000000000000000e+03;2.398601398601413621e+03;-6.989700212354546223e-04;2.812426871593943969e-04
7.500000000000000000e+03;2.447552447552461672e+03;-6.477941338093964364e-04;3.788566728851897394e-04
7.500000000000000000e+03;2.496503496503513816e+03;-5.838918146523790946e-04;4.697048671706460419e-04
7.500000000000000000e+03;2.545454545454557774e+03;-5.060080178793990901e-04;5.536760457875068318e-04
7.500000000000000000e+03;2.594405594405609918e+03;-4.161619540846786818e-04;6.234581338419528402e-04
7.500000000000000000e+03;2.643356643356653876e+03;-3.123204573950234320e-04;6.791586323058849701e-04
7.500000000000000000e+03;2.692307692307706020e+03;-2.035112091521489117e-04;7.215946412928597340e-04
7.500000000000000000e+03;2.741258741258754071e+03;-8.445184451146700512e-05;7.442415243847397104e-04
7.500000000000000000e+03;2.790209790209798484e+03;3.394295479943331849e-05;7.452324307448744169e-04
7.500000000000000000e+03;2.839160839160850173e+03;1.580119529193894218e-04;7.319712933721009068e-04
7.500000000000000000e+03;2.888111888111898224e+03;2.747881686020802535e-04;6.922716076329079107e-04
7.500000000000000000e+03;2.937062937062946276e+03;3.872260194543441776e-04;6.362194500559212838e-04
7.500000000000000000e+03;2.986013986013994327e+03;4.895517363659211089e-04;5.582759335424816033e-04
7.500000000000000000e+03;3.034965034965042378e+03;5.803200938638798309e-04;4.657989839382291396e-04
7.500000000000000000e+03;3.083916083916094522e+03;6.495349977818748151e-04;3.544052343840822035e-04
7.500000000000000000e+03;3.132867132867137570e+03;7.050760951656914180e-04;2.345745785763903642e-04
7.500000000000000000e+03;3.181818181818190624e+03;7.344507254959120341e-04;1.012564695182910211e-04
7.500000000000000000e+03;3.230769230769235037e+03;7.410505075415613381e-04;-3.039323477011199337e-05
7.500000000000000000e+03;3.279720279720290819e+03;7.216215678600771928e-04;-1.686212945524743004e-04
7.500000000000000000e+03;3.328671328671338870e+03;6.781684134737223178e-04;-2.987864881773409946e-04
7.500000000000000000e+03;3.377622377622386921e+03;6.083453796223741621e-04;-4.189332003789195884e-04
7.500000000000000000e+03;3.426573426573438610e+03;5.162382801994591479e-04;-5.270072965360074642e-04
7.500000000000000000e+03;3.475524475524483023e+03;4.031908617016779421e-04;-6.159923819126953640e-04
7.500000000000000000e+03;3.524475524475531074e+03;2.754042003566461853e-04;-6.807139876703338643e-04
7.500000000000000000e+03;3.573426573426579125e+03;1.343445141875276795e-04;-7.201723627270431062e-04
7.500000000000000000e+03;3.622377622377631269e+03;-1.423636331871015147e-05;-7.337271078414189449e-04
7.500000000000000000e+03;3.671328671328675227e+03;-1.587964546123228052e-04;-7.127008581534899226e-04
7.500000000000000000e+03;3.720279720279731009e+03;-3.027932081547374645e-04;-6.674319108569550874e-04
7.500000000000000000e+03;3.769230769230775422e+03;-4.316311664111552294e-04;-5.881116809636461424e-04
7.500000000000000000e+03;3.818181818181823473e+03;-5.439932951954401345e-04;-4.889295552011382450e-04
7.500000000000000000e+03;3.867132867132874708e+03;-6.308455061190876073e-04;-3.611530693321686036e-04
7.500000000000000000e+03;3.916083916083927761e+03;-6.943866441806809814e-04;-2.214421410440050870e-04
7.500000000000000000e+03;3.965034965034970810e+03;-7.208469797392625137e-04;-6.726961957294601713e-05
7.500000000000000000e+03;4.013986013986022954e+03;-7.195825580127516432e-04;8.760753032975206742e-05
7.500000000000000000e+03;4.062937062937076007e+03;-6.790225901277311240e-04;2.447300884087495829e-04
7.500000000000000000e+03;4.111888111888127241e+03;-6.106342955478723982e-04;3.840913115945148175e-04
7.500000000000000000e+03;4.160839160839179385e+03;-5.080861040247184593e-04;5.109569768857326983e-04
7.500000000000000000e+03;4.209790209790235167e+03;-3.807766293265202459e-04;6.105632676747410441e-04
7.500000000000000000e+03;4.258741258741279125e+03;-2.342557207126803442e-04;6.796762760728889850e-04
7.500000000000000000e+03;4.307692307692327631e+03;-7.449401526020035227e-05;7.138216598162341019e-04
7.500000000000000000e+03;4.356643356643371590e+03;9.162250282192356814e-05;7.117654687472256591e-04
7.500000000000000000e+03;4.405594405594427371e+03;2.524733034493772997e-04;6.693119264923791433e-04
7.500000000000000000e+03;4.454545454545475877e+03;3.980118576680492467e-04;5.925554603667807559e-04
7.500000000000000000e+03;4.503496503496523474e+03;5.290873332985327870e-04;4.802661757592077241e-04
7.500000000000000000e+03;4.552447552447567432e+03;6.224997166599048051e-04;3.421495656009014888e-04
7.500000000000000000e+03;4.601398601398619576e+03;6.883315569294830337e-04;1.832097309521814191e-04
7.500000000000000000e+03;4.650349650349663534e+03;7.080117765573618526e-04;1.316692370527408462e-05
7.500000000000000000e+03;4.699300699300718406e+03;6.931196682186739318e-04;-1.600894022197407003e-04
7.500000000000000000e+03;4.748251748251775098e+03;6.285310856302961380e-04;-3.195777214269487042e-04
7.500000000000000000e+03;4.797202797202819966e+03;5.340204921522543474e-04;-4.671869713765289863e-04
7.500000000000000000e+03;4.846153846153873928e+03;3.979568909764066766e-04;-5.802382388259380401e-04
7.500000000000000000e+03;4.895104895104919706e+03;2.454804695063491781e-04;-6.617508433205621576e-04
7.500000000000000000e+03;4.944055944055975488e+03;6.762060665758802222e-05;-6.979594238388529609e-04
7.500000000000000000e+03;4.993006993007023993e+03;-1.075092112157184079e-04;-6.949793463953255921e-04
7.500000000000000000e+03;5.041958041958073409e+03;-2.798643614599718738e-04;-6.393565640534159492e-04
7.500000000000000000e+03;5.090909090909123734e+03;-4.339295774645269329e-04;-5.491053442701729521e-04
7.500000000000000000e+03;5.139860139860179515e+03;-5.597725964594001472e-04;-4.159790162154617223e-04
7.500000000000000000e+03;5.188811188811228931e+03;-6.458530504570735757e-04;-2.589628296404226102e-04
7.500000000000000000e+03;5.237762237762283803e+03;-6.904957908802660709e-04;-7.970918260530773835e-05
7.500000000000000000e+03;5.286713286713331399e+03;-6.880595045069353398e-04;1.018770109037187650e-04
7.500000000000000000e+03;5.335664335664383543e+03;-6.320436175447593542e-04;2.789936798513238951e-04
7.500000000000000000e+03;5.384615384615423864e+03;-5.384444715603156541e-04;4.363648742027302369e-04
7.500000000000000000e+03;5.433566433566479645e+03;-3.990395932947040140e-04;5.619685994895656659e-04
7.500000000000000000e+03;5.482517482517525423e+03;-2.352047750143887992e-04;6.481241341451631074e-04
7.500000000000000000e+03;5.531468531468575748e+03;-4.899826880200683799e-05;6.846830844932306126e-04
7.500000000000000000e+03;5.580419580419627891e+03;1.360781621207580148e-04;6.739995719201308244e-04
7.500000000000000000e+03;5.629370629370680035e+03;3.174016350147025297e-04;6.067402417634330932e-04
7.500000000000000000e+03;5.678321678321723994e+03;4.687822617812861001e-04;4.995123954777749018e-04
7.500000000000000000e+03;5.727272727272776137e+03;5.900168543859322934e-04;3.468238563153015546e-04
7.500000000000000000e+03;5.776223776223820096e+03;6.606756217468830357e-04;1.730261282783387229e-04
7.500000000000000000e+03;5.825174825174875878e+03;6.820419576646369201e-04;-2.101898770223849009e-05
7.500000000000000000e+03;5.874125874125928021e+03;6.484882566101368012e-04;-2.080427495126102046e-04
7.500000000000000000e+03;5.923076923076981984e+03;5.613493030214477186e-04;-3.838674435735821918e-04
7.500000000000000000e+03;5.972027972028031400e+03;4.292893434244479667e-04;-5.236562182721239559e-04
7.500000000000000000e+03;6.020979020979079905e+03;2.611520238859319247e-04;-6.254202352586439584e-04
7.500000000000000000e+03;6.069930069930135687e+03;7.171095124884303092e-05;-6.712459327464628594e-04
7.500000000000000000e+03;6.118881118881181465e+03;-1.264589859316844398e-04;-6.620762670454248848e-04
7.500000000000000000e+03;6.167832167832240884e+03;-3.097262024500136443e-04;-5.977583251069436363e-04
7.500000000000000000e+03;6.216783216783287571e+03;-4.716329121451610928e-04;-4.796434300041765007e-04
7.500000000000000000e+03;6.265734265734339715e+03;-5.885500475706420542e-04;-3.214141177610869158e-04
7.500000000000000000e+03;6.314685314685391859e+03;-6.566507921853026496e-04;-1.336086670276304079e-04
7.500000000000000000e+03;6.363636363636443093e+03;-6.653097151517886956e-04;6.349752902990449732e-05
7.500000000000000000e+03;6.412587412587491599e+03;-6.154424789812390105e-04;2.605545827111305137e-04
7.500000000000000000e+03;6.461538461538543743e+03;-5.092307911658444826e-04;4.274179799293787753e-04
7.500000000000000000e+03;6.510489510489584063e+03;-3.573326740874014306e-04;5.615815185885988372e-04
7.500000000000000000e+03;6.559440559440636207e+03;-1.728451398623377514e-04;6.399492828097380929e-04
7.500000000000000000e+03;6.608391608391680165e+03;3.002343066815570610e-05;6.629135004253189139e-04
7.500000000000000000e+03;6.657342657342739585e+03;2.257179325573599005e-04;6.194256919374184402e-04
7.500000000000000000e+03;6.706293706293783544e+03;4.059843482239933361e-04;5.220286511763421334e-04
7.500000000000000000e+03;6.755244755244835687e+03;5.419182409138411337e-04;3.718116606328444309e-04
7.500000000000000000e+03;6.804195804195887831e+03;6.314983126613362514e-04;1.868994232345591621e-04
7.500000000000000000e+03;6.853146853146939975e+03;6.538669712501603932e-04;-1.658566090401041081e-05
7.500000000000000000e+03;6.902097902097986662e+03;6.196321820788548750e-04;-2.181552875339643990e-04
7.500000000000000000e+03;6.951048951049036077e+03;5.165156627292031644e-04;-3.981507335520948821e-04
7.500000000000000000e+03;7.000000000000082764e+03;3.691894437467551260e-04;-5.412460423525844401e-04
7.500000000000000000e+03;7.048951048951135817e+03;1.786262134218644982e-04;-6.252521757965550167e-04
7.500000000000000000e+03;7.097902097902179776e+03;-2.464438898406625043e-05;-6.516064222906539378e-04
7.500000000000000000e+03;7.146853146853235558e+03;-2.308775827282185896e-04;-6.075144149994438515e-04
7.500000000000000000e+03;7.195804195804280425e+03;-4.091741686866408236e-04;-5.038423494376282523e-04
7.500000000000000000e+03;7.244755244755328022e+03;-5.478746259606762569e-04;-3.442885900983977659e-04
7.500000000000000000e+03;7.293706293706380166e+03;-6.289097187693617162e-04;-1.542730629596804294e-04
7.500000000000000000e+03;7.342657342657432309e+03;-6.433047178853525420e-04;5.851184086440818204e-05
7.500000000000000000e+03;7.391608391608479906e+03;-5.906553868358416139e-04;2.603214074620474367e-04
7.500000000000000000e+03;7.440559440559528412e+03;-4.728585303361076487e-04;4.366252937434384829e-04
7.500000000000000000e+03;7.489510489510576008e+03;-3.075844965265322529e-04;5.655398434040626206e-04
7.500000000000000000e+03;7.538461538461628152e+03;-1.038598121865177162e-04;6.333572503274500403e-04
7.500000000000000000e+03;7.587412587412680296e+03;1.054808999976875408e-04;6.315991451075849599e-04
7.500000000000000000e+03;7.636363636363726982e+03;3.095361648187027522e-04;5.598651827410168653e-04
7.500000000000000000e+03;7.685314685314776398e+03;4.726305449515445897e-04;4.280383968328311866e-04
7.500000000000000000e+03;7.734265734265823994e+03;5.899752528079151882e-04;2.448853022221025660e-04
7.500000000000000000e+03;7.783216783216873409e+03;6.342677639666569620e-04;3.842739092173288795e-05
7.500000000000000000e+03;7.832167832167921915e+03;6.122926479253062472e-04;-1.771236810450215707e-04
7.500000000000000000e+03;7.881118881118968602e+03;5.156398407739384545e-04;-3.671791994212014244e-04
7.500000000000000000e+03;7.930069930070011651e+03;3.644188678341280527e-04;-5.205292238002393436e-04
7.500000000000000000e+03;7.979020979021068342e+03;1.661928391507843251e-04;-6.086783103560897612e-04
7.500000000000000000e+03;8.027972027972113210e+03;-4.734436900049037323e-05;-6.297478733060983894e-04
7.500000000000000000e+03;8.076923076923163535e+03;-2.573855482538593069e-04;-5.739845856359657595e-04
7.500000000000000000e+03;8.125874125874209312e+03;-4.368758540476011748e-04;-4.530477118762792662e-04
7.500000000000000000e+03;8.174825174825260547e+03;-5.635205829243718299e-04;-2.763445316246626766e-04
7.500000000000000000e+03;8.223776223776312690e+03;-6.236798635528848292e-04;-6.699886179268602570e-05
7.500000000000000000e+03;8.272727272727364834e+03;-6.075142876795953939e-04;1.487000683639031710e-04
7.500000000000000000e+03;8.321678321678407883e+03;-5.197393356465184648e-04;3.495631334182880282e-04
7.500000000000000000e+03;8.370629370629461846e+03;-3.657360284735989360e-04;5.038424118067658846e-04
7.500000000000000000e+03;8.419580419580497619e+03;-1.701135723525426145e-04;6.010792183799239762e-04
7.500000000000000000e+03;8.468531468531560677e+03;4.966922310997680460e-05;6.176224138366888383e-04
7.500000000000000000e+03;8.517482517482605545e+03;2.595895800927054361e-04;5.656771239773533385e-04
7.500000000000000000e+03;8.566433566433657688e+03;4.412430865336429528e-04;4.344048379885205851e-04
7.500000000000000000e+03;8.615384615384704375e+03;5.628928978012102784e-04;2.559131013704297108e-04
7.500000000000000000e+03;8.664335664335752881e+03;6.166260707328938273e-04;3.893226372050360474e-05
7.500000000000000000e+03;8.713286713286801387e+03;5.899079971622028275e-04;-1.767078229066877389e-04
7.500000000000000000e+03;8.762237762237853531e+03;4.889318285544500507e-04;-3.771031391526306594e-04
7.500000000000000000e+03;8.811188811188902037e+03;3.225748953618927059e-04;-5.213995179437812613e-04
7.500000000000000000e+03;8.860139860139948723e+03;1.183535888769274421e-04;-6.035102623162094714e-04
7.500000000000000000e+03;8.909090909090997229e+03;-1.056503794224150969e-04;-6.046699534914036240e-04
7.500000000000000000e+03;8.958041958042042097e+03;-3.129043569529051929e-04;-5.265624115301085519e-04
7.500000000000000000e+03;9.006993006993097879e+03;-4.796140823300620447e-04;-3.794018306528534890e-04
7.500000000000000000e+03;9.055944055944140928e+03;-5.828774403999364452e-04;-1.816996984171398866e-04
7.500000000000000000e+03;9.104895104895189434e+03;-6.092845589219328005e-04;3.961163532000835740e-05
7.500000000000000000e+03;9.153846153846237939e+03;-5.509772938091950928e-04;2.575419947518112706e-04
7.500000000000000000e+03;9.202797202797286445e+03;-4.222051821464415798e-04;4.373212364675588683e-04
7.500000000000000000e+03;9.251748251748333132e+03;-2.332762042213774195e-04;5.619817537309622184e-04
7.500000000000000000e+03;9.300699300699385276e+03;-1.310144567937625949e-05;6.054224807234960494e-04
7.500000000000000000e+03;9.349650349650430144e+03;2.079176064808807155e-04;5.698674575950117387e-04
7.500000000000000000e+03;9.398601398601485926e+03;4.012577982693617154e-04;4.525138372410157021e-04
7.500000000000000000e+03;9.447552447552534431e+03;5.390977834412197679e-04;2.742987785890479112e-04
7.500000000000000000e+03;9.496503496503590213e+03;6.008023729655223967e-04;5.671197453557645651e-05
7.500000000000000000e+03;9.545454545454633262e+03;5.789345290731928327e-04;-1.677952513262753720e-04
7.500000000000000000e+03;9.594405594405685406e+03;4.761302125255031741e-04;-3.696515141591011746e-04
7.500000000000000000e+03;9.643356643356730274e+03;3.037037271131574467e-04;-5.188525129581690902e-04
7.500000000000000000e+03;9.692307692307787875e+03;9.099633094604812086e-05;-5.929186592627290475e-04
7.500000000000000000e+03;9.741258741258838199e+03;-1.375775284894847602e-04;-5.844514299384978269e-04
7.500000000000000000e+03;9.790209790209892162e+03;-3.445609842573906997e-04;-4.896040536931250704e-04
7.500000000000000000e+03;9.839160839160944306e+03;-5.022626479254549978e-04;-3.256661974991729492e-04
7.500000000000000000e+03;9.888111888111989174e+03;-5.871689927003827247e-04;-1.128444578997681708e-04
7.500000000000000000e+03;9.937062937063041318e+03;-5.862537093209678604e-04;1.139858456553813468e-04
7.500000000000000000e+03;9.986013986014086186e+03;-4.987273989281652657e-04;3.267562116275396435e-04
7.500000000000000000e+03;1.003496503496513833e+04;-3.382352107053834150e-04;4.896663289846207249e-04
7.500000000000000000e+03;1.008391608391619047e+04;-1.282326311785413054e-04;5.793685738844995192e-04
7.500000000000000000e+03;1.013286713286722988e+04;1.034393449593969003e-04;5.846066227698931564e-04
7.500000000000000000e+03;1.018181818181828203e+04;3.154220460740317865e-04;5.010921046490762623e-04
7.500000000000000000e+03;1.023076923076933053e+04;4.843346556714228104e-04;3.421388759866876702e-04
7.500000000000000000e+03;1.027972027972038086e+04;5.764427266475478321e-04;1.316524110492108424e-04
7.500000000000000000e+03;1.032867132867143300e+04;5.838360788058478187e-04;-9.684022100151136328e-05
7.500000000000000000e+03;1.037762237762247059e+04;4.994489868466108233e-04;-3.150618912491919585e-04
7.500000000000000000e+03;1.042657342657352638e+04;3.417535814034160040e-04;-4.797488352799227041e-04
7.500000000000000000e+03;1.047552447552457488e+04;1.283633636755057705e-04;-5.742211255224743353e-04
7.500000000000000000e+03;1.052447552447562521e+04;-1.024855468243719621e-04;-5.788049182650033524e-04
7.500000000000000000e+03;1.057342657342667007e+04;-3.182133889524937182e-04;-4.938651246042886000e-04
7.500000000000000000e+03;1.062237762237771858e+04;-4.845536283894455475e-04;-3.305037762071141578e-04
7.500000000000000000e+03;1.067132867132877072e+04;-5.736149988177185978e-04;-1.185674851260871070e-04
7.500000000000000000e+03;1.072027972027981923e+04;-5.744940223910485885e-04;1.151565970626123567e-04
7.500000000000000000e+03;1.076923076923087137e+04;-4.813202681943921837e-04;3.292463284087452377e-04
7.500000000000000000e+03;1.081818181818191806e+04;-3.158469650750897191e-04;4.900728488981616511e-04
7.500000000000000000e+03;1.086713286713296293e+04;-9.581290970387207014e-05;5.748102129107633814e-04
7.500000000000000000e+03;1.091608391608401143e+04;1.358479185935418648e-04;5.657237397033433547e-04
7.500000000000000000e+03;1.096503496503506358e+04;3.486786309017832338e-04;4.669151376989537860e-04
7.500000000000000000e+03;1.101398601398610663e+04;5.019785907748205945e-04;2.913225023550641227e-04
7.500000000000000000e+03;1.106293706293715877e+04;5.773967999110781162e-04;7.081120570035493952e-05
7.500000000000000000e+03;1.111188811188820728e+04;5.555932120317255696e-04;-1.641470612724517245e-04
7.500000000000000000e+03;1.116083916083925578e+04;4.444081805887087322e-04;-3.688356389211387351e-04
7.500000000000000000e+03;1.120979020979030793e+04;2.612390126140309919e-04;-5.165834832238141907e-04
7.500000000000000000e+03;1.125874125874134734e+04;3.252113772633360230e-05;-5.747497083758927160e-04
7.500000000000000000e+03;1.130769230769239584e+04;-1.987523562664089628e-04;-5.422730534578645628e-04
7.500000000000000000e+03;1.135664335664344799e+04;-3.992031979879120279e-04;-4.156168732620031821e-04
7.500000000000000000e+03;1.140559440559448740e+04;-5.306097962349709974e-04;-2.224946774248068163e-04
7.500000000000000000e+03;1.145454545454555227e+04;-5.764800269088084976e-04;1.065638643758467802e-05
7.500000000000000000e+03;1.150349650349659169e+04;-5.208559919162815063e-04;2.381736934566130125e-04
7.500000000000000000e+03;1.155244755244764019e+04;-3.821049955910160679e-04;4.305416313845572638e-04
7.500000000000000000e+03;1.160139860139869234e+04;-1.746868220720739482e-04;5.449129336270323908e-04
7.500000000000000000e+03;1.165034965034973538e+04;5.983150224369591577e-05;5.697045432603530229e-04
7.500000000000000000e+03;1.169930069930078389e+04;2.853727564594923135e-04;4.955684002666473510e-04
7.500000000000000000e+03;1.174825174825183603e+04;4.614082451879118144e-04;3.379365349395953310e-04
7.500000000000000000e+03;1.179720279720288454e+04;5.579749046511973043e-04;1.192747421420968106e-04
7.500000000000000000e+03;1.184615384615393668e+04;5.585128976788409239e-04;-1.162162495846164560e-04
7.500000000000000000e+03;1.189510489510497973e+04;4.611600170701896182e-04;-3.345334698043976184e-04
7.500000000000000000e+03;1.194405594405603188e+04;2.854310638349968573e-04;-4.931573850297578951e-04
7.500000000000000000e+03;1.199300699300707856e+04;5.706309917342797982e-05;-5.658751836244750805e-04
7.500000000000000000e+03;1.204195804195812889e+04;-1.780320084689866397e-04;-5.388390255094159184e-04
7.500000000000000000e+03;1.209090909090916830e+04;-3.847950609050228375e-04;-4.180327072187313159e-04
7.500000000000000000e+03;1.213986013986022408e+04;-5.211298979653052532e-04;-2.221613296580240667e-04
7.500000000000000000e+03;1.218881118881127259e+04;-5.671432750948365463e-04;1.214211116576569822e-05
7.500000000000000000e+03;1.223776223776232291e+04;-5.104182593531900788e-04;2.445842349203702134e-04
7.500000000000000000e+03;1.228671328671337324e+04;-3.641625187212116149e-04;4.333298460284370698e-04
7.500000000000000000e+03;1.233566433566441992e+04;-1.520909762924390523e-04;5.437244591028814579e-04
7.500000000000000000e+03;1.238461538461546479e+04;8.743429681447003254e-05;5.573185920726205379e-04
7.500000000000000000e+03;1.243356643356651693e+04;3.105159337752414601e-04;4.695726794363831009e-04
7.500000000000000000e+03;1.248251748251756726e+04;4.775859520098026307e-04;2.968520798239943754e-04
7.500000000000000000e+03;1.253146853146860485e+04;5.575260539360200667e-04;7.064615187866210002e-05
7.500000000000000000e+03;1.258041958041966063e+04;5.367370742789378396e-04;-1.679486572221002407e-04
7.500000000000000000e+03;1.262937062937070914e+04;4.160783976257966649e-04;-3.773568568731479811e-04
7.500000000000000000e+03;1.267832167832176128e+04;2.207883437014749965e-04;-5.155777385929888800e-04
7.500000000000000000e+03;1.272727272727280979e+04;-1.583059110753293590e-05;-5.594302439664189820e-04
7.500000000000000000e+03;1.277622377622385284e+04;-2.495026320193320223e-04;-5.009189610065261375e-04
7.500000000000000000e+03;1.282517482517490134e+04;-4.367406581055326034e-04;-3.484166572789827525e-04
7.500000000000000000e+03;1.287412587412595167e+04;-5.422744719060308867e-04;-1.314505334112972253e-04
7.500000000000000000e+03;1.292307692307700199e+04;-5.470181409134393640e-04;1.095809307390089400e-04
7.500000000000000000e+03;1.297202797202804868e+04;-4.495722100781280955e-04;3.293387840497474187e-04
7.500000000000000000e+03;1.302097902097909719e+04;-2.670561741000713812e-04;4.898747486411832858e-04
7.500000000000000000e+03;1.306993006993014569e+04;-3.459820459158025952e-05;5.544091151301563415e-04
7.500000000000000000e+03;1.311888111888119784e+04;2.038534816513990909e-04;5.176384843338340588e-04
7.500000000000000000e+03;1.316783216783223361e+04;4.042453918469439606e-04;3.804031867910568753e-04
7.500000000000000000e+03;1.321678321678328575e+04;5.278128647969481443e-04;1.736097927702094212e-04
7.500000000000000000e+03;1.326573426573434153e+04;5.500682529425214400e-04;-6.991281500539649457e-05
7.500000000000000000e+03;1.331468531468539004e+04;4.673465176231409043e-04;-2.950412664813515892e-04
7.500000000000000000e+03;1.336363636363644218e+04;2.960855746795850287e-04;-4.682943533021785413e-04
7.500000000000000000e+03;1.341258741258748523e+04;6.632118682854065228e-05;-5.478461724712687655e-04
7.500000000000000000e+03;1.346153846153853374e+04;-1.751954411774639517e-04;-5.236594912620204248e-04
7.500000000000000000e+03;1.351048951048958588e+04;-3.819147471593825572e-04;-3.972866564213151487e-04
7.500000000000000000e+03;1.355944055944063439e+04;-5.160945429582260505e-04;-1.946107650538287824e-04
7.500000000000000000e+03;1.360839160839168653e+04;-5.480596382316926937e-04;4.686583952666435239e-05
7.500000000000000000e+03;1.365734265734272230e+04;-4.737733863249622332e-04;2.782392891343490079e-04
7.500000000000000000e+03;1.370629370629377809e+04;-3.059713426256445326e-04;4.543699910264507218e-04
7.500000000000000000e+03;1.375524475524482659e+04;-7.977922965975133625e-05;5.446322425849261855e-04
7.500000000000000000e+03;1.380419580419587874e+04;1.652901226004914838e-04;5.220348966125562236e-04
7.500000000000000000e+03;1.385314685314692906e+04;3.733976038419531949e-04;4.021786711685993191e-04
7.500000000000000000e+03;1.390209790209797393e+04;5.116440588265992002e-04;1.987566276807376192e-04
7.500000000000000000e+03;1.395104895104902243e+04;5.448883376588178895e-04;-4.155956538745968909e-05
7.500000000000000000e+03;1.400000000000007094e+04;4.721264396280954964e-04;-2.765899703265427929e-04
7.500000000000000000e+03;1.404895104895112308e+04;3.026950447859655868e-04;-4.510086521560614965e-04
7.500000000000000000e+03;1.409790209790217341e+04;7.533087153066351366e-05;-5.415945609568549200e-04
7.500000000000000000e+03;1.414685314685321464e+04;-1.698486572404779473e-04;-5.185028638130001911e-04
7.500000000000000000e+03;1.419580419580426314e+04;-3.786417486337475863e-04;-3.925083686415022696e-04
7.500000000000000000e+03;1.424475524475531529e+04;-5.120647274770896446e-04;-1.885715461250666181e-04
7.500000000000000000e+03;1.429370629370635834e+04;-5.418617281386569349e-04;5.520213169139278047e-05
7.500000000000000000e+03;1.434265734265741048e+04;-4.610818365491104322e-04;2.868351038286942188e-04
7.500000000000000000e+03;1.439160839160845535e+04;-2.875126556046179245e-04;4.608242997263806823e-04
7.500000000000000000e+03;1.444055944055950749e+04;-5.446637005825850811e-05;5.387571661805605830e-04
7.500000000000000000e+03;1.448951048951055964e+04;1.886310304891930425e-04;5.107160968821792884e-04
7.500000000000000000e+03;1.453846153846161178e+04;3.940621974531288620e-04;3.722250195448476278e-04
7.500000000000000000e+03;1.458741258741265483e+04;5.170879081132207476e-04;1.637182506188950286e-04
7.500000000000000000e+03;1.463636363636370334e+04;5.350087480567661735e-04;-8.428503319236226705e-05
7.500000000000000000e+03;1.468531468531475184e+04;4.413249880511387275e-04;-3.102927698397962299e-04
7.500000000000000000e+03;1.473426573426580399e+04;2.567767362624842034e-04;-4.749941771739657785e-04
7.500000000000000000e+03;1.478321678321684703e+04;1.937749835160241071e-05;-5.386621989068948345e-04
7.500000000000000000e+03;1.483216783216789918e+04;-2.224919500839937455e-04;-4.932676881587248069e-04
7.500000000000000000e+03;1.488111888111894768e+04;-4.174318771862691054e-04;-3.413050858466001999e-04
7.500000000000000000e+03;1.493006993006999619e+04;-5.252487488076322975e-04;-1.209424764301919239e-04
7.500000000000000000e+03;1.497902097902104833e+04;-5.224655328920311268e-04;1.247105615444743759e-04
7.500000000000000000e+03;1.502797202797208774e+04;-4.109380531980264028e-04;3.469778818088373705e-04
7.500000000000000000e+03;1.507692307692313807e+04;-2.119493455168087808e-04;4.924124175165753639e-04
7.500000000000000000e+03;1.512587412587418839e+04;3.119708854564740350e-05;5.360039724025913478e-04
7.500000000000000000e+03;1.517482517482524054e+04;2.671598154441285028e-04;4.657767502022367519e-04
7.500000000000000000e+03;1.522377622377628359e+04;4.474916873426146302e-04;2.978922027584788570e-04
7.500000000000000000e+03;1.527272727272733209e+04;5.312136671806931771e-04;6.326526429283590568e-05
7.500000000000000000e+03;1.532167832167838242e+04;5.035629401486362835e-04;-1.793824375476421454e-04
7.500000000000000000e+03;1.537062937062943456e+04;3.662920909570234300e-04;-3.881995282029970622e-04
7.500000000000000000e+03;1.541958041958047579e+04;1.534134590993980411e-04;-5.120430703272184445e-04
7.500000000000000000e+03;1.546853146853152612e+04;-9.523093919852375691e-05;-5.262202342639942573e-04
7.500000000000000000e+03;1.551748251748257644e+04;-3.201612056510340300e-04;-4.269922544877055473e-04
7.500000000000000000e+03;1.556643356643362495e+04;-4.795469710201077647e-04;-2.379716360262170067e-04
7.500000000000000000e+03;1.561538461538467891e+04;-5.320935724466848652e-04;4.709134350914886883e-06
7.500000000000000000e+03;1.566433566433571650e+04;-4.728395756158100798e-04;2.447946854020278864e-04
7.500000000000000000e+03;1.571328671328676683e+04;-3.090461829211764650e-04;4.314989930120522463e-04
7.500000000000000000e+03;1.576223776223781897e+04;-7.983943240229062844e-05;5.251080738119453129e-04
7.500000000000000000e+03;1.581118881118886566e+04;1.673440809950569501e-04;5.043785325256279657e-04
7.500000000000000000e+03;1.586013986013991052e+04;3.772939750498827474e-04;3.731476135974846680e-04
7.500000000000000000e+03;1.590909090909096449e+04;5.050686571544440442e-04;1.611733688195034718e-04
7.500000000000000000e+03;1.595804195804201481e+04;5.224216471562183892e-04;-8.645038254513223665e-05
7.500000000000000000e+03;1.600699300699306514e+04;4.244008044769304001e-04;-3.142645316193667178e-04
7.500000000000000000e+03;1.605594405594411000e+04;2.350924308498696753e-04;-4.741851227981733370e-04
7.500000000000000000e+03;1.610489510489515487e+04;-8.255635246258622399e-06;-5.285454529585480047e-04
7.500000000000000000e+03;1.615384615384620520e+04;-2.470649423828669101e-04;-4.669971634118424628e-04
7.500000000000000000e+03;1.620279720279725370e+04;-4.331360705118650995e-04;-3.023381118863160532e-04
7.500000000000000000e+03;1.625174825174830767e+04;-5.219574097704350081e-04;-7.140388766514873609e-05
7.500000000000000000e+03;1.630069930069934890e+04;-4.962443827195704054e-04;1.763120482743055890e-04
7.500000000000000000e+03;1.634965034965039922e+04;-3.586564348221362537e-04;3.835931073279908398e-04
7.500000000000000000e+03;1.639860139860144773e+04;-1.435465337109428289e-04;5.052650260098111345e-04
7.500000000000000000e+03;1.644755244755249805e+04;1.051717586459637851e-04;5.159178690255087404e-04
7.500000000000000000e+03;1.649650349650354838e+04;3.296975351794808077e-04;4.092108692364566512e-04
7.500000000000000000e+03;1.654545454545459506e+04;4.800637042911275079e-04;2.130691847980042671e-04
7.500000000000000000e+03;1.659440559440564539e+04;5.232477687790881458e-04;-3.229991069006853273e-05
7.500000000000000000e+03;1.664335664335669208e+04;4.493137705187803029e-04;-2.678621435329155923e-04
7.500000000000000000e+03;1.669230769230774240e+04;2.741436904791231177e-04;-4.462157354433017131e-04
7.500000000000000000e+03;1.674125874125878909e+04;3.737097465753190452e-05;-5.202364362669485492e-04
7.500000000000000000e+03;1.679020979020983577e+04;-2.067521081562533644e-04;-4.803129432169449156e-04
7.500000000000000000e+03;1.683916083916088610e+04;-4.048940209362611778e-04;-3.286726705673870589e-04
7.500000000000000000e+03;1.688811188811193642e+04;-5.106291302281954891e-04;-1.060462031792179375e-04
7.500000000000000000e+03;1.693706293706298311e+04;-5.009580972023596835e-04;1.435259228149863783e-04
7.500000000000000000e+03;1.698601398601402980e+04;-3.768993500816117414e-04;3.581008655248461609e-04
7.500000000000000000e+03;1.703496503496507648e+04;-1.684791307361429376e-04;4.920406064813070274e-04
7.500000000000000000e+03;1.708391608391613045e+04;7.956632451428868132e-05;5.134845856945871546e-04
7.500000000000000000e+03;1.713286713286717713e+04;3.078886757751903946e-04;4.182775390126414260e-04
7.500000000000000000e+03;1.718181818181822746e+04;4.670996951340092274e-04;2.270415052566466716e-04
7.500000000000000000e+03;1.723076923076927778e+04;5.176634059957510364e-04;-1.650700540458383377e-05
7.500000000000000000e+03;1.727972027972032811e+04;4.519061708202597584e-04;-2.537986186887664086e-04
7.500000000000000000e+03;1.732867132867137479e+04;2.799198242216066569e-04;-4.362682986295724776e-04
7.500000000000000000e+03;1.737762237762242512e+04;4.667553865431153321e-05;-5.150646911867566742e-04
7.500000000000000000e+03;1.742657342657347181e+04;-1.998226701006639483e-04;-4.777157592152138387e-04
7.500000000000000000e+03;1.747552447552452213e+04;-3.972891322973643585e-04;-3.284410490450230427e-04
7.500000000000000000e+03;1.752447552447555790e+04;-5.056952861625140568e-04;-1.062883464073953319e-04
7.500000000000000000e+03;1.757342657342661551e+04;-4.941432188373665784e-04;1.438597727723602145e-04
7.500000000000000000e+03;1.762237762237766219e+04;-3.713886229656774185e-04;3.565925421976377297e-04
7.500000000000000000e+03;1.767132867132871252e+04;-1.600120563518915356e-04;4.892270977008502959e-04
7.500000000000000000e+03;1.772027972027976284e+04;8.610553943003467425e-05;5.068536820127731140e-04
7.500000000000000000e+03;1.776923076923080225e+04;3.134433474115821418e-04;4.072213714561626866e-04
7.500000000000000000e+03;1.781818181818185622e+04;4.660533475189284204e-04;2.123813309620515319e-04
7.500000000000000000e+03;1.786713286713290654e+04;5.113765207059034349e-04;-3.074676054253680578e-05
7.500000000000000000e+03;1.791608391608394595e+04;4.360838378305698202e-04;-2.672947800023784477e-04
7.500000000000000000e+03;1.796503496503499991e+04;2.592787950310241349e-04;-4.410568307474219173e-04
7.500000000000000000e+03;1.801398601398604660e+04;2.228687431191293095e-05;-5.103935701181021864e-04
7.500000000000000000e+03;1.806293706293709693e+04;-2.200599078817262202e-04;-4.617825678391544860e-04
7.500000000000000000e+03;1.811188811188814725e+04;-4.107560144558295139e-04;-3.035277831104898081e-04
7.500000000000000000e+03;1.816083916083919030e+04;-5.046442601191380908e-04;-7.484230759189685808e-05
7.500000000000000000e+03;1.820979020979024426e+04;-4.796197434450966937e-04;1.714147510786679784e-04
7.500000000000000000e+03;1.825874125874129095e+04;-3.424615605417173311e-04;3.765006970682899072e-04
7.500000000000000000e+03;1.830769230769233764e+04;-1.244678858184139405e-04;4.936551808788934223e-04
7.500000000000000000e+03;1.835664335664338432e+04;1.229729529862433324e-04;4.931714455881369566e-04
7.500000000000000000e+03;1.840559440559443101e+04;3.405755929943771513e-04;3.765609304872711768e-04
7.500000000000000000e+03;1.845454545454548861e+04;4.773813586021256709e-04;1.712409402042073972e-04
7.500000000000000000e+03;1.850349650349653530e+04;5.015755675621526386e-04;-7.471013805724935645e-05
7.500000000000000000e+03;1.855244755244758562e+04;4.067813504656711261e-04;-3.026604318307663010e-04
7.500000000000000000e+03;1.860139860139863595e+04;2.151615793520432907e-04;-4.585776508034328973e-04
7.500000000000000000e+03;1.865034965034967900e+04;-2.690342292336006611e-05;-5.051938198642462897e-04
7.500000000000000000e+03;1.869930069930072932e+04;-2.613522332816152309e-04;-4.318845491728751443e-04
7.500000000000000000e+03;1.874825174825177601e+04;-4.354309194530419660e-04;-2.562407252177023782e-04
7.500000000000000000e+03;1.879720279720282997e+04;-5.030216046562821638e-04;-1.888361460252512163e-05
7.500000000000000000e+03;1.884615384615387302e+04;-4.525424522688329581e-04;2.216851103044242615e-04
7.500000000000000000e+03;1.889510489510491971e+04;-2.922049110621456028e-04;4.096126114076930366e-04
7.500000000000000000e+03;1.894405594405597367e+04;-6.491695055450198595e-05;4.986439409805832777e-04
7.500000000000000000e+03;1.899300699300702399e+04;1.816313192914138341e-04;4.698075983689267644e-04
7.500000000000000000e+03;1.904195804195806340e+04;3.795709198701822224e-04;3.260434088972893277e-04
7.500000000000000000e+03;1.909090909090911737e+04;4.910360613507300850e-04;1.068006387833636144e-04
7.500000000000000000e+03;1.913986013986016769e+04;4.803352219912031718e-04;-1.395044863227970673e-04
7.500000000000000000e+03;1.918881118881121802e+04;3.580123623155639988e-04;-3.507667462535562597e-04
7.500000000000000000e+03;1.923776223776226470e+04;1.464199291825723647e-04;-4.787428292942766872e-04
7.500000000000000000e+03;1.928671328671330775e+04;-9.704358938072774738e-05;-4.894783712320832734e-04
7.500000000000000000e+03;1.933566433566436172e+04;-3.196560627040992680e-04;-3.838893311648730816e-04
7.500000000000000000e+03;1.938461538461540840e+04;-4.625381003253070580e-04;-1.852264766837623461e-04
7.500000000000000000e+03;1.943356643356646236e+04;-4.953524004555473134e-04;5.824962108658676013e-05
7.500000000000000000e+03;1.948251748251750541e+04;-4.080886651107677580e-04;2.865633175275647754e-04
7.500000000000000000e+03;1.953146853146855210e+04;-2.215082261925659329e-04;4.460159816220020715e-04
7.500000000000000000e+03;1.958041958041960606e+04;1.654215182047731738e-05;4.963113953424944580e-04
7.500000000000000000e+03;1.962937062937065639e+04;2.524349366190983628e-04;4.280315063106791417e-04
7.500000000000000000e+03;1.967832167832170308e+04;4.244678978417603440e-04;2.536103740872027628e-04
7.500000000000000000e+03;1.972727272727274976e+04;4.959243972613892751e-04;2.051611485678376008e-05
7.500000000000000000e+03;1.977622377622379645e+04;4.438671665798102459e-04;-2.197829772274053782e-04
7.500000000000000000e+03;1.982517482517485041e+04;2.874518680621600589e-04;-4.041857582473723271e-04
7.500000000000000000e+03;1.987412587412589710e+04;5.789570812250371604e-05;-4.922860649548167896e-04
7.500000000000000000e+03;1.992307692307695106e+04;-1.821870879050593937e-04;-4.585081588923006790e-04
7.500000000000000000e+03;1.997202797202799411e+04;-3.804930856546147257e-04;-3.148927153220677940e-04
7.500000000000000000e+03;2.002097902097904080e+04;-4.834969528152749016e-04;-9.345531521939902343e-05
7.500000000000000000e+03;2.006993006993009476e+04;-4.702762033109960716e-04;1.495832905133454840e-04
7.500000000000000000e+03;2.011888111888114508e+04;-3.411729362299372641e-04;3.561702149202788394e-04
7.500000000000000000e+03;2.016783216783218086e+04;-1.296577484187750966e-04;4.758263972145465137e-04
7.500000000000000000e+03;2.021678321678323846e+04;1.134536151026008114e-04;4.780039933611288246e-04
7.500000000000000000e+03;2.026573426573428515e+04;3.285020281921511350e-04;3.648130175925544936e-04
7.500000000000000000e+03;2.031468531468533911e+04;4.627328951099719703e-04;1.609423376958507394e-04
7.500000000000000000e+03;2.036363636363638579e+04;4.833771440997474376e-04;-8.068730704312927944e-05
7.500000000000000000e+03;2.041258741258742521e+04;3.854215491347181069e-04;-3.036850279083927093e-04
7.500000000000000000e+03;2.046153846153848281e+04;1.935322892249122793e-04;-4.501280406177276031e-04
7.500000000000000000e+03;2.051048951048952949e+04;-4.675768832079256829e-05;-4.883911394785240201e-04
7.500000000000000000e+03;2.055944055944057982e+04;-2.745695446428022190e-04;-4.041827674241599191e-04
7.500000000000000000e+03;2.060839160839162651e+04;-4.344830394479833394e-04;-2.229282660056729236e-04
7.500000000000000000e+03;2.065734265734266955e+04;-4.889166995870587945e-04;1.396082055579519320e-05
7.500000000000000000e+03;2.070629370629372352e+04;-4.216415514346325455e-04;2.466598200186743126e-04
7.500000000000000000e+03;2.075524475524477384e+04;-2.512974857789774716e-04;4.189701587600641857e-04
7.500000000000000000e+03;2.080419580419581325e+04;-1.957892331271922386e-05;4.864797543791150045e-04
7.500000000000000000e+03;2.085314685314687449e+04;2.167763147194704952e-04;4.360092670619983356e-04
7.500000000000000000e+03;2.090209790209791390e+04;4.002672629297855775e-04;2.768559365157165979e-04
7.500000000000000000e+03;2.095104895104897150e+04;4.837010280079654767e-04;4.976222594414776604e-05
7.500000000000000000e+03;2.100000000000001819e+04;4.483792655971274052e-04;-1.888508609729859218e-04
7.500000000000000000e+03;2.104895104895106851e+04;3.029540165972225926e-04;-3.801448242147429627e-04
7.500000000000000000e+03;2.109790209790211520e+04;8.181216992241089475e-05;-4.789732022062801451e-04
7.500000000000000000e+03;2.114685314685315825e+04;-1.577332488499351404e-04;-4.573352150832727639e-04
7.500000000000000000e+03;2.119580419580421585e+04;-3.597658789035366013e-04;-3.237537008375165762e-04
7.500000000000000000e+03;2.124475524475526254e+04;-4.702438686536051181e-04;-1.101531431623278725e-04
7.500000000000000000e+03;2.129370629370630195e+04;-4.666865749116220628e-04;1.298994840204031279e-04
7.500000000000000000e+03;2.134265734265735591e+04;-3.454162473094213423e-04;3.390660184220488350e-04
7.500000000000000000e+03;2.139160839160840260e+04;-1.409113510460031590e-04;4.618464142187253150e-04
7.500000000000000000e+03;2.144055944055945656e+04;1.007142823158475642e-04;4.710598984496876577e-04
7.500000000000000000e+03;2.148951048951049961e+04;3.137764045643272283e-04;3.636565465071071629e-04
7.500000000000000000e+03;2.153846153846154630e+04;4.514451475792552113e-04;1.657923429873274241e-04
7.500000000000000000e+03;2.158741258741260026e+04;4.752235355081329410e-04;-7.355337020252861765e-05
7.500000000000000000e+03;2.163636363636364695e+04;3.809762929995184118e-04;-2.931920489841178222e-04
7.500000000000000000e+03;2.168531468531469727e+04;1.923249770266509731e-04;-4.399746490168238307e-04
7.500000000000000000e+03;2.173426573426574760e+04;-4.384904870008761609e-05;-4.785154825103454215e-04
7.500000000000000000e+03;2.178321678321679065e+04;-2.688518872498356317e-04;-3.962401598650477550e-04
7.500000000000000000e+03;2.183216783216784461e+04;-4.279774155745229400e-04;-2.165108468780292640e-04
7.500000000000000000e+03;2.188111888111889130e+04;-4.776488896429398876e-04;1.669094076054679300e-05
7.500000000000000000e+03;2.193006993006993071e+04;-4.115263736165916068e-04;2.455823635035470271e-04
7.500000000000000000e+03;2.197902097902098831e+04;-2.403499953545423578e-04;4.135138943648009242e-04
7.500000000000000000e+03;2.202797202797203499e+04;-1.161333110141444253e-05;4.773450534979401319e-04
7.500000000000000000e+03;2.207692307692308532e+04;2.223498150578415806e-04;4.221418894758430327e-04
7.500000000000000000e+03;2.212587412587413201e+04;3.970894081693538314e-04;2.629650932080863099e-04
7.500000000000000000e+03;2.217482517482517505e+04;4.759579421745117455e-04;3.659488442625853660e-05
7.500000000000000000e+03;2.222377622377622902e+04;4.337586403526474976e-04;-1.967382429828486439e-04
7.500000000000000000e+03;2.227272727272727570e+04;2.840594596666862507e-04;-3.823847385767238042e-04
7.500000000000000000e+03;2.232167832167832603e+04;6.326625612496467553e-05;-4.698505071151567883e-04
7.500000000000000000e+03;2.237062937062937272e+04;-1.721082801907815730e-04;-4.429173676446892974e-04
7.500000000000000000e+03;2.241958041958041940e+04;-3.652132618440571531e-04;-3.018166122903860886e-04
7.500000000000000000e+03;2.246853146853147337e+04;-4.664371329401564349e-04;-8.862195230589045320e-05
7.500000000000000000e+03;2.251748251748252005e+04;-4.493466226416305189e-04;1.490163281501263458e-04
7.500000000000000000e+03;2.256643356643357038e+04;-3.221975145544956698e-04;3.466744671465391654e-04
7.500000000000000000e+03;2.261538461538462070e+04;-1.124015912442633702e-04;4.596438939954962605e-04
7.500000000000000000e+03;2.266433566433566375e+04;1.240195282332321456e-04;4.550109555773086830e-04
7.500000000000000000e+03;2.271328671328671771e+04;3.293179650599377026e-04;3.373212096438727011e-04
7.500000000000000000e+03;2.276223776223776440e+04;4.507306950106238570e-04;1.358109381095404776e-04
7.500000000000000000e+03;2.281118881118880381e+04;4.608240803093489380e-04;-1.000114157798125721e-04
7.500000000000000000e+03;2.286013986013986141e+04;3.528086642551371424e-04;-3.102250510390585779e-04
7.500000000000000000e+03;2.290909090909090810e+04;1.580638116132606556e-04;-4.421787001032593221e-04
7.500000000000000000e+03;2.295804195804196206e+04;-7.607487765449865455e-05;-4.616855306471573817e-04
7.500000000000000000e+03;2.300699300699300875e+04;-2.917896723663477459e-04;-3.681793151551538724e-04
7.500000000000000000e+03;2.305594405594404816e+04;-4.331115870473073253e-04;-1.792580195885557501e-04
7.500000000000000000e+03;2.310489510489510576e+04;-4.653892350900058652e-04;5.265614431114341035e-05
7.500000000000000000e+03;2.315384615384615245e+04;-3.812842564232371534e-04;2.709688543111157854e-04
7.500000000000000000e+03;2.320279720279720641e+04;-2.017570427620036817e-04;4.214064522135518528e-04
7.500000000000000000e+03;2.325174825174825310e+04;2.950802502162749665e-05;4.662428584587986887e-04
7.500000000000000000e+03;2.330069930069929251e+04;2.512657553395786724e-04;3.929639275232217187e-04
7.500000000000000000e+03;2.334965034965035011e+04;4.107348051540678224e-04;2.213147365142182276e-04
7.500000000000000000e+03;2.339860139860139680e+04;4.667470138396293076e-04;-3.752658410968250764e-06
7.500000000000000000e+03;2.344755244755244712e+04;4.050746248597148109e-04;-2.310079681745319795e-04
7.500000000000000000e+03;2.349650349650349744e+04;2.419111109971166986e-04;-3.960537625588556303e-04
7.500000000000000000e+03;2.354545454545453686e+04;1.844083869745505213e-05;-4.643157094219623393e-04
7.500000000000000000e+03;2.359440559440559446e+04;-2.091845985964835872e-04;-4.136435133582283736e-04
7.500000000000000000e+03;2.364335664335664114e+04;-3.847629182408551242e-04;-2.611601190669802608e-04
7.500000000000000000e+03;2.369230769230769147e+04;-4.616677546824226978e-04;-4.066040472287161758e-05
7.500000000000000000e+03;2.374125874125874179e+04;-4.243228864303992781e-04;1.865718051060257518e-04
7.500000000000000000e+03;2.379020979020978120e+04;-2.784354513791479800e-04;3.694431686619559360e-04
7.500000000000000000e+03;2.383916083916083880e+04;-6.472993777748370175e-05;4.576108750785323732e-04
7.500000000000000000e+03;2.388811188811188549e+04;1.671630940191741856e-04;4.301505329150694069e-04
7.500000000000000000e+03;2.393706293706292490e+04;3.542038330315301869e-04;2.966138414236732914e-04
7.500000000000000000e+03;2.398601398601398250e+04;4.543285845074659652e-04;8.634553873121923609e-05
7.500000000000000000e+03;2.403496503496502555e+04;4.377041377784965880e-04;-1.434967352549630973e-04
7.500000000000000000e+03;2.408391608391608315e+04;3.134094501166095198e-04;-3.383921643074419149e-04
7.500000000000000000e+03;2.413286713286712984e+04;1.080616446926501838e-04;-4.450437678905248221e-04
7.500000000000000000e+03;2.418181818181818380e+04;-1.217837106574043117e-04;-4.441409437526650330e-04
7.500000000000000000e+03;2.423076923076923049e+04;-3.221431791503986128e-04;-3.258617119474273792e-04
7.500000000000000000e+03;2.427972027972026990e+04;-4.401675300794929296e-04;-1.301469797123314814e-04
7.500000000000000000e+03;2.432867132867132750e+04;-4.475325739699374935e-04;1.006450763876291961e-04
7.500000000000000000e+03;2.437762237762237419e+04;-3.416244997285952092e-04;3.039462687277843080e-04
7.500000000000000000e+03;2.442657342657341360e+04;-1.505465313669266606e-04;4.330624165038217833e-04
7.500000000000000000e+03;2.447552447552447120e+04;7.849390196544709633e-05;4.497562135563367802e-04
7.500000000000000000e+03;2.452447552447551425e+04;2.878987181375443046e-04;3.550728211998904283e-04
7.500000000000000000e+03;2.457342657342657185e+04;4.228560186547125860e-04;1.717955011115757417e-04
7.500000000000000000e+03;2.462237762237761490e+04;4.528994412209472447e-04;-5.659812410145432848e-05
7.500000000000000000e+03;2.467132867132865795e+04;3.670356218994700031e-04;-2.687855764559555702e-04
7.500000000000000000e+03;2.472027972027971555e+04;1.899099566390206450e-04;-4.131935025270658170e-04
7.500000000000000000e+03;2.476923076923075860e+04;-3.584113997589175591e-05;-4.523664241340768165e-04
7.500000000000000000e+03;2.481818181818182347e+04;-2.509459550424415915e-04;-3.804948122657736236e-04
7.500000000000000000e+03;2.486713286713286288e+04;-4.042000054801414728e-04;-2.079845232893202749e-04
7.500000000000000000e+03;2.491608391608390230e+04;-4.533852009872046864e-04;1.264298334201178291e-05
7.500000000000000000e+03;2.496503496503495990e+04;-3.896527639119984256e-04;2.314710780284412591e-04
7.500000000000000000e+03;2.501398601398600294e+04;-2.270113679074613308e-04;3.912859571907729918e-04
7.500000000000000000e+03;2.506293706293705691e+04;-7.353383133679729847e-06;4.530784341866670763e-04
7.500000000000000000e+03;2.511188811188810359e+04;2.136521843018227387e-04;3.980520288271133071e-04
7.500000000000000000e+03;2.516083916083914664e+04;3.804136966657799875e-04;2.452444498748375628e-04
7.500000000000000000e+03;2.520979020979021152e+04;4.511593758038340914e-04;2.960138317006436918e-05
7.500000000000000000e+03;2.525874125874124729e+04;4.081387410932046001e-04;-1.938656270564736279e-04
7.500000000000000000e+03;2.530769230769231217e+04;2.614092533553049875e-04;-3.666558902667035294e-04
7.500000000000000000e+03;2.535664335664335158e+04;5.017016163505319727e-05;-4.479256524199117743e-04
7.500000000000000000e+03;2.540559440559439099e+04;-1.742261710729382134e-04;-4.153047399701326604e-04
7.500000000000000000e+03;2.545454545454545587e+04;-3.541049987274021539e-04;-2.783142814721156809e-04
7.500000000000000000e+03;2.550349650349649528e+04;-4.441343085200173679e-04;-7.100552000238452425e-05
7.500000000000000000e+03;2.555244755244755652e+04;-4.216837466563864122e-04;1.533516097288539163e-04
7.500000000000000000e+03;2.560139860139859229e+04;-2.934383822517079663e-04;3.397400666623657281e-04
7.500000000000000000e+03;2.565034965034964262e+04;-9.091573204864344384e-05;4.384793133112624332e-04
7.500000000000000000e+03;2.569930069930070022e+04;1.348538667371142002e-04;4.274023950698234930e-04
7.500000000000000000e+03;2.574825174825174327e+04;3.247431789094012955e-04;3.085621614386166705e-04
7.500000000000000000e+03;2.579720279720277904e+04;4.337641662007711389e-04;1.108381564350607179e-04
7.500000000000000000e+03;2.584615384615384028e+04;4.325215936014712554e-04;-1.136554300840553737e-04
7.500000000000000000e+03;2.589510489510488696e+04;3.220118617376427003e-04;-3.088889631877279277e-04
7.500000000000000000e+03;2.594405594405594456e+04;1.303479755124454305e-04;-4.261987759663049113e-04
7.500000000000000000e+03;2.599300699300698398e+04;-9.298579921466275746e-05;-4.358445009348140930e-04
7.500000000000000000e+03;2.604195804195803066e+04;-2.934636328538523225e-04;-3.338095268210314217e-04
7.500000000000000000e+03;2.609090909090908463e+04;-4.188244808885994356e-04;-1.489085961402735164e-04
7.500000000000000000e+03;2.613986013986013131e+04;-4.373121861261920719e-04;7.401690378826783522e-05
7.500000000000000000e+03;2.618881118881118527e+04;-3.466421604707577543e-04;2.780817809868997808e-04
7.500000000000000000e+03;2.623776223776223196e+04;-1.669571723703396483e-04;4.118416007626652850e-04
7.500000000000000000e+03;2.628671328671327501e+04;5.366459907678625233e-05;4.404168938073931765e-04
7.500000000000000000e+03;2.633566433566432897e+04;2.613085633303870842e-04;3.586080402203382965e-04
7.500000000000000000e+03;2.638461538461537202e+04;4.010405776853776384e-04;1.858587254836443050e-04
7.500000000000000000e+03;2.643356643356643326e+04;4.412616388769223150e-04;-3.359792008104768384e-05
7.500000000000000000e+03;2.648251748251747267e+04;3.675641995325935386e-04;-2.444209014171049889e-04
7.500000000000000000e+03;2.653146853146851936e+04;2.025653880105913584e-04;-3.926589971605427159e-04
7.500000000000000000e+03;2.658041958041957332e+04;-1.438528634805709782e-05;-4.416110288900870567e-04
7.500000000000000000e+03;2.662937062937061637e+04;-2.266588028067936420e-04;-3.788667130340467922e-04
7.500000000000000000e+03;2.667832167832166306e+04;-3.822941308674407813e-04;-2.203433743255479491e-04
7.500000000000000000e+03;2.672727272727271702e+04;-4.401846154395502734e-04;-6.023367289494934092e-06
7.500000000000000000e+03;2.677622377622376371e+04;-3.868169900451556170e-04;2.094102991235567777e-04
7.500000000000000000e+03;2.682517482517482131e+04;-2.363611469687609823e-04;3.708799908079065972e-04
7.500000000000000000e+03;2.687412587412586072e+04;-2.551279113431634493e-05;4.395263470872656461e-04
7.500000000000000000e+03;2.692307692307690741e+04;1.910286436703080408e-04;3.959933693902510004e-04
7.500000000000000000e+03;2.697202797202796137e+04;3.591145363076851693e-04;2.524975401395623278e-04
7.500000000000000000e+03;2.702097902097900806e+04;4.356079741077847965e-04;4.505948535589419810e-05
7.500000000000000000e+03;2.706993006993006566e+04;4.027960658198039500e-04;-1.721332683110501493e-04
7.500000000000000000e+03;2.711888111888110507e+04;2.673202027652647381e-04;-3.476685705508250428e-04
7.500000000000000000e+03;2.716783216783215175e+04;6.451035242467702420e-05;-4.332385345999016342e-04
7.500000000000000000e+03;2.721678321678320572e+04;-1.536812498211109768e-04;-4.095956051850597915e-04
7.500000000000000000e+03;2.726573426573424877e+04;-3.332097012228955055e-04;-2.823673980097686454e-04
7.500000000000000000e+03;2.731468531468530637e+04;-4.279383903177132035e-04;-8.466807181579399000e-05
7.500000000000000000e+03;2.736363636363634578e+04;-4.144878537404688410e-04;1.358177951811389975e-04
7.500000000000000000e+03;2.741258741258739246e+04;-2.954320521227927761e-04;3.201379562234036961e-04
7.500000000000000000e+03;2.746153846153845006e+04;-1.028235254271792651e-04;4.232615850534150281e-04
7.500000000000000000e+03;2.751048951048949311e+04;1.160869813848764803e-04;4.200516648086941051e-04
7.500000000000000000e+03;2.755944055944055071e+04;3.054575791152197269e-04;3.096665900871656534e-04
7.500000000000000000e+03;2.760839160839159376e+04;4.168143928563255930e-04;1.212383268467032876e-04
7.500000000000000000e+03;2.765734265734264045e+04;4.229609726810960434e-04;-9.743632484612686578e-05
7.500000000000000000e+03;2.770629370629369441e+04;3.213846961008461523e-04;-2.908940722237428117e-04
7.500000000000000000e+03;2.775524475524473746e+04;1.404986200770594372e-04;-4.112111918965697917e-04
7.500000000000000000e+03;2.780419580419578415e+04;-7.858554240065666364e-05;-4.263896502592288409e-04
7.500000000000000000e+03;2.785314685314683447e+04;-2.741916242749921242e-04;-3.345282074004976070e-04
7.500000000000000000e+03;2.790209790209788480e+04;-4.028588485677816046e-04;-1.574953466957618707e-04
7.500000000000000000e+03;2.795104895104893876e+04;-4.269196717261200904e-04;5.861080193281252343e-05
7.500000000000000000e+03;2.799999999999998181e+04;-3.460796959705345717e-04;2.593348132703459318e-04
7.500000000000000000e+03;2.804895104895102850e+04;-1.738568662826260743e-04;3.947404884744256542e-04
7.500000000000000000e+03;2.809790209790208246e+04;3.801207324686208173e-05;4.294543875921925653e-04
7.500000000000000000e+03;2.814685314685312915e+04;2.428800806784651349e-04;3.552300970901823554e-04
7.500000000000000000e+03;2.819580419580418311e+04;3.840108007091973556e-04;1.920499121008848278e-04
7.500000000000000000e+03;2.824475524475522980e+04;4.293043072740053748e-04;-1.992599451455718981e-05
7.500000000000000000e+03;2.829370629370628740e+04;3.642047965180511397e-04;-2.267198685889778513e-04
7.500000000000000000e+03;2.834265734265733045e+04;2.084016228973080192e-04;-3.752594299596232635e-04
7.500000000000000000e+03;2.839160839160837713e+04;-2.149575768968351051e-07;-4.281556547184992467e-04
7.500000000000000000e+03;2.844055944055942746e+04;-2.088515151406084979e-04;-3.741409840840879465e-04
7.500000000000000000e+03;2.848951048951047414e+04;-3.640411221152839829e-04;-2.234907753141740711e-04
7.500000000000000000e+03;2.853846153846152083e+04;-4.264326352132209708e-04;-1.812508251737012069e-05
7.500000000000000000e+03;2.858741258741257116e+04;-3.813286651610401853e-04;1.927302629268726360e-04
7.500000000000000000e+03;2.863636363636362148e+04;-2.401307165338537823e-04;3.528108434410212406e-04
7.500000000000000000e+03;2.868531468531467181e+04;-3.743061547254654354e-05;4.257607990421536401e-04
7.500000000000000000e+03;2.873426573426572213e+04;1.741643318471108881e-04;3.884569115666580089e-04
7.500000000000000000e+03;2.878321678321677609e+04;3.398691227606957278e-04;2.542924444170217759e-04
7.500000000000000000e+03;2.883216783216781914e+04;4.222740649582437970e-04;5.584561064884119004e-05
7.500000000000000000e+03;2.888111888111886583e+04;3.950379469508292661e-04;-1.564793364409319484e-04
7.500000000000000000e+03;2.893006993006991615e+04;2.696731458733242211e-04;-3.292206803697433144e-04
7.500000000000000000e+03;2.897902097902096284e+04;7.524722230680551177e-05;-4.181099170242844206e-04
7.500000000000000000e+03;2.902797202797201317e+04;-1.360380811382229859e-04;-4.001404946415878356e-04
7.500000000000000000e+03;2.907692307692306349e+04;-3.152699868059323984e-04;-2.836410511760282627e-04
7.500000000000000000e+03;2.912587412587411018e+04;-4.114560250847406394e-04;-9.226974705592099705e-05
7.500000000000000000e+03;2.917482517482516414e+04;-4.053879134282358269e-04;1.190982859087016520e-04
7.500000000000000000e+03;2.922377622377621083e+04;-2.960657911154645659e-04;3.023938886617867660e-04
7.500000000000000000e+03;2.927272727272725751e+04;-1.116001463533949543e-04;4.063330931740582455e-04
7.500000000000000000e+03;2.932167832167830784e+04;9.972600201464019108e-05;4.099756261290093485e-04
7.500000000000000000e+03;2.937062937062935816e+04;2.871248688412836249e-04;3.079234279955149912e-04
7.500000000000000000e+03;2.941958041958040849e+04;3.997975502895163413e-04;1.287365256094144539e-04
7.500000000000000000e+03;2.946853146853145518e+04;4.134048701140384118e-04;-8.248899005754592949e-05
7.500000000000000000e+03;2.951748251748250186e+04;3.197138452452063530e-04;-2.729742054709406013e-04
7.500000000000000000e+03;2.956643356643355582e+04;1.490382523934966920e-04;-3.933339886047833192e-04
7.500000000000000000e+03;2.961538461538460251e+04;-6.312376222743824275e-05;-4.170525658517472986e-04
7.500000000000000000e+03;2.966433566433565284e+04;-2.558559780224098942e-04;-3.299920745635691668e-04
7.500000000000000000e+03;2.971328671328669952e+04;-3.852314628039317729e-04;-1.662405232958799703e-04
7.500000000000000000e+03;2.976223776223774985e+04;-4.165494205398695285e-04;4.473849938705540095e-05
7.500000000000000000e+03;2.981118881118880017e+04;-3.434625777709998792e-04;2.395283850985825268e-04
7.500000000000000000e+03;2.986013986013984686e+04;-1.827856293978961661e-04;3.786253199489849502e-04
7.500000000000000000e+03;2.990909090909090082e+04;2.420991353214831931e-05;4.153023564292024935e-04
7.500000000000000000e+03;2.995804195804194751e+04;2.216271452779610589e-04;3.534293660283523695e-04
7.500000000000000000e+03;3.000699300699299420e+04;3.675220229710773065e-04;1.984988923434875363e-04
7.500000000000000000e+03;3.005594405594404452e+04;4.160010453187113931e-04;-4.707575434804993933e-06
7.500000000000000000e+03;3.010489510489509485e+04;3.625294058068356698e-04;-2.075217396160696501e-04
7.500000000000000000e+03;3.015384615384614517e+04;2.142515509361651437e-04;-3.559414336156683546e-04
7.500000000000000000e+03;3.020279720279719186e+04;1.678207182699048802e-05;-4.146253384625434826e-04
7.500000000000000000e+03;3.025174825174823854e+04;-1.897692430349125670e-04;-3.716525898663956763e-04
7.500000000000000000e+03;3.030069930069929251e+04;-3.446064855129768413e-04;-2.292457497101740328e-04
7.500000000000000000e+03;3.034965034965033919e+04;-4.138232724614316835e-04;-3.466082572121116347e-05
7.500000000000000000e+03;3.039860139860138952e+04;-3.776000605623738718e-04;1.717808499430316578e-04
7.500000000000000000e+03;3.044755244755243621e+04;-2.475847375544184387e-04;3.314661777527504942e-04
7.500000000000000000e+03;3.049650349650348289e+04;-5.485219610433927229e-05;4.121269315927976592e-04
7.500000000000000000e+03;3.054545454545453686e+04;1.533497120563685919e-04;3.827059371164612017e-04
7.500000000000000000e+03;3.059440559440558354e+04;3.186917732622826711e-04;2.613955821556619339e-04
7.500000000000000000e+03;3.064335664335663387e+04;4.066296647685177252e-04;7.275471700207000931e-05
7.500000000000000000e+03;3.069230769230768419e+04;3.905287306419259882e-04;-1.337035776199834098e-04
7.500000000000000000e+03;3.074125874125872724e+04;2.770835637736430209e-04;-3.063810639159334653e-04
7.500000000000000000e+03;3.079020979020978484e+04;9.152839248207895009e-05;-4.017534529067000727e-04
7.500000000000000000e+03;3.083916083916083153e+04;-1.137198708542067673e-04;-3.931872978177021688e-04
7.500000000000000000e+03;3.088811188811188549e+04;-2.909635864816838952e-04;-2.902267918165356069e-04
7.500000000000000000e+03;3.093706293706293218e+04;-3.965397799511160139e-04;-1.096999075595252339e-04
7.500000000000000000e+03;3.098601398601397523e+04;-3.989214438900150748e-04;9.520782529137323028e-05
7.500000000000000000e+03;3.103496503496503283e+04;-3.032771999130909270e-04;2.783351241295165587e-04
7.500000000000000000e+03;3.108391608391607588e+04;-1.286047257503362018e-04;3.875414570814189738e-04
7.500000000000000000e+03;3.113286713286712620e+04;7.309226649156663150e-05;4.030882386218651741e-04
7.500000000000000000e+03;3.118181818181817289e+04;2.634651136569904481e-04;3.151725804954307064e-04
7.500000000000000000e+03;3.123076923076922321e+04;3.802788467184131096e-04;1.470358085867281498e-04
7.500000000000000000e+03;3.127972027972027354e+04;4.059270487354383109e-04;-5.522066544580513152e-05
7.500000000000000000e+03;3.132867132867132023e+04;3.258753787655387828e-04;-2.457289038883216830e-04
7.500000000000000000e+03;3.137762237762237419e+04;1.683349502896033464e-04;-3.711778309560694565e-04
7.500000000000000000e+03;3.142657342657342087e+04;-3.619472209164904054e-05;-4.085527417665971075e-04
7.500000000000000000e+03;3.147552447552446392e+04;-2.285670931703900725e-04;-3.350397325120162964e-04
7.500000000000000000e+03;3.152447552447552152e+04;-3.623416368631705636e-04;-1.859428181737952370e-04
7.500000000000000000e+03;3.157342657342656457e+04;-4.077836788042774312e-04;1.664672518907941358e-05
7.500000000000000000e+03;3.162237762237762217e+04;-3.479119229126086512e-04;2.091955151751488434e-04
7.500000000000000000e+03;3.167132867132866886e+04;-2.031734783229523602e-04;3.548326868492795668e-04
7.500000000000000000e+03;3.172027972027971191e+04;-3.323089792754806120e-06;4.050216822749797690e-04
7.500000000000000000e+03;3.176923076923076951e+04;1.900257509537480762e-04;3.587685189739015369e-04
7.500000000000000000e+03;3.181818181818181256e+04;3.437675368809283631e-04;2.195861111978425950e-04
7.500000000000000000e+03;3.186713286713286288e+04;4.039221929932118246e-04;2.683222883174142447e-05
7.500000000000000000e+03;3.191608391608390957e+04;3.673665040552912594e-04;-1.724704473824114790e-04
7.500000000000000000e+03;3.196503496503495990e+04;2.354544500772749412e-04;-3.292924782619264449e-04
7.500000000000000000e+03;3.201398601398601022e+04;4.750712293316704130e-05;-4.000365807659481804e-04
7.500000000000000000e+03;3.206293706293705327e+04;-1.548357686353576772e-04;-3.754387544015636447e-04
7.500000000000000000e+03;3.211188811188811087e+04;-3.159637122138032298e-04;-2.514535855548739093e-04
7.500000000000000000e+03;3.216083916083915756e+04;-3.983618913463728129e-04;-6.852579067179375642e-05
7.500000000000000000e+03;3.220979020979020061e+04;-3.821999215611768209e-04;1.337795507950081757e-04
7.500000000000000000e+03;3.225874125874125821e+04;-2.663715123869653235e-04;3.001385374369313621e-04
7.500000000000000000e+03;3.230769230769230126e+04;-8.976829903134920065e-05;3.942203094972386861e-04
7.500000000000000000e+03;3.235664335664335886e+04;1.153393636171145284e-04;3.859236443996999803e-04
7.500000000000000000e+03;3.240559440559440191e+04;2.862587166561552732e-04;2.837022214054752680e-04
7.500000000000000000e+03;3.245454545454544859e+04;3.885248570532263577e-04;1.111320073369551867e-04
7.500000000000000000e+03;3.250349650349650619e+04;3.916598458449368830e-04;-9.264867109206107029e-05
7.500000000000000000e+03;3.255244755244754924e+04;2.981087020076287307e-04;-2.673589014624553391e-04
7.500000000000000000e+03;3.260139860139859957e+04;1.284743791790804175e-04;-3.799878897788714922e-04
7.500000000000000000e+03;3.265034965034964625e+04;-7.105738021958748465e-05;-3.936314954156896182e-04
7.500000000000000000e+03;3.269930069930068930e+04;-2.537120957338626906e-04;-3.127683366204013645e-04
7.500000000000000000e+03;3.274825174825174690e+04;-3.746679132016759767e-04;-1.490071238109397364e-04
7.500000000000000000e+03;3.279720279720279359e+04;-3.959498461570449168e-04;4.628789199714969946e-05
7.500000000000000000e+03;3.284615384615384392e+04;-3.269372076828910845e-04;2.335623187381445046e-04
7.500000000000000000e+03;3.289510489510488696e+04;-1.685435108224413690e-04;3.595432314278136903e-04
7.500000000000000000e+03;3.294405594405594456e+04;2.594587785286529982e-05;3.983870158756938726e-04
7.500000000000000000e+03;3.299300699300698761e+04;2.178803602135267526e-04;3.338677582795540632e-04
7.500000000000000000e+03;3.304195804195803794e+04;3.503787571155449936e-04;1.882241254903099759e-04
7.500000000000000000e+03;3.309090909090908826e+04;4.001797608851215293e-04;-1.866434576704828497e-06
7.500000000000000000e+03;3.313986013986013859e+04;3.460188942544698107e-04;-1.970219868048092224e-04
7.500000000000000000e+03;3.318881118881118891e+04;2.090333583269947469e-04;-3.381207378418299740e-04
7.500000000000000000e+03;3.323776223776223196e+04;1.584246564829664645e-05;-3.957260730225931793e-04
7.500000000000000000e+03;3.328671328671328956e+04;-1.764413144898253764e-04;-3.555643933460761420e-04
7.500000000000000000e+03;3.333566433566433261e+04;-3.252625959272246580e-04;-2.282070248255330602e-04
7.500000000000000000e+03;3.338461538461537566e+04;-3.986580914357744560e-04;-4.098920961537639044e-05
7.500000000000000000e+03;3.343356643356643326e+04;-3.639558338241823967e-04;1.531985055468426758e-04
7.500000000000000000e+03;3.348251748251748359e+04;-2.427516587429044432e-04;3.098492467777735709e-04
7.500000000000000000e+03;3.353146853146853391e+04;-6.513809611521757673e-05;3.875736447796134334e-04
7.500000000000000000e+03;3.358041958041957696e+04;1.342496584336533793e-04;3.715121221436822703e-04
7.500000000000000000e+03;3.362937062937062728e+04;2.998553020987451299e-04;2.622381914888483024e-04
7.500000000000000000e+03;3.367832167832167761e+04;3.846632446298582403e-04;8.294625652717810922e-05
7.500000000000000000e+03;3.372727272727272793e+04;3.784612257954546202e-04;-1.088585108892682482e-04
7.500000000000000000e+03;3.377622377622377826e+04;2.807725848617115120e-04;-2.760762612130946564e-04
7.500000000000000000e+03;3.382517482517482131e+04;1.063412591095343288e-04;-3.807712337252385621e-04
7.500000000000000000e+03;3.387412587412586436e+04;-8.822085345558539754e-05;-3.815062910635111729e-04
7.500000000000000000e+03;3.392307692307692196e+04;-2.639351184943158945e-04;-2.907935389806272928e-04
7.500000000000000000e+03;3.397202797202797228e+04;-3.690518092613809579e-04;-1.322969591776942022e-04
7.500000000000000000e+03;3.402097902097902261e+04;-3.904295655533299961e-04;6.221028609271115576e-05
7.500000000000000000e+03;3.406993006993006566e+04;-3.081230541421699047e-04;2.452903109587436766e-04
7.500000000000000000e+03;3.411888111888111598e+04;-1.509984139787845818e-04;3.562232389038455125e-04
7.500000000000000000e+03;3.416783216783216631e+04;4.114082183539174146e-05;3.897121460593888794e-04
7.500000000000000000e+03;3.421678321678321663e+04;2.224179334246291571e-04;3.179828965928109736e-04
7.500000000000000000e+03;3.426573426573426696e+04;3.522405791728186746e-04;1.758581181469053543e-04
7.500000000000000000e+03;3.431468531468531728e+04;3.912977905421153625e-04;-1.856049175161044885e-05
7.500000000000000000e+03;3.436363636363635305e+04;3.316096546018281084e-04;-2.013307527756853180e-04
7.500000000000000000e+03;3.441258741258741065e+04;1.949843439444437151e-04;-3.361820723165776675e-04
7.500000000000000000e+03;3.446153846153846098e+04;6.032454528514026666e-06;-3.853543085811291522e-04
7.500000000000000000e+03;3.451048951048951130e+04;-1.806062599508743147e-04;-3.465079104291315742e-04
7.500000000000000000e+03;3.455944055944056163e+04;-3.289372679563034251e-04;-2.104294147299787265e-04
7.500000000000000000e+03;3.460839160839160468e+04;-3.852891983559249777e-04;-2.907509721483543023e-05
7.500000000000000000e+03;3.465734265734265500e+04;-3.549738967803446089e-04;1.548207778654313402e-04
7.500000000000000000e+03;3.470629370629370533e+04;-2.374522910470880442e-04;3.103710551700342179e-04
7.500000000000000000e+03;3.475524475524474110e+04;-5.519061844304431238e-05;3.856406499441316911e-04
7.500000000000000000e+03;3.480419580419580598e+04;1.378990454446138675e-04;3.576880585819079282e-04
7.500000000000000000e+03;3.485314685314684175e+04;2.853154741631731502e-04;2.504935165050648080e-04
7.500000000000000000e+03;3.490209790209790663e+04;3.773421177722385963e-04;8.350697927071080951e-05
7.500000000000000000e+03;3.495104895104894968e+04;3.703778210144545772e-04;-1.120180250842863975e-04
7.500000000000000000e+03;3.500000000000000000e+04;2.680856540934099612e-04;-2.811792769105575800e-04
7.500000000000000000e+03;3.504895104895106488e+04;1.069700673703123596e-04;-3.697437058692398088e-04
7.500000000000000000e+03;3.509790209790209337e+04;-8.671534028735932472e-05;-3.756987178551192538e-04
7.500000000000000000e+03;3.514685314685314370e+04;-2.565253290436545343e-04;-2.844949296867137255e-04
7.500000000000000000e+03;3.519580419580419402e+04;-3.607314069446362860e-04;-1.332485121095703350e-04
7.500000000000000000e+03;3.524475524475525890e+04;-3.770008325954704348e-04;5.940682649508637303e-05
7.500000000000000000e+03;3.529370629370628740e+04;-3.071509498117433196e-04;2.363926159033045494e-04
7.500000000000000000e+03;3.534265734265733772e+04;-1.503310954174562385e-04;3.512741896745970988e-04
7.500000000000000000e+03;3.539160839160838805e+04;3.606741821625604499e-05;3.815139249632493765e-04
7.500000000000000000e+03;3.544055944055942382e+04;2.123044058158154329e-04;3.192335104475133977e-04
7.500000000000000000e+03;3.548951048951048142e+04;3.398828131748107546e-04;1.761465461350413420e-04
7.500000000000000000e+03;3.553846153846155357e+04;3.823716015220599744e-04;-1.009065131486702632e-05
7.500000000000000000e+03;3.558741258741258207e+04;3.292194132330012639e-04;-1.893745255484843631e-04
7.500000000000000000e+03;3.563636363636363239e+04;1.986188742835651286e-04;-3.274301564694599210e-04
7.500000000000000000e+03;3.568531468531469000e+04;1.618238336439439682e-05;-3.816456432256870785e-04
7.500000000000000000e+03;3.573426573426573304e+04;-1.671819851674508160e-04;-3.427851420275299468e-04
7.500000000000000000e+03;3.578321678321678337e+04;-3.101839445272980170e-04;-2.204819111429099732e-04
7.500000000000000000e+03;3.583216783216783369e+04;-3.785698377601361521e-04;-4.509118073490888344e-05
7.500000000000000000e+03;3.588111888111888402e+04;-3.517450636419223943e-04;1.430005740896781461e-04
7.500000000000000000e+03;3.593006993006993434e+04;-2.398424013647313118e-04;2.934123838530824056e-04
7.500000000000000000e+03;3.597902097902097739e+04;-7.114954509033996372e-05;3.731595960144004002e-04
7.500000000000000000e+03;3.602797202797204227e+04;1.170193833083074295e-04;3.625444383213483643e-04
7.500000000000000000e+03;3.607692307692307804e+04;2.760159992473737618e-04;2.597837344534616199e-04
7.500000000000000000e+03;3.612587412587412109e+04;3.649047522121898765e-04;9.853023417884141874e-05
7.500000000000000000e+03;3.617482517482517869e+04;3.678538216638740552e-04;-8.995047662511252394e-05
7.500000000000000000e+03;3.622377622377622174e+04;2.794247978532060964e-04;-2.549679493237679657e-04
7.500000000000000000e+03;3.627272727272727934e+04;1.226731262224899077e-04;-3.580710121286385960e-04
7.500000000000000000e+03;3.632167832167832967e+04;-6.257787431134724607e-05;-3.706084472156036063e-04
7.500000000000000000e+03;3.637062937062937999e+04;-2.323852492006583373e-04;-2.991993411090917033e-04
7.500000000000000000e+03;3.641958041958042304e+04;-3.462711726718207899e-04;-1.471952782582792952e-04
7.500000000000000000e+03;3.646853146853148064e+04;-3.739853504253901669e-04;3.457746190389107623e-05
7.500000000000000000e+03;3.651748251748253097e+04;-3.116099333893655992e-04;2.104636047099042284e-04
7.500000000000000000e+03;3.656643356643356674e+04;-1.736173258140451920e-04;3.336128147070233649e-04
7.500000000000000000e+03;3.661538461538462434e+04;7.671825070724081521e-06;3.774156784800926151e-04
7.500000000000000000e+03;3.666433566433567466e+04;1.851801542035601169e-04;3.256897005479409378e-04
7.500000000000000000e+03;3.671328671328671771e+04;3.184715048545342297e-04;1.991142667769809228e-04
7.500000000000000000e+03;3.676223776223777531e+04;3.739882887390333995e-04;2.141165752736509079e-05
7.500000000000000000e+03;3.681118881118881836e+04;3.384556614093223691e-04;-1.610245092135219162e-04
7.500000000000000000e+03;3.686013986013986869e+04;2.204321509691773242e-04;-3.019357407232631913e-04
7.500000000000000000e+03;3.690909090909091174e+04;5.037512409029768699e-05;-3.724810804020226864e-04
7.500000000000000000e+03;3.695804195804196206e+04;-1.331521485484884939e-04;-3.504891453124560222e-04
7.500000000000000000e+03;3.700699300699301966e+04;-2.831679560300935455e-04;-2.445164584705538540e-04
7.500000000000000000e+03;3.705594405594405544e+04;-3.641876011936224741e-04;-7.848693635875222008e-05
7.500000000000000000e+03;3.710489510489512031e+04;-3.577274060873067516e-04;1.033721841425828947e-04
7.500000000000000000e+03;3.715384615384617064e+04;-2.637081059329984606e-04;2.647978720148459037e-04
7.500000000000000000e+03;3.720279720279722824e+04;-1.065682352526926385e-04;3.566486818760952922e-04
7.500000000000000000e+03;3.725174825174826401e+04;7.640754279355870503e-05;3.657442421613732973e-04
7.500000000000000000e+03;3.730069930069931434e+04;2.400733456075245767e-04;2.845412246600167983e-04
7.500000000000000000e+03;3.734965034965036466e+04;3.467913634672663693e-04;1.360958018809195794e-04
7.500000000000000000e+03;3.739860139860141499e+04;3.675731154631777550e-04;-4.713870243628436567e-05
7.500000000000000000e+03;3.744755244755245803e+04;3.016313797892745865e-04;-2.160497266864256380e-04
7.500000000000000000e+03;3.749650349650351563e+04;1.615507446799673182e-04;-3.345308847853723931e-04
7.500000000000000000e+03;3.754545454545454413e+04;-1.661721359245110273e-05;-3.716646481415385520e-04
7.500000000000000000e+03;3.759440559440560901e+04;-1.909406547090108399e-04;-3.185961165749272663e-04
7.500000000000000000e+03;3.764335664335665206e+04;-3.183131633688607298e-04;-1.895741266340615790e-04
7.500000000000000000e+03;3.769230769230771693e+04;-3.698916072158264616e-04;-1.467450110325984445e-05
7.500000000000000000e+03;3.774125874125875271e+04;-3.314412840099521937e-04;1.629146508008980142e-04
7.500000000000000000e+03;3.779020979020979576e+04;-2.135457840466608095e-04;3.020518094274124779e-04
7.500000000000000000e+03;3.783916083916085336e+04;-4.507067921229141816e-05;3.668325366665202924e-04
7.500000000000000000e+03;3.788811188811189641e+04;1.350583316339450980e-04;3.447007982329513393e-04
7.500000000000000000e+03;3.793706293706294673e+04;2.815411030570743288e-04;2.388761374675711885e-04
7.500000000000000000e+03;3.798601398601399706e+04;3.606358407001503293e-04;7.640746506455909021e-05
7.500000000000000000e+03;3.803496503496503283e+04;3.530484967837262556e-04;-1.045295325634401266e-04
7.500000000000000000e+03;3.808391608391609770e+04;2.610235887314723028e-04;-2.597331079414752584e-04
7.500000000000000000e+03;3.813286713286714075e+04;1.057508464931949520e-04;-3.523404382558619711e-04
7.500000000000000000e+03;3.818181818181819108e+04;-7.324636843301795023e-05;-3.607757836359718959e-04
7.500000000000000000e+03;3.823076923076923413e+04;-2.354502658152421088e-04;-2.820397766484651994e-04
7.500000000000000000e+03;3.827972027972029173e+04;-3.407834151656665951e-04;-1.364990223953257693e-04
7.500000000000000000e+03;3.832867132867134205e+04;-3.637704923735271718e-04;4.213647845492648683e-05
7.500000000000000000e+03;3.837762237762239238e+04;-3.003364080768140994e-04;2.093786135578785490e-04
7.500000000000000000e+03;3.842657342657343543e+04;-1.649998568261334649e-04;3.277253849994093710e-04
7.500000000000000000e+03;3.847552447552448575e+04;9.782607818129400727e-06;3.661686581259938553e-04
7.500000000000000000e+03;3.852447552447552152e+04;1.818913049715006056e-04;3.178336540539731495e-04
7.500000000000000000e+03;3.857342657342657913e+04;3.099335119361916555e-04;1.935216644659486999e-04
7.500000000000000000e+03;3.862237762237763673e+04;3.646418614331840293e-04;2.336117801981036832e-05
7.500000000000000000e+03;3.867132867132867250e+04;3.312951667136458233e-04;-1.524555581379676635e-04
7.500000000000000000e+03;3.872027972027973010e+04;2.202874308618314020e-04;-2.911937447439205337e-04
7.500000000000000000e+03;3.876923076923077315e+04;5.578018403716396485e-05;-3.603615173349612342e-04
7.500000000000000000e+03;3.881818181818180892e+04;-1.206641375782695728e-04;-3.437479372303327719e-04
7.500000000000000000e+03;3.886713286713287380e+04;-2.686975012009470976e-04;-2.450814474651795134e-04
7.500000000000000000e+03;3.891608391608392412e+04;-3.517387840214063221e-04;-8.857817779077102886e-05
7.500000000000000000e+03;3.896503496503498172e+04;-3.525332282705831346e-04;8.962551532001557849e-05
7.500000000000000000e+03;3.901398601398601022e+04;-2.668985414353383548e-04;2.449770003976693201e-04
7.500000000000000000e+03;3.906293706293707510e+04;-1.209198570412377141e-04;3.427591746369413987e-04
7.500000000000000000e+03;3.911188811188812542e+04;5.590867353566534518e-05;3.592704996269970768e-04
7.500000000000000000e+03;3.916083916083917575e+04;2.174392184170945131e-04;2.897619531584312309e-04
7.500000000000000000e+03;3.920979020979024062e+04;3.289788050859802568e-04;1.516835403974134270e-04
7.500000000000000000e+03;3.925874125874127640e+04;3.595828300808461822e-04;-2.068577964137472691e-05
7.500000000000000000e+03;3.930769230769232672e+04;3.082318394630268257e-04;-1.894910252657515870e-04
7.500000000000000000e+03;3.935664335664336977e+04;1.809666460159275352e-04;-3.123973542036068314e-04
7.500000000000000000e+03;3.940559440559442737e+04;1.320204826953804512e-05;-3.605082117607469566e-04
7.500000000000000000e+03;3.945454545454547770e+04;-1.590205201896718607e-04;-3.237517789179505359e-04
7.500000000000000000e+03;3.950349650349650619e+04;-2.916628772171046065e-04;-2.108916406103501101e-04
7.500000000000000000e+03;3.955244755244757107e+04;-3.566457478092474663e-04;-4.707833868967077005e-05
7.500000000000000000e+03;3.960139860139861412e+04;-3.366512355972696522e-04;1.263508364099187641e-04
7.500000000000000000e+03;3.965034965034966444e+04;-2.363863499920958210e-04;2.705897755485907417e-04
7.500000000000000000e+03;3.969930069930072204e+04;-8.218144414509943332e-05;3.497389908262259618e-04
7.500000000000000000e+03;3.974825174825177237e+04;9.285858799192373003e-05;3.474641186447015046e-04
7.500000000000000000e+03;3.979720279720283725e+04;2.441317017325425685e-04;2.623429026239828708e-04
7.500000000000000000e+03;3.984615384615387302e+04;3.396976415596868019e-04;1.160607311975285201e-04
7.500000000000000000e+03;3.989510489510491607e+04;3.516772226382917010e-04;-5.778718171855303415e-05
7.500000000000000000e+03;3.994405594405597367e+04;2.853669483946448321e-04;-2.163590607985638084e-04
7.500000000000000000e+03;3.999300699300702399e+04;1.472482177659922202e-04;-3.255201171486677607e-04
7.500000000000000000e+03;4.004195804195807432e+04;-2.120180388770108180e-05;-3.566765344828663298e-04
7.500000000000000000e+03;4.009090909090912464e+04;-1.874985557440331490e-04;-3.038338188708780501e-04
7.500000000000000000e+03;4.013986013986018224e+04;-3.069214542078322998e-04;-1.804305862018400046e-04
7.500000000000000000e+03;4.018881118881122529e+04;-3.562884311987500065e-04;-1.458323140207658000e-05
7.500000000000000000e+03;4.023776223776228289e+04;-3.197995851689472663e-04;1.547399697747885324e-04
7.500000000000000000e+03;4.028671328671333322e+04;-2.100482227353520591e-04;2.872361560787000528e-04
7.500000000000000000e+03;4.033566433566436899e+04;-5.014639217093518200e-05;3.514974891771460415e-04
7.500000000000000000e+03;4.038461538461542659e+04;1.215367686786202229e-04;3.344403069530622278e-04
7.500000000000000000e+03;4.043356643356647692e+04;2.627161454276375667e-04;2.380789310080235160e-04
7.500000000000000000e+03;4.048251748251753452e+04;3.453731738578636541e-04;8.679073111859352387e-05
7.500000000000000000e+03;4.053146853146857029e+04;3.434980276832002655e-04;-8.523005190881303170e-05
7.500000000000000000e+03;4.058041958041962789e+04;2.646827348739879673e-04;-2.359305336192240839e-04
7.500000000000000000e+03;4.062937062937067822e+04;1.211703832867247265e-04;-3.322547361645536673e-04
7.500000000000000000e+03;4.067832167832172127e+04;-4.711386963465119071e-05;-3.501696070251760569e-04
7.500000000000000000e+03;4.072727272727277887e+04;-2.081937695134089029e-04;-2.864155963894870452e-04
7.500000000000000000e+03;4.077622377622382191e+04;-3.159840231617191812e-04;-1.558237222839450311e-04
7.500000000000000000e+03;4.082517482517486496e+04;-3.539487454861017573e-04;1.063696945086895491e-05
7.500000000000000000e+03;4.087412587412592984e+04;-3.065499213721117259e-04;1.745567397994140038e-04
7.500000000000000000e+03;4.092307692307698017e+04;-1.897969714212800556e-04;2.974908070497997372e-04
7.500000000000000000e+03;4.097202797202803049e+04;-2.788187669746555587e-05;3.507232811750312794e-04
7.500000000000000000e+03;4.102097902097906626e+04;1.394255811863377855e-04;3.225615716362015533e-04
7.500000000000000000e+03;4.106993006993013842e+04;2.738353575858057430e-04;2.188474674400982527e-04
7.500000000000000000e+03;4.111888111888119602e+04;3.452152230018986929e-04;6.507723070560965958e-05
7.500000000000000000e+03;4.116783216783223907e+04;3.348049496800258235e-04;-1.040428301409756590e-04
7.500000000000000000e+03;4.121678321678328211e+04;2.481325026028871270e-04;-2.487055762554558945e-04
7.500000000000000000e+03;4.126573426573433971e+04;1.023233567645028441e-04;-3.353128455156425170e-04
7.500000000000000000e+03;4.131468531468539732e+04;-6.468282084533346526e-05;-3.436945898479131542e-04
7.500000000000000000e+03;4.136363636363643309e+04;-2.193186944950314195e-04;-2.732794166683302881e-04
7.500000000000000000e+03;4.141258741258749069e+04;-3.197405706468619559e-04;-1.389785083716087220e-04
7.500000000000000000e+03;4.146153846153854101e+04;-3.483896020701129502e-04;2.726235195772005272e-05
7.500000000000000000e+03;4.151048951048958406e+04;-2.947497549582065389e-04;1.863052394729971769e-04
7.500000000000000000e+03;4.155944055944064166e+04;-1.738630194780576340e-04;3.019968448155520009e-04
7.500000000000000000e+03;4.160839160839168471e+04;-1.226208034217068808e-05;3.484921910676557801e-04
7.500000000000000000e+03;4.165734265734274231e+04;1.510673460854310471e-04;3.130701663892277364e-04
7.500000000000000000e+03;4.170629370629378536e+04;2.801267733663332748e-04;2.060264283933085070e-04
7.500000000000000000e+03;4.175524475524483569e+04;3.436754848075728765e-04;5.169850143184086526e-05
7.500000000000000000e+03;4.180419580419588601e+04;3.277733466967112236e-04;-1.144049054628769427e-04
7.500000000000000000e+03;4.185314685314692906e+04;2.371304189376578677e-04;-2.545624654758011393e-04
7.500000000000000000e+03;4.190209790209798666e+04;9.079180104324361008e-05;-3.343209527512829623e-04
7.500000000000000000e+03;4.195104895104903699e+04;-7.525890000067626980e-05;-3.385002159871032448e-04
7.500000000000000000e+03;4.200000000000009459e+04;-2.238770303821027154e-04;-2.636647458294332489e-04
7.500000000000000000e+03;4.204895104895113036e+04;-3.210680780944951546e-04;-1.288756167607646138e-04
7.500000000000000000e+03;4.209790209790218069e+04;-3.438665484812296357e-04;3.573258735939225956e-05
7.500000000000000000e+03;4.214685314685323829e+04;-2.875328939491040431e-04;1.912495792517793529e-04
7.500000000000000000e+03;4.219580419580428133e+04;-1.654764347822320941e-04;3.035670035695279493e-04
7.500000000000000000e+03;4.224475524475533166e+04;-5.606996691291688311e-06;3.446007877571997773e-04
7.500000000000000000e+03;4.229370629370638198e+04;1.556984239198791118e-04;3.078917950285957696e-04
7.500000000000000000e+03;4.234265734265741776e+04;2.803284435135120389e-04;1.999113608596601779e-04
7.500000000000000000e+03;4.239160839160848263e+04;3.411739500650258451e-04;4.617664651637506951e-05
7.500000000000000000e+03;4.244055944055952568e+04;3.231456338338221219e-04;-1.174942911268567224e-04
7.500000000000000000e+03;4.248951048951058328e+04;2.314770277495123841e-04;-2.536111605605885283e-04
7.500000000000000000e+03;4.253846153846161906e+04;8.722028041072622296e-05;-3.327296825617947693e-04
7.500000000000000000e+03;4.258741258741267666e+04;-7.783844770574307971e-05;-3.344169611333649311e-04
7.500000000000000000e+03;4.263636363636372698e+04;-2.232777829614997222e-04;-2.598403980762793567e-04
7.500000000000000000e+03;4.268531468531477731e+04;-3.188477551245026730e-04;-1.268611511136860485e-04
7.500000000000000000e+03;4.273426573426582036e+04;-3.406693046774947548e-04;3.529524691511659460e-05
7.500000000000000000e+03;4.278321678321687796e+04;-2.857103508611568061e-04;1.896546890267048976e-04
7.500000000000000000e+03;4.283216783216790645e+04;-1.635613130033050254e-04;2.992860651844848788e-04
7.500000000000000000e+03;4.288111888111897133e+04;-7.932275114319974735e-06;3.408462498927561281e-04
7.500000000000000000e+03;4.293006993007000710e+04;1.529757833235646412e-04;3.054386337449262732e-04
7.500000000000000000e+03;4.297902097902107198e+04;2.763046028238684624e-04;1.994039191189685037e-04
7.500000000000000000e+03;4.302797202797210775e+04;3.374543364320925238e-04;4.850789375431210389e-05
7.500000000000000000e+03;4.307692307692316535e+04;3.211353280260226934e-04;-1.127413819410609286e-04
7.500000000000000000e+03;4.312587412587420840e+04;2.337424366043917455e-04;-2.481290974841565255e-04
7.500000000000000000e+03;4.317482517482525873e+04;9.062570523656560486e-05;-3.279951633092623056e-04
7.500000000000000000e+03;4.322377622377630905e+04;-7.050437479309143375e-05;-3.312485566608995287e-04
7.500000000000000000e+03;4.327272727272736665e+04;-2.152450019247002572e-04;-2.611099833155461586e-04
7.500000000000000000e+03;4.332167832167839515e+04;-3.126133632980291894e-04;-1.308290452083441522e-04
7.500000000000000000e+03;4.337062937062946730e+04;-3.369167738161224913e-04;2.816125606726001712e-05
7.500000000000000000e+03;4.341958041958049580e+04;-2.853706581245581196e-04;1.815217048469489264e-04
7.500000000000000000e+03;4.346853146853156068e+04;-1.693558490917871631e-04;2.916330024836918185e-04
7.500000000000000000e+03;4.351748251748259645e+04;-1.594035180707724440e-05;3.375523416434037492e-04
7.500000000000000000e+03;4.356643356643365405e+04;1.433601165019110198e-04;3.051212393265124328e-04
7.500000000000000000e+03;4.361538461538470438e+04;2.664753615578380436e-04;2.047693326332751084e-04
7.500000000000000000e+03;4.366433566433575470e+04;3.318118930147554574e-04;5.775382004033767806e-05
7.500000000000000000e+03;4.371328671328679775e+04;3.207370192178258736e-04;-1.020474085444608286e-04
7.500000000000000000e+03;4.376223776223785535e+04;2.378946435239314588e-04;-2.386705495986535242e-04
7.500000000000000000e+03;4.381118881118888385e+04;1.001613001297019668e-04;-3.210792788157776421e-04
7.500000000000000000e+03;4.386013986013994872e+04;-5.794981017428263225e-05;-3.310592645867252264e-04
7.500000000000000000e+03;4.390909090909099905e+04;-2.046346972851971447e-04;-2.669334644462967028e-04
7.500000000000000000e+03;4.395804195804204210e+04;-3.041801620894848783e-04;-1.413526459626390623e-04
7.500000000000000000e+03;4.400699300699309970e+04;-3.351029775750245560e-04;1.374141912341500154e-05
7.500000000000000000e+03;4.405594405594414275e+04;-2.906665424390448790e-04;1.675966862503544476e-04
7.500000000000000000e+03;4.410489510489517124e+04;-1.813383136658966324e-04;2.820185102813584370e-04
7.500000000000000000e+03;4.415384615384624340e+04;-3.103062405204387911e-05;3.340213981301798037e-04
7.500000000000000000e+03;4.420279720279728645e+04;1.258493630680640105e-04;3.096455853946020902e-04
7.500000000000000000e+03;4.425174825174833677e+04;2.538101462272733294e-04;2.177276566806038806e-04
7.500000000000000000e+03;4.430069930069937254e+04;3.247951266040611748e-04;7.517489113976363424e-05
7.500000000000000000e+03;4.434965034965043014e+04;3.228612342101965091e-04;-8.254086363878611592e-05
7.500000000000000000e+03;4.439860139860150230e+04;2.480676670345641753e-04;-2.217786760009124501e-04
7.500000000000000000e+03;4.444755244755253079e+04;1.181851344002590097e-04;-3.112503181668155425e-04
7.500000000000000000e+03;4.449650349650358839e+04;-3.822787328959451330e-05;-3.305891212182338035e-04
7.500000000000000000e+03;4.454545454545463144e+04;-1.855593430162516501e-04;-2.759176470177996158e-04
7.500000000000000000e+03;4.459440559440570360e+04;-2.916256048321978897e-04;-1.592188545606034388e-04
7.500000000000000000e+03;4.464335664335673209e+04;-3.314792114760575065e-04;-8.173213477733350560e-06
7.500000000000000000e+03;4.469230769230778969e+04;-2.980996942113047811e-04;1.460588925690484738e-04
7.500000000000000000e+03;4.474125874125884002e+04;-1.973369386511005538e-04;2.658544759590268495e-04
7.500000000000000000e+03;4.479020979020989034e+04;-5.319646554996655517e-05;3.272864282623697777e-04
7.500000000000000000e+03;4.483916083916094794e+04;1.029252234028095383e-04;3.145540358482337619e-04
7.500000000000000000e+03;4.488811188811199099e+04;2.355054055791992967e-04;2.329343009439800662e-04
7.500000000000000000e+03;4.493706293706304132e+04;3.158978238930837358e-04;9.831080311033745488e-05
7.500000000000000000e+03;4.498601398601409164e+04;3.253104924025094873e-04;-5.721263816090058193e-05
7.500000000000000000e+03;4.503496503496513469e+04;2.623778047185667379e-04;-1.996294540976102042e-04
7.500000000000000000e+03;4.508391608391619957e+04;1.415475125236975327e-04;-2.978530997239694752e-04
7.500000000000000000e+03;4.513286713286722807e+04;-1.109769909662826781e-05;-3.290806428555117027e-04
7.500000000000000000e+03;4.518181818181827839e+04;-1.607363904538306181e-04;-2.875959338555133995e-04
7.500000000000000000e+03;4.523076923076933599e+04;-2.745592801285979558e-04;-1.811158693103409188e-04
7.500000000000000000e+03;4.527972027972037904e+04;-3.268268592943130639e-04;-3.653485624124195051e-05
7.500000000000000000e+03;4.532867132867143664e+04;-3.073540172186130627e-04;1.184126764408739403e-04
7.500000000000000000e+03;4.537762237762247969e+04;-2.189694538460970803e-04;2.445451310344396302e-04
7.500000000000000000e+03;4.542657342657351546e+04;-8.243578604463182898e-05;3.182056226758528893e-04
7.500000000000000000e+03;4.547552447552458034e+04;7.176179187779030259e-05;3.192159028225706897e-04
7.500000000000000000e+03;4.552447552447562339e+04;2.097778066662071600e-04;2.519075654822794906e-04
7.500000000000000000e+03;4.557342657342668099e+04;3.015296535599750524e-04;1.264830352876892357e-04
7.500000000000000000e+03;4.562237762237771676e+04;3.259227975558639362e-04;-2.469008978068978544e-05
7.500000000000000000e+03;4.567132867132876709e+04;2.773523355478192632e-04;-1.715097180560269381e-04
7.500000000000000000e+03;4.572027972027982469e+04;1.693137212477617201e-04;-2.789445097875913092e-04
7.500000000000000000e+03;4.576923076923086774e+04;2.214135370390611326e-05;-3.256177638673725091e-04
7.500000000000000000e+03;4.581818181818191806e+04;-1.289282716937701257e-04;-2.994973624991370130e-04
7.500000000000000000e+03;4.586713286713296839e+04;-2.516542014162734980e-04;-2.070557938886664374e-04
7.500000000000000000e+03;4.591608391608400416e+04;-3.174513052252243882e-04;-6.986136154891473612e-05
7.500000000000000000e+03;4.596503496503506904e+04;-3.160092233275106893e-04;8.351291247846240058e-05
7.500000000000000000e+03;4.601398601398610481e+04;-2.415101414705781552e-04;2.176753337201781113e-04
7.500000000000000000e+03;4.606293706293716969e+04;-1.163217534645350398e-04;3.046844647450284299e-04
7.500000000000000000e+03;4.611188811188820546e+04;3.529500890862920546e-05;3.225199746782429614e-04
7.500000000000000000e+03;4.616083916083925578e+04;1.781221911971688692e-04;2.723387421700769755e-04
7.500000000000000000e+03;4.620979020979030611e+04;2.834602891553055209e-04;1.594992092971898076e-04
7.500000000000000000e+03;4.625874125874134188e+04;3.235425149627851557e-04;1.382157593656533424e-05
7.500000000000000000e+03;4.630769230769239948e+04;2.949058578092680449e-04;-1.361763334202577443e-04
7.500000000000000000e+03;4.635664335664345708e+04;2.006502964631139575e-04;-2.539389130512200192e-04
7.500000000000000000e+03;4.640559440559448558e+04;6.235264030782320397e-05;-3.187305183319991001e-04
7.500000000000000000e+03;4.645454545454555046e+04;-8.908139846404817088e-05;-3.103322048927240669e-04
7.500000000000000000e+03;4.650349650349658623e+04;-2.205265833509130349e-04;-2.361166182484227536e-04
7.500000000000000000e+03;4.655244755244765838e+04;-3.036038083427475558e-04;-1.091155539230749582e-04
7.500000000000000000e+03;4.660139860139869415e+04;-3.205501727364519992e-04;4.087779594830074698e-05
7.500000000000000000e+03;4.665034965034973720e+04;-2.658255494442572598e-04;1.826841307059744602e-04
7.500000000000000000e+03;4.669930069930078753e+04;-1.550157022326226837e-04;2.830537376721823598e-04
7.500000000000000000e+03;4.674825174825183058e+04;-8.490237026447417938e-06;3.221379938171201334e-04
7.500000000000000000e+03;4.679720279720288818e+04;1.377049785668865343e-04;2.907791344026257633e-04
7.500000000000000000e+03;4.684615384615394578e+04;2.554810731083885403e-04;1.949763863581999883e-04
7.500000000000000000e+03;4.689510489510497428e+04;3.150751395239087581e-04;5.805224880261209081e-05
7.500000000000000000e+03;4.694405594405603188e+04;3.079718908346348828e-04;-9.275710020550729628e-05
7.500000000000000000e+03;4.699300699300707493e+04;2.315315047430182313e-04;-2.217851876163229275e-04
7.500000000000000000e+03;4.704195804195812525e+04;1.064288751615487038e-04;-3.036205042512231844e-04
7.500000000000000000e+03;4.709090909090917557e+04;-4.301468287149599477e-05;-3.173719320685727623e-04
7.500000000000000000e+03;4.713986013986022590e+04;-1.818576879635597947e-04;-2.642383516088385345e-04
7.500000000000000000e+03;4.718881118881127622e+04;-2.816619362661067433e-04;-1.510093887815393146e-04
7.500000000000000000e+03;4.723776223776231927e+04;-3.193921124738013711e-04;-7.285883282221146867e-06
7.500000000000000000e+03;4.728671328671336960e+04;-2.876494246441873366e-04;1.393049829432311561e-04
7.500000000000000000e+03;4.733566433566443447e+04;-1.939192258360092336e-04;2.544088215689296623e-04
7.500000000000000000e+03;4.738461538461546297e+04;-5.707466347796379520e-05;3.153233927484044938e-04
7.500000000000000000e+03;4.743356643356652057e+04;9.082108930901186300e-05;3.059852475499680920e-04
7.500000000000000000e+03;4.748251748251756362e+04;2.196975675333545208e-04;2.316798783470123534e-04
7.500000000000000000e+03;4.753146853146860667e+04;2.998515740773884499e-04;1.069676110395209096e-04
7.500000000000000000e+03;4.758041958041966427e+04;3.159624223424181808e-04;-4.149236063494894151e-05
7.500000000000000000e+03;4.762937062937071460e+04;2.619829756958029195e-04;-1.797622434135528005e-04
7.500000000000000000e+03;4.767832167832175037e+04;1.527723075376228570e-04;-2.789531298221220438e-04
7.500000000000000000e+03;4.772727272727280797e+04;9.756925926862776693e-06;-3.176363775740061244e-04
7.500000000000000000e+03;4.777622377622385102e+04;-1.349344974113024878e-04;-2.879089166830207458e-04
7.500000000000000000e+03;4.782517482517491590e+04;-2.501494344324934173e-04;-1.941718688571008309e-04
7.500000000000000000e+03;4.787412587412595167e+04;-3.109306286030417499e-04;-6.054673024652819688e-05
7.500000000000000000e+03;4.792307692307699472e+04;-3.043597251374755962e-04;8.736549502542401439e-05
7.500000000000000000e+03;4.797202797202805232e+04;-2.324877077032774352e-04;2.157531328022517319e-04
7.500000000000000000e+03;4.802097902097909537e+04;-1.092431955734326631e-04;2.975830949651267184e-04
7.500000000000000000e+03;4.806993006993014569e+04;3.600933522511380852e-05;3.141996036880039694e-04
7.500000000000000000e+03;4.811888111888120329e+04;1.744526137694158417e-04;2.641942786530138425e-04
7.500000000000000000e+03;4.816783216783223907e+04;2.741323038275865812e-04;1.561384657338406280e-04
7.500000000000000000e+03;4.821678321678328939e+04;3.157042269829423548e-04;1.502403318923498099e-05
7.500000000000000000e+03;4.826573426573433971e+04;2.874253783335474401e-04;-1.292376621764528130e-04
7.500000000000000000e+03;4.831468531468540459e+04;1.990964330956337708e-04;-2.454076754122690857e-04
7.500000000000000000e+03;4.836363636363644036e+04;6.661337148852439791e-05;-3.087681066763015361e-04
7.500000000000000000e+03;4.841258741258748341e+04;-7.941580776282427775e-05;-3.052489390421288750e-04
7.500000000000000000e+03;4.846153846153853374e+04;-2.084954667656733693e-04;-2.365121218611397516e-04
7.500000000000000000e+03;4.851048951048958406e+04;-2.918946780368735080e-04;-1.164218167828632298e-04
7.500000000000000000e+03;4.855944055944063439e+04;-3.135135236560279010e-04;2.788090356166616585e-05
7.500000000000000000e+03;4.860839160839169199e+04;-2.666278435330914336e-04;1.664280141895705658e-04
7.500000000000000000e+03;4.865734265734272776e+04;-1.630827196365827953e-04;2.686232880789873748e-04
7.500000000000000000e+03;4.870629370629377809e+04;-2.467814704124139249e-05;3.134926604210813337e-04
7.500000000000000000e+03;4.875524475524482841e+04;1.190599778586763559e-04;2.900696581459978824e-04
7.500000000000000000e+03;4.880419580419587874e+04;2.370480854020586188e-04;2.055098917795055878e-04
7.500000000000000000e+03;4.885314685314692906e+04;3.036608022785827906e-04;7.606581611736876441e-05
7.500000000000000000e+03;4.890209790209797211e+04;3.056782142289406136e-04;-6.889824685729858977e-05
7.500000000000000000e+03;4.895104895104900788e+04;2.416085440688110623e-04;-1.994052640449107657e-04
7.500000000000000000e+03;4.900000000000007276e+04;1.261143359465927074e-04;-2.864435555167098302e-04
7.500000000000000000e+03;4.904895104895111581e+04;-1.603124597219493641e-05;-3.125401757460610818e-04
7.500000000000000000e+03;4.909790209790218069e+04;-1.551229431604341619e-04;-2.714826801669621681e-04
7.500000000000000000e+03;4.914685314685321646e+04;-2.603484764709262261e-04;-1.724627240338301134e-04
7.500000000000000000e+03;4.919580419580425951e+04;-3.099163842647178970e-04;-3.658600511203783946e-05
7.500000000000000000e+03;4.924475524475531711e+04;-2.933290682029317427e-04;1.065488552123593143e-04
7.500000000000000000e+03;4.929370629370636016e+04;-2.142651359435785742e-04;2.269530997718687253e-04
7.500000000000000000e+03;4.934265734265741048e+04;-8.863413604236878196e-05;2.987331195998221530e-04
7.500000000000000000e+03;4.939160839160846081e+04;5.404698794713340751e-05;3.064725976494663906e-04
7.500000000000000000e+03;4.944055944055949658e+04;1.868044625192519790e-04;2.485058149791013961e-04
7.500000000000000000e+03;4.948951048951056146e+04;2.780739365484166648e-04;1.386075521841652097e-04
7.500000000000000000e+03;4.953846153846160450e+04;3.109186378265254083e-04;-2.053046539332570568e-06
7.500000000000000000e+03;4.958741258741266938e+04;2.764962598080557559e-04;-1.406589169661401383e-04
7.500000000000000000e+03;4.963636363636370515e+04;1.843752977087249369e-04;-2.503392874231211412e-04
7.500000000000000000e+03;4.968531468531474820e+04;5.177580725794251075e-05;-3.049186602839524022e-04
7.500000000000000000e+03;4.973426573426580580e+04;-9.037792332146705923e-05;-2.965024409721044008e-04
7.500000000000000000e+03;4.978321678321684885e+04;-2.140576114236194443e-04;-2.225309447533785009e-04
7.500000000000000000e+03;4.983216783216789918e+04;-2.915443291946359866e-04;-1.037150064486825767e-04
7.500000000000000000e+03;4.988111888111894950e+04;-3.066173937947035740e-04;3.935858798903700171e-05
7.500000000000000000e+03;4.993006993006998528e+04;-2.575756315532170171e-04;1.716696270473161152e-04
7.500000000000000000e+03;4.997902097902105015e+04;-1.522144532039967002e-04;2.692791502978439215e-04
7.500000000000000000e+03;5.002797202797208593e+04;-1.621363556956355371e-05;3.081845298163410026e-04
7.500000000000000000e+03;5.007692307692315080e+04;1.243512335480800206e-04;2.823388495404359163e-04
7.500000000000000000e+03;5.012587412587419385e+04;2.369745200967590746e-04;1.962194469969014067e-04
7.500000000000000000e+03;5.017482517482523690e+04;3.013488841318810989e-04;6.890982825710325666e-05
7.500000000000000000e+03;5.022377622377627995e+04;2.987114314531345112e-04;-7.281741266149068979e-05
7.500000000000000000e+03;5.027272727272733027e+04;2.360039005025332283e-04;-1.998580912908876604e-04
7.500000000000000000e+03;5.032167832167838060e+04;1.208895088659330750e-04;-2.822114018248721894e-04
7.500000000000000000e+03;5.037062937062944548e+04;-1.814660577286260926e-05;-3.074091695879458156e-04
7.500000000000000000e+03;5.041958041958047397e+04;-1.540490230161193263e-04;-2.650459189668874982e-04
7.500000000000000000e+03;5.046853146853152430e+04;-2.562408626959473664e-04;-1.684158533712038538e-04
7.500000000000000000e+03;5.051748251748257462e+04;-3.048984004797084305e-04;-3.463343089221264945e-05
7.500000000000000000e+03;5.056643356643362495e+04;-2.884771404286973532e-04;1.040538436058394963e-04
7.500000000000000000e+03;5.061538461538468255e+04;-2.108527517478546735e-04;2.231788938113162034e-04
7.500000000000000000e+03;5.066433566433572560e+04;-8.965511638466437878e-05;2.927697431434296213e-04
7.500000000000000000e+03;5.071328671328675409e+04;5.195302868916318919e-05;3.012419125947581695e-04
7.500000000000000000e+03;5.076223776223781897e+04;1.801537311892837431e-04;2.465147640109022643e-04
7.500000000000000000e+03;5.081118881118886929e+04;2.727956514066576113e-04;1.387812673418169901e-04
7.500000000000000000e+03;5.086013986013992690e+04;3.051912070343502340e-04;2.997894378722349974e-06
7.500000000000000000e+03;5.090909090909096267e+04;2.752353108040583017e-04;-1.344243205216456144e-04
7.500000000000000000e+03;5.095804195804201299e+04;1.853869381336906077e-04;-2.413147459125338477e-04
7.500000000000000000e+03;5.100699300699307059e+04;5.877167670332169121e-05;-3.000359075007480881e-04
7.500000000000000000e+03;5.105594405594411364e+04;-8.272723694785252932e-05;-2.917894216790836129e-04
7.500000000000000000e+03;5.110489510489515669e+04;-2.040936104047005796e-04;-2.256574003158710938e-04
7.500000000000000000e+03;5.115384615384621429e+04;-2.838915209555650733e-04;-1.087193256572190601e-04
7.500000000000000000e+03;5.120279720279724279e+04;-3.031473994971770145e-04;2.803803268670514739e-05
7.500000000000000000e+03;5.125174825174830767e+04;-2.588919389802078492e-04;1.614621198435294350e-04
7.500000000000000000e+03;5.130069930069934344e+04;-1.596780835030405942e-04;2.582724345269535185e-04
7.500000000000000000e+03;5.134965034965041559e+04;-2.742388718769999515e-05;3.026916743310669572e-04
7.500000000000000000e+03;5.139860139860144409e+04;1.102313447884761534e-04;2.819600871169797990e-04
7.500000000000000000e+03;5.144755244755250169e+04;2.253251404625999542e-04;2.027712594634541946e-04
7.500000000000000000e+03;5.149650349650354474e+04;2.922107583987373610e-04;8.093702025651075755e-05
7.500000000000000000e+03;5.154545454545459506e+04;2.978956951683424392e-04;-5.812425940290116518e-05
7.500000000000000000e+03;5.159440559440564539e+04;2.407529557020462844e-04;-1.839015858143313296e-04
7.500000000000000000e+03;5.164335664335670299e+04;1.341161437270827676e-04;-2.720837577956688297e-04
7.500000000000000000e+03;5.169230769230773149e+04;-1.921225177313778783e-06;-3.016303013518570938e-04
7.500000000000000000e+03;5.174125874125878909e+04;-1.363691704024338710e-04;-2.692798906513463840e-04
7.500000000000000000e+03;5.179020979020983214e+04;-2.418025520278044630e-04;-1.790216591641064555e-04
7.500000000000000000e+03;5.183916083916090429e+04;-2.969643385464420041e-04;-5.272338527082398184e-05
7.500000000000000000e+03;5.188811188811193279e+04;-2.897168962028068197e-04;8.561915209076478156e-05
7.500000000000000000e+03;5.193706293706298311e+04;-2.207078514203254641e-04;2.050407950298661886e-04
7.500000000000000000e+03;5.198601398601403343e+04;-1.064816859091495050e-04;2.816852751666952537e-04
7.500000000000000000e+03;5.203496503496507648e+04;2.999793901007167531e-05;2.991059181884162259e-04
7.500000000000000000e+03;5.208391608391613408e+04;1.608414204108281126e-04;2.538354867961009858e-04
7.500000000000000000e+03;5.213286713286719169e+04;2.573365097511106162e-04;1.555767178144052895e-04
7.500000000000000000e+03;5.218181818181822746e+04;2.994544447383478162e-04;2.444704541445542133e-05
7.500000000000000000e+03;5.223076923076927778e+04;2.797324885337514684e-04;-1.109114723800318962e-04
7.500000000000000000e+03;5.227972027972032811e+04;2.010306282874312685e-04;-2.237166613128133185e-04
7.500000000000000000e+03;5.232867132867139298e+04;8.024741602607592681e-05;-2.892319503346092203e-04
7.500000000000000000e+03;5.237762237762242148e+04;-5.706417437361541520e-05;-2.939757820889280469e-04
7.500000000000000000e+03;5.242657342657347181e+04;-1.819699930507576245e-04;-2.379338077171113894e-04
7.500000000000000000e+03;5.247552447552452213e+04;-2.692135782587232119e-04;-1.315831761222313048e-04
7.500000000000000000e+03;5.252447552447556518e+04;-3.000434394027146805e-04;1.506911814822410548e-06
7.500000000000000000e+03;5.257342657342661551e+04;-2.678343452485884503e-04;1.350364900823640131e-04
7.500000000000000000e+03;5.262237762237767311e+04;-1.801021660823977171e-04;2.386619288862056488e-04
7.500000000000000000e+03;5.267132867132870888e+04;-5.484869147302359537e-05;2.945562602774393210e-04
7.500000000000000000e+03;5.272027972027976648e+04;8.152885437095547597e-05;2.867028140276461868e-04
7.500000000000000000e+03;5.276923076923080953e+04;2.014106448029653732e-04;2.209536460041635979e-04
7.500000000000000000e+03;5.281818181818185258e+04;2.779474492821799956e-04;1.079016001713749013e-04
7.500000000000000000e+03;5.286713286713291018e+04;2.974775149287782038e-04;-2.631116970892336966e-05
7.500000000000000000e+03;5.291608391608396050e+04;2.542798394636931617e-04;-1.559472390026219227e-04
7.500000000000000000e+03;5.296503496503499628e+04;1.587091053149348205e-04;-2.519775670711642940e-04
7.500000000000000000e+03;5.301398601398604660e+04;2.925985852803441613e-05;-2.956678409524294377e-04
7.500000000000000000e+03;5.306293706293709693e+04;-1.050155758924924902e-04;-2.782415687818592118e-04
7.500000000000000000e+03;5.311188811188816180e+04;-2.180840970626491586e-04;-2.017019212139955066e-04
7.500000000000000000e+03;5.316083916083918302e+04;-2.853291567198775998e-04;-8.474942094261402894e-05
7.500000000000000000e+03;5.320979020979024062e+04;-2.932005367772889839e-04;5.119533864070876378e-05
7.500000000000000000e+03;5.325874125874129095e+04;-2.397699527760073154e-04;1.746931489090744862e-04
7.500000000000000000e+03;5.330769230769234127e+04;-1.368806843155550180e-04;2.635597515861633840e-04
7.500000000000000000e+03;5.335664335664338432e+04;-5.722953964566171609e-06;2.953667594749731225e-04
7.500000000000000000e+03;5.340559440559444192e+04;1.270565561365599380e-04;2.676492610372486862e-04
7.500000000000000000e+03;5.345454545454548497e+04;2.325208278098446827e-04;1.830704075091093500e-04
7.500000000000000000e+03;5.350349650349653530e+04;2.898355130727575711e-04;6.084819465877932740e-05
7.500000000000000000e+03;5.355244755244758562e+04;2.868352133497268155e-04;-7.353443359461663649e-05
7.500000000000000000e+03;5.360139860139865050e+04;2.243315765526686758e-04;-1.930202619733199548e-04
7.500000000000000000e+03;5.365034965034967900e+04;1.149178593504351833e-04;-2.716464875745389107e-04
7.500000000000000000e+03;5.369930069930072932e+04;-1.790123065816035420e-05;-2.950098833926392524e-04
7.500000000000000000e+03;5.374825174825176509e+04;-1.466691750744254579e-04;-2.547881374083895583e-04
7.500000000000000000e+03;5.379720279720282997e+04;-2.453882052106458691e-04;-1.651250987790841575e-04
7.500000000000000000e+03;5.384615384615387302e+04;-2.923962653401655809e-04;-3.785893446561469958e-05
7.500000000000000000e+03;5.389510489510493062e+04;-2.791844806267770136e-04;9.427718814951433889e-05
7.500000000000000000e+03;5.394405594405597367e+04;-2.072750670356744121e-04;2.085735167827740548e-04
7.500000000000000000e+03;5.399300699300702399e+04;-9.365240138054301000e-05;2.775989126759169866e-04
7.500000000000000000e+03;5.404195804195806704e+04;4.066163924526533941e-05;2.910656437775762978e-04
7.500000000000000000e+03;5.409090909090911737e+04;1.653825549987458505e-04;2.419916502516416970e-04
7.500000000000000000e+03;5.413986013986016769e+04;2.561363001870180537e-04;1.438393564792324884e-04
7.500000000000000000e+03;5.418881118881121802e+04;2.932444993915619708e-04;1.654449253162421232e-05
7.500000000000000000e+03;5.423776223776225379e+04;2.704062229205610787e-04;-1.158739450668864091e-04
7.500000000000000000e+03;5.428671328671331139e+04;1.904108707812758768e-04;-2.218875625162874683e-04
7.500000000000000000e+03;5.433566433566436172e+04;7.166217898629253591e-05;-2.839567600665862516e-04
7.500000000000000000e+03;5.438461538461541932e+04;-6.138548343035325316e-05;-2.846754010197407648e-04
7.500000000000000000e+03;5.443356643356646236e+04;-1.826315075029199175e-04;-2.295206368218474910e-04
7.500000000000000000e+03;5.448251748251750541e+04;-2.650186706586651615e-04;-1.230867764781595004e-04
7.500000000000000000e+03;5.453146853146855574e+04;-2.927552714503121639e-04;4.907065601352109098e-06
7.500000000000000000e+03;5.458041958041960606e+04;-2.596731251143881208e-04;1.351315539875368383e-04
7.500000000000000000e+03;5.462937062937065639e+04;-1.735684782733818115e-04;2.345723025115131570e-04
7.500000000000000000e+03;5.467832167832170671e+04;-5.027303214747557710e-05;2.874273969567584094e-04
7.500000000000000000e+03;5.472727272727274249e+04;8.179980340026587722e-05;2.793907085532241433e-04
7.500000000000000000e+03;5.477622377622380009e+04;1.977912542493686331e-04;2.141186902304035525e-04
7.500000000000000000e+03;5.482517482517485041e+04;2.723947317151081764e-04;1.048590640762563927e-04
7.500000000000000000e+03;5.487412587412590801e+04;2.906270658580465088e-04;-2.687386026924893883e-05
7.500000000000000000e+03;5.492307692307695106e+04;2.487330811986959386e-04;-1.514145744704593725e-04
7.500000000000000000e+03;5.497202797202799411e+04;1.553867679583228350e-04;-2.467686351129670663e-04
7.500000000000000000e+03;5.502097902097903716e+04;3.054828516682189809e-05;-2.879944812632720939e-04
7.500000000000000000e+03;5.506993006993009476e+04;-1.014014991128063558e-04;-2.731696937065660130e-04
7.500000000000000000e+03;5.511888111888114508e+04;-2.109571528538732826e-04;-1.984405349916785121e-04
7.500000000000000000e+03;5.516783216783219541e+04;-2.780658663202755280e-04;-8.591931178758410172e-05
7.500000000000000000e+03;5.521678321678323118e+04;-2.860578299150690019e-04;4.698101790934963837e-05
7.500000000000000000e+03;5.526573426573428878e+04;-2.369367468969749146e-04;1.674561060754696062e-04
7.500000000000000000e+03;5.531468531468533911e+04;-1.363493416367772635e-04;2.554284209581772600e-04
7.500000000000000000e+03;5.536363636363639671e+04;-1.019595948209163251e-05;2.887978608033963160e-04
7.500000000000000000e+03;5.541258741258743248e+04;1.198482844006508924e-04;2.634863359053235803e-04
7.500000000000000000e+03;5.546153846153848281e+04;2.237407160181890172e-04;1.833622712415587924e-04
7.500000000000000000e+03;5.551048951048952586e+04;2.825455966433422484e-04;6.520660122210053230e-05
7.500000000000000000e+03;5.555944055944058346e+04;2.811586896920564979e-04;-6.539571317207485530e-05
7.500000000000000000e+03;5.560839160839162651e+04;2.238447519591242878e-04;-1.839241054333278088e-04
7.500000000000000000e+03;5.565734265734268411e+04;1.188063218123437686e-04;-2.625582158549069492e-04
7.500000000000000000e+03;5.570629370629371988e+04;-1.042061354728529926e-05;-2.884827273412893635e-04
7.500000000000000000e+03;5.575524475524477020e+04;-1.365048829314334164e-04;-2.535827884151416298e-04
7.500000000000000000e+03;5.580419580419581325e+04;-2.352801427925906692e-04;-1.676843413225008374e-04
7.500000000000000000e+03;5.585314685314689268e+04;-2.850088197152999300e-04;-4.548244223457715364e-05
7.500000000000000000e+03;5.590209790209792118e+04;-2.759891412676780328e-04;8.402720014599043895e-05
7.500000000000000000e+03;5.595104895104897150e+04;-2.093142411708479088e-04;1.974798640176428030e-04
7.500000000000000000e+03;5.600000000000002183e+04;-1.013948373697954637e-04;2.697769355042842275e-04
7.500000000000000000e+03;5.604895104895107215e+04;2.986075313162473758e-05;2.858540328133620445e-04
7.500000000000000000e+03;5.609790209790211520e+04;1.524305363352749685e-04;2.434230684026489594e-04
7.500000000000000000e+03;5.614685314685317280e+04;2.451603589137504088e-04;1.508141730063392450e-04
7.500000000000000000e+03;5.619580419580420858e+04;2.858321834037674575e-04;2.698685909866566920e-05
7.500000000000000000e+03;5.624475524475525890e+04;2.688664776421954188e-04;-1.025552788153470950e-04
7.500000000000000000e+03;5.629370629370630195e+04;1.949965844656141047e-04;-2.098804532708012805e-04
7.500000000000000000e+03;5.634265734265735227e+04;8.223217756936858683e-05;-2.750478167340107694e-04
7.500000000000000000e+03;5.639160839160840260e+04;-4.834227796398810908e-05;-2.825650284165885022e-04
7.500000000000000000e+03;5.644055944055946020e+04;-1.681952403267948670e-04;-2.320520539561980234e-04
7.500000000000000000e+03;5.648951048951048870e+04;-2.535046773806760097e-04;-1.338879402858811536e-04
7.500000000000000000e+03;5.653846153846154630e+04;-2.869213260682056251e-04;-8.061687563609840139e-06
7.500000000000000000e+03;5.658741258741260390e+04;-2.598694858433381913e-04;1.193110055894196572e-04
7.500000000000000000e+03;5.663636363636366150e+04;-1.809791446140355121e-04;2.219395073057954797e-04
7.500000000000000000e+03;5.668531468531469727e+04;-6.338087959976328525e-05;2.784627750162576502e-04
7.500000000000000000e+03;5.673426573426574760e+04;6.620107433854389122e-05;2.780272532635379894e-04
7.500000000000000000e+03;5.678321678321679065e+04;1.830698881786971526e-04;2.196100773733090060e-04
7.500000000000000000e+03;5.683216783216784825e+04;2.603019924896350732e-04;1.164116694788830370e-04
7.500000000000000000e+03;5.688111888111889130e+04;2.864463192632468497e-04;-1.098676456702482685e-05
7.500000000000000000e+03;5.693006993006994890e+04;2.510672987520335829e-04;-1.358342175907203855e-04
7.500000000000000000e+03;5.697902097902097739e+04;1.654671899039727892e-04;-2.328894183299730510e-04
7.500000000000000000e+03;5.702797202797203499e+04;4.560230932747029648e-05;-2.815988244525273899e-04
7.500000000000000000e+03;5.707692307692308532e+04;-8.349757795894952885e-05;-2.722030592385965542e-04
7.500000000000000000e+03;5.712587412587415020e+04;-1.956770557705580431e-04;-2.071144756447958982e-04
7.500000000000000000e+03;5.717482517482517869e+04;-2.664306177605125668e-04;-9.888942409920735280e-05
7.500000000000000000e+03;5.722377622377623629e+04;-2.827289855231343942e-04;2.943521748389358740e-05
7.500000000000000000e+03;5.727272727272727934e+04;-2.411183748250713354e-04;1.514571330825150027e-04
7.500000000000000000e+03;5.732167832167832967e+04;-1.484993492645240022e-04;2.422526666725439764e-04
7.500000000000000000e+03;5.737062937062937272e+04;-2.680199820070947102e-05;2.833346742606493700e-04
7.500000000000000000e+03;5.741958041958043759e+04;1.012845418676144464e-04;2.654614373135683720e-04
7.500000000000000000e+03;5.746853146853146609e+04;2.079388156992795927e-04;1.931462898145585791e-04
7.500000000000000000e+03;5.751748251748252369e+04;2.718995786104408982e-04;8.134360972768077663e-05
7.500000000000000000e+03;5.756643356643357401e+04;2.792610342480516552e-04;-4.764992957801934077e-05
7.500000000000000000e+03;5.761538461538463889e+04;2.296600060360698035e-04;-1.664250623561317258e-04
7.500000000000000000e+03;5.766433566433566739e+04;1.322476379975724660e-04;-2.507259641293935995e-04
7.500000000000000000e+03;5.771328671328671771e+04;7.727219245767371760e-06;-2.834267995278989447e-04
7.500000000000000000e+03;5.776223776223776804e+04;-1.178689308491064443e-04;-2.577535583931548453e-04
7.500000000000000000e+03;5.781118881118881109e+04;-2.198231921379344817e-04;-1.787835388442634925e-04
7.500000000000000000e+03;5.786013986013986141e+04;-2.754007501841484974e-04;-6.309677541033859288e-05
7.500000000000000000e+03;5.790909090909091901e+04;-2.750345940534094469e-04;6.519409906086122517e-05
7.500000000000000000e+03;5.795804195804195479e+04;-2.171727511781939614e-04;1.802842906855104223e-04
7.500000000000000000e+03;5.800699300699301239e+04;-1.151331578130815965e-04;2.576744563179876818e-04
7.500000000000000000e+03;5.805594405594405544e+04;1.110092416506782381e-05;2.820825094759657698e-04
7.500000000000000000e+03;5.810489510489510576e+04;1.344684131436971511e-04;2.479284598615543963e-04
7.500000000000000000e+03;5.815384615384615608e+04;2.304225577198775344e-04;1.628542611796675841e-04
7.500000000000000000e+03;5.820279720279721369e+04;2.786597087452008775e-04;4.410209970630709302e-05
7.500000000000000000e+03;5.825174825174825673e+04;2.691037454554910929e-04;-8.379349856398987228e-05
7.500000000000000000e+03;5.830069930069929978e+04;2.046786568051612513e-04;-1.941590246251554937e-04
7.500000000000000000e+03;5.834965034965035011e+04;9.725952928507568631e-05;-2.646702053065959955e-04
7.500000000000000000e+03;5.839860139860140771e+04;-2.921807739779252796e-05;-2.799843747819940080e-04
7.500000000000000000e+03;5.844755244755244348e+04;-1.505766167427834200e-04;-2.385556787690049465e-04
7.500000000000000000e+03;5.849650349650350108e+04;-2.397267332762221604e-04;-1.465673425982550306e-04
7.500000000000000000e+03;5.854545454545454413e+04;-2.801911457789103745e-04;-2.568618146920939780e-05
7.500000000000000000e+03;5.859440559440559446e+04;-2.622832133772564928e-04;1.012571188546638866e-04
7.500000000000000000e+03;5.864335664335664478e+04;-1.904984890011756705e-04;2.066169356016152672e-04
7.500000000000000000e+03;5.869230769230769511e+04;-7.921035935106100182e-05;2.698955212700606212e-04
7.500000000000000000e+03;5.874125874125873088e+04;4.806073264079300779e-05;2.764749528045789650e-04
7.500000000000000000e+03;5.879020979020978848e+04;1.652614351714236786e-04;2.268084190876140053e-04
7.500000000000000000e+03;5.883916083916083880e+04;2.489900625010710907e-04;1.300868093196506448e-04
7.500000000000000000e+03;5.888811188811189641e+04;2.798248027331647937e-04;5.926847041750576663e-06
7.500000000000000000e+03;5.893706293706293218e+04;2.541825464370604630e-04;-1.179574809053926792e-04
7.500000000000000000e+03;5.898601398601398250e+04;1.752508111664655447e-04;-2.190438316565489760e-04
7.500000000000000000e+03;5.903496503496502555e+04;6.044097659625705305e-05;-2.732303981536207617e-04
7.500000000000000000e+03;5.908391608391608315e+04;-6.725772666223623936e-05;-2.722113236645707984e-04
7.500000000000000000e+03;5.913286713286713348e+04;-1.801001811129518252e-04;-2.136068701698824127e-04
7.500000000000000000e+03;5.918181818181819108e+04;-2.565123069800322956e-04;-1.125704289363470815e-04
7.500000000000000000e+03;5.923076923076921958e+04;-2.799257200623569497e-04;1.381154972518973505e-05
7.500000000000000000e+03;5.927972027972027718e+04;-2.443802641317292801e-04;1.349976848093709754e-04
7.500000000000000000e+03;5.932867132867132750e+04;-1.599342612419126820e-04;2.297719858515724211e-04
7.500000000000000000e+03;5.937762237762239238e+04;-4.120412897368273385e-05;2.764329543782887040e-04
7.500000000000000000e+03;5.942657342657342087e+04;8.482530561528244537e-05;2.653765480740016575e-04
7.500000000000000000e+03;5.947552447552447120e+04;1.946677668722832978e-04;2.002181563360443161e-04
7.500000000000000000e+03;5.952447552447552152e+04;2.619120499595425748e-04;9.303932366662056566e-05
7.500000000000000000e+03;5.957342657342657185e+04;2.773472905288121076e-04;-3.288023044346363819e-05
7.500000000000000000e+03;5.962237762237761490e+04;2.333708789414138426e-04;-1.526731159387503334e-04
7.500000000000000000e+03;5.967132867132867250e+04;1.422933579487892491e-04;-2.392816127421930458e-04
7.500000000000000000e+03;5.972027972027970827e+04;2.095965883410262715e-05;-2.783775621377451606e-04
7.500000000000000000e+03;5.976923076923076587e+04;-1.037803943569953004e-04;-2.576008970651125956e-04
7.500000000000000000e+03;5.981818181818181620e+04;-2.077659126777914702e-04;-1.850609324556923513e-04
7.500000000000000000e+03;5.986713286713288107e+04;-2.684198283831034791e-04;-7.348999748866344580e-05
7.500000000000000000e+03;5.991608391608390957e+04;-2.729094249028271146e-04;5.335653941586365615e-05
7.500000000000000000e+03;5.996503496503495990e+04;-2.218653713372626063e-04;1.685772218070990234e-04
7.500000000000000000e+03;6.001398601398598839e+04;-1.238665197775218416e-04;2.493564041343205749e-04
7.500000000000000000e+03;6.006293706293705327e+04;-1.113200523931668566e-06;2.778855941125401565e-04
7.500000000000000000e+03;6.011188811188810359e+04;1.226131358351192349e-04;2.495940957678517745e-04
7.500000000000000000e+03;6.016083916083916120e+04;2.199404940122235829e-04;1.680789890297075507e-04
7.500000000000000000e+03;6.020979020979019697e+04;2.723954599366597588e-04;5.394015907701333012e-05
7.500000000000000000e+03;6.025874125874125457e+04;2.678819877610152120e-04;-7.363907370041801936e-05
7.500000000000000000e+03;6.030769230769231217e+04;2.076877997231085012e-04;-1.841576679636064428e-04
7.500000000000000000e+03;6.035664335664336977e+04;1.050589261932413469e-04;-2.570927172566907790e-04
7.500000000000000000e+03;6.040559440559439827e+04;-2.036336328612391557e-05;-2.766749474985259554e-04
7.500000000000000000e+03;6.045454545454544859e+04;-1.400684334443087395e-04;-2.384028539317646265e-04
7.500000000000000000e+03;6.050349650349647709e+04;-2.322959656685490962e-04;-1.513220666466232641e-04
7.500000000000000000e+03;6.055244755244754924e+04;-2.743233653693820840e-04;-3.152537503020483544e-05
7.500000000000000000e+03;6.060139860139859229e+04;-2.613954479409189902e-04;9.236073679078085565e-05
7.500000000000000000e+03;6.065034965034964989e+04;-1.919493927867193161e-04;2.003209991858349349e-04
7.500000000000000000e+03;6.069930069930068566e+04;-8.492688353329754262e-05;2.627858214756633435e-04
7.500000000000000000e+03;6.074825174825174327e+04;4.178304921851517818e-05;2.744003212132953848e-04
7.500000000000000000e+03;6.079720279720278631e+04;1.579985503087390220e-04;2.252319654766759280e-04
7.500000000000000000e+03;6.084615384615385847e+04;2.425031860672518082e-04;1.330443650803427697e-04
7.500000000000000000e+03;6.089510489510488696e+04;2.755974618464379221e-04;9.579683486912684323e-06
7.500000000000000000e+03;6.094405594405593729e+04;2.520067048086656802e-04;-1.125454398004063669e-04
7.500000000000000000e+03;6.099300699300698761e+04;1.753663614747150840e-04;-2.134049684294460835e-04
7.500000000000000000e+03;6.104195804195803066e+04;6.266754105221881694e-05;-2.684264725202058460e-04
7.500000000000000000e+03;6.109090909090908099e+04;-6.318699193357949276e-05;-2.679372356453145064e-04
7.500000000000000000e+03;6.113986013986013859e+04;-1.758653152420591660e-04;-2.116692744571580594e-04
7.500000000000000000e+03;6.118881118881117436e+04;-2.516545453065791070e-04;-1.105840807089273177e-04
7.500000000000000000e+03;6.123776223776223196e+04;-2.749442879928625243e-04;1.214504101637386541e-05
7.500000000000000000e+03;6.128671328671327501e+04;-2.411825720954375067e-04;1.343208268729571505e-04
7.500000000000000000e+03;6.133566433566432534e+04;-1.563798554195944810e-04;2.261111433200518753e-04
7.500000000000000000e+03;6.138461538461536838e+04;-3.994669660304069948e-05;2.730102476336344810e-04
7.500000000000000000e+03;6.143356643356643326e+04;8.586010271058039172e-05;2.607822790191940184e-04
7.500000000000000000e+03;6.148251748251746903e+04;1.926888899596118328e-04;1.960308259593888610e-04
7.500000000000000000e+03;6.153146853146851208e+04;2.603280584832209162e-04;8.891852669865653617e-05
7.500000000000000000e+03;6.158041958041956968e+04;2.724698982023457893e-04;-3.599913751070745008e-05
7.500000000000000000e+03;6.162937062937062728e+04;2.288305115785628128e-04;-1.531887730453521622e-04
7.500000000000000000e+03;6.167832167832166306e+04;1.364744633598835382e-04;-2.391036869243882523e-04
7.500000000000000000e+03;6.172727272727271338e+04;1.635537156133564591e-05;-2.740374825219896822e-04
7.500000000000000000e+03;6.177622377622377098e+04;-1.074811871150576975e-04;-2.527252786950281863e-04
7.500000000000000000e+03;6.182517482517480676e+04;-2.088632130595285388e-04;-1.772477069229415770e-04
7.500000000000000000e+03;6.187412587412586436e+04;-2.656433538749145918e-04;-6.664937239660169270e-05
7.500000000000000000e+03;6.192307692307690741e+04;-2.683413995124313408e-04;6.002199503528027271e-05
7.500000000000000000e+03;6.197202797202797228e+04;-2.130257672306579261e-04;1.721854824836410312e-04
7.500000000000000000e+03;6.202097902097900806e+04;-1.146789469941922942e-04;2.491906175551335408e-04
7.500000000000000000e+03;6.206993006993006566e+04;8.856510833754302795e-06;2.738928238487919474e-04
7.500000000000000000e+03;6.211888111888110870e+04;1.290924120260270697e-04;2.407476693554745889e-04
7.500000000000000000e+03;6.216783216783215175e+04;2.240972439995236626e-04;1.578768885363444267e-04
7.500000000000000000e+03;6.221678321678319480e+04;2.699630456427587412e-04;4.095974074996623388e-05
7.500000000000000000e+03;6.226573426573425240e+04;2.604726161525471517e-04;-8.295358549712359309e-05
7.500000000000000000e+03;6.231468531468528818e+04;1.963093001639866909e-04;-1.913221738789433436e-04
7.500000000000000000e+03;6.236363636363634578e+04;8.992868975560488348e-05;-2.573262378763810235e-04
7.500000000000000000e+03;6.241258741258738883e+04;-3.399440622269252150e-05;-2.712621396974381665e-04
7.500000000000000000e+03;6.246153846153844643e+04;-1.520258559830165324e-04;-2.264709754909315672e-04
7.500000000000000000e+03;6.251048951048948948e+04;-2.363835290274054633e-04;-1.354236589566845141e-04
7.500000000000000000e+03;6.255944055944054708e+04;-2.733820319669721119e-04;-1.530321142993252412e-05
7.500000000000000000e+03;6.260839160839160468e+04;-2.498990698609981583e-04;1.081557959726392243e-04
7.500000000000000000e+03;6.265734265734264045e+04;-1.768323292869961928e-04;2.077314933988127534e-04
7.500000000000000000e+03;6.270629370629369078e+04;-6.375547771092435472e-05;2.653408344340530810e-04
7.500000000000000000e+03;6.275524475524474838e+04;6.013170917507365684e-05;2.647433287674364074e-04
7.500000000000000000e+03;6.280419580419578415e+04;1.735945835396482753e-04;2.111046898307126704e-04
7.500000000000000000e+03;6.285314685314684175e+04;2.489082404972850601e-04;1.101815384182994276e-04
7.500000000000000000e+03;6.290209790209788480e+04;2.723245010941519615e-04;-1.096277609724483773e-05
7.500000000000000000e+03;6.295104895104892785e+04;2.383517771318787956e-04;-1.325957687915498982e-04
7.500000000000000000e+03;6.299999999999998545e+04;1.539368135452846311e-04;-2.232692745070976421e-04
7.500000000000000000e+03;6.304895104895102850e+04;3.737374108671477076e-05;-2.693405015557745258e-04
7.500000000000000000e+03;6.309790209790207882e+04;-8.807387250333472664e-05;-2.567123825032455804e-04
7.500000000000000000e+03;6.314685314685312915e+04;-1.929235000138879153e-04;-1.903486403319329726e-04
7.500000000000000000e+03;6.319580419580418675e+04;-2.593012934502382061e-04;-8.440100281371096854e-05
7.500000000000000000e+03;6.324475524475522980e+04;-2.692345303875216941e-04;4.048626095054336466e-05
7.500000000000000000e+03;6.329370629370628012e+04;-2.230065330200693924e-04;1.556291211719207878e-04
7.500000000000000000e+03;6.334265734265733772e+04;-1.291848970111284770e-04;2.391119250931031631e-04
7.500000000000000000e+03;6.339160839160837349e+04;-8.918414920978197632e-06;2.700501036472884291e-04
7.500000000000000000e+03;6.344055944055942382e+04;1.139873319212482227e-04;2.462846693678492774e-04
7.500000000000000000e+03;6.348951048951046687e+04;2.127003759404790710e-04;1.679587585269696765e-04
7.500000000000000000e+03;6.353846153846152447e+04;2.650017233693463081e-04;5.572170141145751785e-05
7.500000000000000000e+03;6.358741258741256024e+04;2.629453318812939827e-04;-6.925096807757817282e-05
7.500000000000000000e+03;6.363636363636361784e+04;2.034890311613821254e-04;-1.789101270995742258e-04
7.500000000000000000e+03;6.368531468531466817e+04;1.019008007431535841e-04;-2.508730420725792886e-04
7.500000000000000000e+03;6.373426573426572577e+04;-2.206912200266126437e-05;-2.702104351965552284e-04
7.500000000000000000e+03;6.378321678321677609e+04;-1.406470550217972959e-04;-2.304638022906297702e-04
7.500000000000000000e+03;6.383216783216781914e+04;-2.297176702250754946e-04;-1.440693851243180217e-04
7.500000000000000000e+03;6.388111888111886219e+04;-2.699625463981567561e-04;-2.531204863257002129e-05
7.500000000000000000e+03;6.393006993006991979e+04;-2.522977218290016412e-04;9.761585436118721789e-05
7.500000000000000000e+03;6.397902097902096284e+04;-1.820010924816547614e-04;2.008500875677733210e-04
7.500000000000000000e+03;6.402797202797202044e+04;-7.087771824015732364e-05;2.596941180758350633e-04
7.500000000000000000e+03;6.407692307692305621e+04;5.195167557588899090e-05;2.647143357313332373e-04
7.500000000000000000e+03;6.412587412587410654e+04;1.676878731502771469e-04;2.131203718285433165e-04
7.500000000000000000e+03;6.417482517482516414e+04;2.443031918138828334e-04;1.148006849424616609e-04
7.500000000000000000e+03;6.422377622377619991e+04;2.709893685463020548e-04;-5.775079676106321644e-06
7.500000000000000000e+03;6.427272727272725751e+04;2.381264681821428108e-04;-1.271805536204896061e-04
7.500000000000000000e+03;6.432167832167831511e+04;1.568634109718758667e-04;-2.190904672152647588e-04
7.500000000000000000e+03;6.437062937062935816e+04;3.916167282084471958e-05;-2.672414012287807616e-04
7.500000000000000000e+03;6.441958041958040121e+04;-8.480326190997467299e-05;-2.544041414789054265e-04
7.500000000000000000e+03;6.446853146853144426e+04;-1.905616233015771342e-04;-1.905833288488423098e-04
7.500000000000000000e+03;6.451748251748250186e+04;-2.573734969878476624e-04;-8.391827524687575266e-05
7.500000000000000000e+03;6.456643356643356674e+04;-2.669101050188068874e-04;3.979951456163288232e-05
7.500000000000000000e+03;6.461538461538460251e+04;-2.211347413319683880e-04;1.558528020095021293e-04
7.500000000000000000e+03;6.466433566433566011e+04;-1.260124606293208996e-04;2.376581162368572098e-04
7.500000000000000000e+03;6.471328671328670316e+04;-6.933531053057645327e-06;2.685753443171563933e-04
7.500000000000000000e+03;6.476223776223773893e+04;1.174233965132681596e-04;2.440412627684845600e-04
7.500000000000000000e+03;6.481118881118879654e+04;2.130475164118842920e-04;1.633951905926930392e-04
7.500000000000000000e+03;6.486013986013984686e+04;2.654739014250523431e-04;5.214677216279649030e-05
7.500000000000000000e+03;6.490909090909089718e+04;2.591197006273466500e-04;-7.412130122046215158e-05
7.500000000000000000e+03;6.495804195804195479e+04;1.987428319992611415e-04;-1.808551055615870346e-04
7.500000000000000000e+03;6.500699300699299783e+04;9.433870211708475853e-05;-2.522890755117105418e-04
7.500000000000000000e+03;6.505594405594404088e+04;-2.967973436276702954e-05;-2.657434259642399346e-04
7.500000000000000000e+03;6.510489510489509848e+04;-1.468605370012309038e-04;-2.252584927655562413e-04
7.500000000000000000e+03;6.515384615384615608e+04;-2.335259759547485465e-04;-1.337701826000593016e-04
7.500000000000000000e+03;6.520279720279719913e+04;-2.681176272033224356e-04;-1.525186922649832515e-05
7.500000000000000000e+03;6.525174825174824946e+04;-2.471289399993400267e-04;1.073450049207547857e-04
7.500000000000000000e+03;6.530069930069929251e+04;-1.705188595278601916e-04;2.073370981579606386e-04
7.500000000000000000e+03;6.534965034965034283e+04;-5.871512911712932427e-05;2.607856839676511024e-04
7.500000000000000000e+03;6.539860139860137861e+04;6.615937234201209598e-05;2.599679225976971866e-04
7.500000000000000000e+03;6.544755244755243621e+04;1.766922636212128262e-04;2.017519335316112123e-04
7.500000000000000000e+03;6.549650349650347925e+04;2.498972580141087317e-04;1.006859920999045370e-04
7.500000000000000000e+03;6.554545454545454413e+04;2.673802690554252966e-04;-2.338540390999766278e-05
7.500000000000000000e+03;6.559440559440558718e+04;2.278879459927735313e-04;-1.403820728514853546e-04
7.500000000000000000e+03;6.564335664335663023e+04;1.405990578805093997e-04;-2.283029566060563824e-04
7.500000000000000000e+03;6.569230769230768783e+04;1.971893675803198051e-05;-2.676622659725772955e-04
7.500000000000000000e+03;6.574125874125873088e+04;-1.026712942978444425e-04;-2.462332794319295253e-04
7.500000000000000000e+03;6.579020979020977393e+04;-2.035619712144523920e-04;-1.742370186081383242e-04
7.500000000000000000e+03;6.583916083916083153e+04;-2.603008552407995511e-04;-6.279171372651947065e-05
7.500000000000000000e+03;6.588811188811188913e+04;-2.611544753573354582e-04;6.073918834592311584e-05
7.500000000000000000e+03;6.593706293706293218e+04;-2.036415214120954498e-04;1.740813765404482108e-04
7.500000000000000000e+03;6.598601398601397523e+04;-1.029794099015415740e-04;2.452086359819383513e-04
7.500000000000000000e+03;6.603496503496503283e+04;1.983400302338627987e-05;2.667112352491448593e-04
7.500000000000000000e+03;6.608391608391607588e+04;1.391120870197612891e-04;2.287872189101336625e-04
7.500000000000000000e+03;6.613286713286713348e+04;2.278504939829347528e-04;1.407061987054046331e-04
7.500000000000000000e+03;6.618181818181817653e+04;2.669374624414870361e-04;2.277871017816038694e-05
7.500000000000000000e+03;6.623076923076923413e+04;2.466792251082976987e-04;-1.010682780539870094e-04
7.500000000000000000e+03;6.627972027972027718e+04;1.750031597231185658e-04;-2.005219967511174888e-04
7.500000000000000000e+03;6.632867132867132023e+04;6.322834056655455659e-05;-2.601765575507344603e-04
7.500000000000000000e+03;6.637762237762237783e+04;-6.254490082735032557e-05;-2.585389404555761507e-04
7.500000000000000000e+03;6.642657342657343543e+04;-1.728726251221646658e-04;-2.040668548305681008e-04
7.500000000000000000e+03;6.647552447552446392e+04;-2.468069707300837401e-04;-1.015668881239939128e-04
7.500000000000000000e+03;6.652447552447552152e+04;-2.664732397233594168e-04;1.875336919152402332e-05
7.500000000000000000e+03;6.657342657342656457e+04;-2.280604578978717278e-04;1.399795356611946364e-04
7.500000000000000000e+03;6.662237762237762217e+04;-1.382745856876167300e-04;2.272930505188387534e-04
7.500000000000000000e+03;6.667132867132866522e+04;-2.046663266182144371e-05;2.644607813989584494e-04
7.500000000000000000e+03;6.672027972027970827e+04;1.036627832324561711e-04;2.465590068798671004e-04
7.500000000000000000e+03;6.676923076923075132e+04;2.036403127661616790e-04;1.712766900737025175e-04
7.500000000000000000e+03;6.681818181818180892e+04;2.604301561133861328e-04;6.126128229442856423e-05
7.500000000000000000e+03;6.686713286713286652e+04;2.582607925547920425e-04;-6.621215886980425696e-05
7.500000000000000000e+03;6.691608391608390957e+04;1.995065049170977533e-04;-1.728472840217089095e-04
7.500000000000000000e+03;6.696503496503495262e+04;9.907936084577801306e-05;-2.490287770733242410e-04
7.500000000000000000e+03;6.701398601398601022e+04;-2.667425354999223609e-05;-2.632878051355195224e-04
7.500000000000000000e+03;6.706293706293705327e+04;-1.438525215052342376e-04;-2.258234735044774310e-04
7.500000000000000000e+03;6.711188811188811087e+04;-2.308907037507203848e-04;-1.322486051650936399e-04
7.500000000000000000e+03;6.716083916083915392e+04;-2.646450284653561417e-04;-1.545829240367990271e-05
7.500000000000000000e+03;6.720979020979021152e+04;-2.442166620735791824e-04;1.082147049437792312e-04
7.500000000000000000e+03;6.725874125874125457e+04;-1.648758135244567937e-04;2.082135086872471442e-04
7.500000000000000000e+03;6.730769230769231217e+04;-5.278061312663497945e-05;2.598618543079668280e-04
7.500000000000000000e+03;6.735664335664335522e+04;7.335948153018974566e-05;2.559284169542669503e-04
7.500000000000000000e+03;6.740559440559441282e+04;1.807304237792888002e-04;1.937706545108271649e-04
7.500000000000000000e+03;6.745454545454544132e+04;2.507321768642901245e-04;9.258046739983069693e-05
7.500000000000000000e+03;6.750349650349649892e+04;2.643853757277447717e-04;-3.652766328580569246e-05
7.500000000000000000e+03;6.755244755244755652e+04;2.169277286516830769e-04;-1.488191051220173592e-04
7.500000000000000000e+03;6.760139860139859957e+04;1.250418053292537478e-04;-2.347488996364926713e-04
7.500000000000000000e+03;6.765034965034964262e+04;3.490847855205457743e-06;-2.637151496036893865e-04
7.500000000000000000e+03;6.769930069930068566e+04;-1.186925196192136725e-04;-2.392437418189558853e-04
7.500000000000000000e+03;6.774825174825172871e+04;-2.160492569468979536e-04;-1.550120945299587297e-04
7.500000000000000000e+03;6.779720279720278631e+04;-2.600666499979738884e-04;-4.100831438278767024e-05
7.500000000000000000e+03;6.784615384615384392e+04;-2.526228542861480965e-04;8.264286298279736387e-05
7.500000000000000000e+03;6.789510489510490152e+04;-1.849404504108072039e-04;1.903541539110102123e-04
7.500000000000000000e+03;6.794405594405594456e+04;-7.670937873473694538e-05;2.541959851157060517e-04
7.500000000000000000e+03;6.799300699300698761e+04;4.925179888715694828e-05;2.607391850327123086e-04
7.500000000000000000e+03;6.804195804195803066e+04;1.616901940435826396e-04;2.083223613365820903e-04
7.500000000000000000e+03;6.809090909090908826e+04;2.403988471895574235e-04;1.142228664931909516e-04
7.500000000000000000e+03;6.813986013986014586e+04;2.656696388319125610e-04;-1.265553226667701411e-05
7.500000000000000000e+03;6.818881118881118891e+04;2.288849574390801388e-04;-1.313517832482885301e-04
7.500000000000000000e+03;6.823776223776223196e+04;1.420234975331403568e-04;-2.228593260806465901e-04
7.500000000000000000e+03;6.828671328671328956e+04;2.437066729808528355e-05;-2.620950522875877832e-04
7.500000000000000000e+03;6.833566433566433261e+04;-9.947293797152655201e-05;-2.470411498479027309e-04
7.500000000000000000e+03;6.838461538461537566e+04;-2.033402208898737356e-04;-1.714386148547639664e-04
7.500000000000000000e+03;6.843356643356643326e+04;-2.580769856551055896e-04;-5.944592861917977265e-05
7.500000000000000000e+03;6.848251748251749086e+04;-2.556752594376932464e-04;6.564043226740772896e-05
7.500000000000000000e+03;6.853146853146853391e+04;-1.981448769465576942e-04;1.750418575314354754e-04
7.500000000000000000e+03;6.858041958041957696e+04;-9.413909080067589855e-05;2.490999865090401692e-04
7.500000000000000000e+03;6.862937062937062001e+04;3.197401350593121209e-05;2.620147904099070428e-04
7.500000000000000000e+03;6.867832167832167761e+04;1.487596126725311335e-04;2.185014835138236115e-04
7.500000000000000000e+03;6.872727272727270611e+04;2.313376645041404856e-04;1.245405583730351971e-04
7.500000000000000000e+03;6.877622377622377826e+04;2.640230437381770913e-04;4.781895018093436460e-06
7.500000000000000000e+03;6.882517482517482131e+04;2.360126730887811795e-04;-1.208408040530705048e-04
7.500000000000000000e+03;6.887412587412586436e+04;1.515836300786880652e-04;-2.139602673565002111e-04
7.500000000000000000e+03;6.892307692307692196e+04;3.697024784406423477e-05;-2.629223940544987898e-04
7.500000000000000000e+03;6.897202797202797956e+04;-8.881291484181649452e-05;-2.473714058931119546e-04
7.500000000000000000e+03;6.902097902097902261e+04;-1.926408815221207602e-04;-1.823916466377636350e-04
7.500000000000000000e+03;6.906993006993006566e+04;-2.565574962692455637e-04;-6.976596958318375394e-05
7.500000000000000000e+03;6.911888111888110870e+04;-2.558383681947348862e-04;5.663297229778099350e-05
7.500000000000000000e+03;6.916783216783216631e+04;-2.033638822681471008e-04;1.682862720704677119e-04
7.500000000000000000e+03;6.921678321678322391e+04;-9.918964053908042367e-05;2.430907440693783820e-04
7.500000000000000000e+03;6.926573426573426696e+04;2.154514026724182647e-05;2.642208581399469207e-04
7.500000000000000000e+03;6.931468531468533911e+04;1.458466105742782970e-04;2.223829812604287599e-04
7.500000000000000000e+03;6.936363636363635305e+04;2.284198969062518469e-04;1.291075330228357444e-04
7.500000000000000000e+03;6.941258741258741065e+04;2.631512426008530232e-04;1.044710159510624277e-05
7.500000000000000000e+03;6.946153846153846825e+04;2.370915964093889001e-04;-1.153842271986858683e-04
7.500000000000000000e+03;6.951048951048948220e+04;1.580406250551397249e-04;-2.113239881101076749e-04
7.500000000000000000e+03;6.955944055944056890e+04;3.743618095002612726e-05;-2.632827003754701213e-04
7.500000000000000000e+03;6.960839160839159740e+04;-8.571915300929804559e-05;-2.486734021773745560e-04
7.500000000000000000e+03;6.965734265734265500e+04;-1.905174065995054674e-04;-1.822047546226618223e-04
7.500000000000000000e+03;6.970629370629368350e+04;-2.554317879316373363e-04;-7.401543890714875945e-05
7.500000000000000000e+03;6.975524475524475565e+04;-2.588813215154844600e-04;5.518836405003302650e-05
7.500000000000000000e+03;6.980419580419581325e+04;-2.007605722165976955e-04;1.693821695804852189e-04
7.500000000000000000e+03;6.985314685314684175e+04;-1.003459715242226586e-04;2.391763874993968161e-04
7.500000000000000000e+03;6.990209790209791390e+04;2.311959045592660439e-05;2.618773393503059260e-04
7.500000000000000000e+03;6.995104895104894240e+04;1.438132066211680242e-04;2.224881075751715506e-04
7.500000000000000000e+03;7.000000000000000000e+04;2.331984398778309093e-04;1.259163541883861180e-04
7.500000000000000000e+03;7.004895104895105760e+04;2.628978189024942097e-04;7.733010673375129271e-06
7.500000000000000000e+03;7.009790209790208610e+04;2.358627839220608230e-04;-1.179095775320901298e-04
7.500000000000000000e+03;7.014685314685317280e+04;1.517943329905816049e-04;-2.150543714797390914e-04
7.500000000000000000e+03;7.019580419580418675e+04;3.809527171563697654e-05;-2.616121538793187264e-04
7.500000000000000000e+03;7.024475524475524435e+04;-8.983847897141968508e-05;-2.460651808825264691e-04
7.500000000000000000e+03;7.029370629370628740e+04;-1.958139535153003851e-04;-1.803011263524112613e-04
7.500000000000000000e+03;7.034265734265733045e+04;-2.556677903284124728e-04;-6.364494330041381648e-05
7.500000000000000000e+03;7.039160839160838805e+04;-2.549700793500530921e-04;6.276245819700652039e-05
7.500000000000000000e+03;7.044055944055943110e+04;-1.981210378534667763e-04;1.739723105996024552e-04
7.500000000000000000e+03;7.048951048951044504e+04;-9.199424598895094315e-05;2.462250244402699930e-04
7.500000000000000000e+03;7.053846153846154630e+04;3.539484661907018530e-05;2.625139778351976588e-04
7.500000000000000000e+03;7.058741258741257479e+04;1.518277816038561491e-04;2.132264805291079676e-04
7.500000000000000000e+03;7.063636363636363239e+04;2.351822086274841703e-04;1.194045845118930129e-04
7.500000000000000000e+03;7.068531468531469000e+04;2.638140571883686430e-04;-6.901533937747332598e-06
7.500000000000000000e+03;7.073426573426573304e+04;2.286806227842676914e-04;-1.286189729298065651e-04
7.500000000000000000e+03;7.078321678321679065e+04;1.409185042523628960e-04;-2.211326370531208367e-04
7.500000000000000000e+03;7.083216783216780459e+04;2.151288008834520836e-05;-2.625039542733938430e-04
7.500000000000000000e+03;7.088111888111889130e+04;-1.058531171425951349e-04;-2.418970699022015452e-04
7.500000000000000000e+03;7.093006993006993434e+04;-2.061487404418699189e-04;-1.630486740298653977e-04
7.500000000000000000e+03;7.097902097902097739e+04;-2.594877690786006404e-04;-4.873158446545420208e-05
7.500000000000000000e+03;7.102797202797203499e+04;-2.510544691724420660e-04;7.907917748594803697e-05
7.500000000000000000e+03;7.107692307692310715e+04;-1.838966730633714917e-04;1.891207012993979537e-04
7.500000000000000000e+03;7.112587412587415020e+04;-7.330969856607407191e-05;2.513977591745227176e-04
7.500000000000000000e+03;7.117482517482517869e+04;5.395529919749859183e-05;2.579169282708301727e-04
7.500000000000000000e+03;7.122377622377622174e+04;1.706036488840437389e-04;2.011499751498695393e-04
7.500000000000000000e+03;7.127272727272727934e+04;2.439920110703968552e-04;9.841196533932579978e-05
7.500000000000000000e+03;7.132167832167832239e+04;2.617377280165403405e-04;-2.959664492361613780e-05
7.500000000000000000e+03;7.137062937062937999e+04;2.178673434650169050e-04;-1.481082753471418551e-04
7.500000000000000000e+03;7.141958041958042304e+04;1.205813050446093669e-04;-2.344290110334095118e-04
7.500000000000000000e+03;7.146853146853150974e+04;-4.100338950596802889e-06;-2.621681040441295549e-04
7.500000000000000000e+03;7.151748251748252369e+04;-1.273811316021124056e-04;-2.313276323706127185e-04
7.500000000000000000e+03;7.156643356643356674e+04;-2.216181092732995338e-04;-1.416817534159691533e-04
7.500000000000000000e+03;7.161538461538462434e+04;-2.625931486009276086e-04;-2.136075444763934993e-05
7.500000000000000000e+03;7.166433566433566739e+04;-2.407999268035807222e-04;1.053711996521435772e-04
7.500000000000000000e+03;7.171328671328671044e+04;-1.620771759167443878e-04;2.066030165857970808e-04
7.500000000000000000e+03;7.176223776223778259e+04;-4.448890290896912022e-05;2.594937051031300890e-04
7.500000000000000000e+03;7.181118881118878198e+04;8.347475776676384102e-05;2.482210032440220968e-04
7.500000000000000000e+03;7.186013986013986869e+04;1.917180732583406472e-04;1.801165484570655653e-04
7.500000000000000000e+03;7.190909090909091174e+04;2.544989204977634906e-04;6.726347132010063342e-05
7.500000000000000000e+03;7.195804195804195479e+04;2.548465805425852832e-04;-6.133977610361648956e-05
7.500000000000000000e+03;7.200699300699301239e+04;1.958717939450508119e-04;-1.752101844274118710e-04
7.500000000000000000e+03;7.205594405594408454e+04;8.899131274753114911e-05;-2.468756483351725733e-04
7.500000000000000000e+03;7.210489510489512759e+04;-3.970535718417651647e-05;-2.599557228152693631e-04
7.500000000000000000e+03;7.215384615384615608e+04;-1.580863125824638637e-04;-2.094886562933021175e-04
7.500000000000000000e+03;7.220279720279719913e+04;-2.385574664441703974e-04;-1.098111511311368574e-04
7.500000000000000000e+03;7.225174825174827129e+04;-2.621567746040270679e-04;1.744078652026951929e-05
7.500000000000000000e+03;7.230069930069931434e+04;-2.220602252900088147e-04;1.399904354640997225e-04
7.500000000000000000e+03;7.234965034965037194e+04;-1.277676593285633833e-04;2.286410330740846445e-04
7.500000000000000000e+03;7.239860139860141499e+04;-4.308254824282502777e-06;2.623952356887859359e-04
7.500000000000000000e+03;7.244755244755248714e+04;1.228236510173601507e-04;2.327922876015203746e-04
7.500000000000000000e+03;7.249650349650351563e+04;2.175017708898423479e-04;1.462130779026823426e-04
7.500000000000000000e+03;7.254545454545455868e+04;2.617956007135154397e-04;2.461747964675945255e-05
7.500000000000000000e+03;7.259440559440561628e+04;2.409155314262833160e-04;-1.026955672610923930e-04
7.500000000000000000e+03;7.264335664335665933e+04;1.629932170521775309e-04;-2.061268999495150271e-04
7.500000000000000000e+03;7.269230769230770238e+04;4.318673879631725103e-05;-2.582142192348364394e-04
7.500000000000000000e+03;7.274125874125875998e+04;-8.403650993690089878e-05;-2.485057087984562279e-04
7.500000000000000000e+03;7.279020979020977393e+04;-1.940968793460099004e-04;-1.776295423292951364e-04
7.500000000000000000e+03;7.283916083916084608e+04;-2.548081407563380940e-04;-6.359688726612853496e-05
7.500000000000000000e+03;7.288811188811188913e+04;-2.539171181551952514e-04;6.589868453369205758e-05
7.500000000000000000e+03;7.293706293706294673e+04;-1.910557783328464766e-04;1.792861655041599282e-04
7.500000000000000000e+03;7.298601398601400433e+04;-8.180554686770051781e-05;2.492077490447998063e-04
7.500000000000000000e+03;7.303496503496506193e+04;4.842569899135296943e-05;2.576689456477742387e-04
7.500000000000000000e+03;7.308391608391610498e+04;1.660558717623515645e-04;2.024580213657543859e-04
7.500000000000000000e+03;7.313286713286713348e+04;2.429629140357521114e-04;9.925720775025139787e-05
7.500000000000000000e+03;7.318181818181817653e+04;2.609058954106844783e-04;-3.090073615952764987e-05
7.500000000000000000e+03;7.323076923076923413e+04;2.137198334916629136e-04;-1.514993824621698251e-04
7.500000000000000000e+03;7.327972027972029173e+04;1.147725102331876825e-04;-2.360918030033545790e-04
7.500000000000000000e+03;7.332867132867133478e+04;-1.317279179483131539e-05;-2.614501487459462096e-04
7.500000000000000000e+03;7.337762237762239238e+04;-1.375727420528078488e-04;-2.241505649966412696e-04
7.500000000000000000e+03;7.342657342657343543e+04;-2.281036693944539105e-04;-1.290435444824313818e-04
7.500000000000000000e+03;7.347552447552447848e+04;-2.622944182062836695e-04;-4.009498215812238832e-06
7.500000000000000000e+03;7.352447552447553608e+04;-2.318050891079926257e-04;1.230443564132311729e-04
7.500000000000000000e+03;7.357342657342657913e+04;-1.434590281068361096e-04;2.195030362106022408e-04
7.500000000000000000e+03;7.362237762237763673e+04;-1.985210922522307286e-05;2.616073115835796476e-04
7.500000000000000000e+03;7.367132867132867977e+04;1.088204225584600023e-04;2.387164517029880656e-04
7.500000000000000000e+03;7.372027972027973738e+04;2.103818093640697059e-04;1.561027309912136089e-04
7.500000000000000000e+03;7.376923076923073677e+04;2.599247700718546722e-04;3.574167273895453194e-05
7.500000000000000000e+03;7.381818181818182347e+04;2.442282920107664043e-04;-9.535707587640067774e-05
7.500000000000000000e+03;7.386713286713288107e+04;1.680003069381290110e-04;-2.007343443340442078e-04
7.500000000000000000e+03;7.391608391608392412e+04;4.935693191022650419e-05;-2.580315142858745575e-04
7.500000000000000000e+03;7.396503496503496717e+04;-8.092253195837027953e-05;-2.490139148900522492e-04
7.500000000000000000e+03;7.401398601398603932e+04;-1.923234214092097143e-04;-1.793247493158279117e-04
7.500000000000000000e+03;7.406293706293708237e+04;-2.541530683092460270e-04;-6.319881203546468158e-05
7.500000000000000000e+03;7.411188811188811087e+04;-2.534550269625624234e-04;6.727202344353716654e-05
7.500000000000000000e+03;7.416083916083918302e+04;-1.883897859314039567e-04;1.827565843246980396e-04
7.500000000000000000e+03;7.420979020979024062e+04;-7.653262290598959803e-05;2.505963693939478412e-04
7.500000000000000000e+03;7.425874125874128367e+04;5.513968162062469081e-05;2.564861813201603264e-04
7.500000000000000000e+03;7.430769230769232672e+04;1.725376274047802066e-04;1.977609259109340285e-04
7.500000000000000000e+03;7.435664335664336977e+04;2.468246222422310824e-04;8.860576854421604322e-05
7.500000000000000000e+03;7.440559440559445648e+04;2.583545992294673972e-04;-4.273015866714413336e-05
7.500000000000000000e+03;7.445454545454547042e+04;2.050141114373069454e-04;-1.629365546097125660e-04
7.500000000000000000e+03;7.450349650349652802e+04;9.986138478248134760e-05;-2.425665318222043523e-04
7.500000000000000000e+03;7.455244755244757107e+04;-3.170281972513546283e-05;-2.606694279875513176e-04
7.500000000000000000e+03;7.460139860139861412e+04;-1.538496594893473115e-04;-2.121172243381854545e-04
7.500000000000000000e+03;7.465034965034965717e+04;-2.378188731612332232e-04;-1.105925997183911867e-04
7.500000000000000000e+03;7.469930069930071477e+04;-2.617565766401997070e-04;2.005184801591166434e-05
7.500000000000000000e+03;7.474825174825177237e+04;-2.182798463700243467e-04;1.449713108789491619e-04
7.500000000000000000e+03;7.479720279720281542e+04;-1.193630035454754524e-04;2.335723135066213312e-04
7.500000000000000000e+03;7.484615384615387302e+04;9.486865719191919471e-06;2.624450116142424305e-04
7.500000000000000000e+03;7.489510489510491607e+04;1.364195042561501374e-04;2.246978410436306476e-04
7.500000000000000000e+03;7.494405594405598822e+04;2.292082693295175420e-04;1.287483920415971378e-04
7.500000000000000000e+03;7.499300699300701672e+04;2.619031017795772956e-04;1.422088266835349300e-06
7.500000000000000000e+03;7.504195804195807432e+04;2.290860288328114725e-04;-1.283716150067471429e-04
7.500000000000000000e+03;7.509090909090908826e+04;1.363084807497680351e-04;-2.234265629516442970e-04
7.500000000000000000e+03;7.513986013986018952e+04;9.541687958038844292e-06;-2.624303799569685232e-04
7.500000000000000000e+03;7.518881118881123257e+04;-1.210855226705896670e-04;-2.331860727832378241e-04
7.500000000000000000e+03;7.523776223776229017e+04;-2.194756333494098186e-04;-1.448992525435582597e-04
7.500000000000000000e+03;7.528671328671333322e+04;-2.620852715850956758e-04;-1.796324950986325124e-05
7.500000000000000000e+03;7.533566433566439082e+04;-2.371032799485806844e-04;1.122363453170812861e-04
7.500000000000000000e+03;7.538461538461543387e+04;-1.509795957884875071e-04;2.144048388877270678e-04
7.500000000000000000e+03;7.543356643356646236e+04;-2.566335003218904315e-05;2.610035015764852555e-04
7.500000000000000000e+03;7.548251748251750541e+04;1.064656967159441922e-04;2.393861407858912066e-04
7.500000000000000000e+03;7.553146853146857757e+04;2.099316064934853227e-04;1.569795533438218967e-04
7.500000000000000000e+03;7.558041958041963517e+04;2.609992484921827083e-04;3.185988618160339435e-05
7.500000000000000000e+03;7.562937062937067822e+04;2.420075643534681212e-04;-9.913781574129755926e-05
7.500000000000000000e+03;7.567832167832172127e+04;1.619414406519354051e-04;-2.074544864061066997e-04
7.500000000000000000e+03;7.572727272727280797e+04;3.812193514643130943e-05;-2.585801115976308294e-04
7.500000000000000000e+03;7.577622377622382191e+04;-9.406645477210001378e-05;-2.457400490246913587e-04
7.500000000000000000e+03;7.582517482517487952e+04;-2.038527250925028578e-04;-1.652843862293513154e-04
7.500000000000000000e+03;7.587412587412592256e+04;-2.582792042300985835e-04;-4.536937970253704340e-05
7.500000000000000000e+03;7.592307692307698017e+04;-2.469252004744104537e-04;9.036102624457695743e-05
7.500000000000000000e+03;7.597202797202803777e+04;-1.699771070214468015e-04;1.988754341119083359e-04
7.500000000000000000e+03;7.602097902097908081e+04;-4.857129951135758249e-05;2.580093238722119429e-04
7.500000000000000000e+03;7.606993006993016752e+04;8.551879194275122163e-05;2.479131105613646387e-04
7.500000000000000000e+03;7.611888111888118146e+04;1.974042993439652064e-04;1.730929176693781651e-04
7.500000000000000000e+03;7.616783216783223907e+04;2.573790999670432325e-04;5.292823243934138020e-05
7.500000000000000000e+03;7.621678321678328211e+04;2.501431684863868773e-04;-8.216942335903472438e-05
7.500000000000000000e+03;7.626573426573433971e+04;1.757760882970658587e-04;-1.939831983127904811e-04
7.500000000000000000e+03;7.631468531468539732e+04;5.686992374599035175e-05;-2.573417888752343573e-04
7.500000000000000000e+03;7.636363636363644036e+04;-7.877767748307553438e-05;-2.491859635039876068e-04
7.500000000000000000e+03;7.641258741258749797e+04;-1.926837733161600749e-04;-1.792078742397935345e-04
7.500000000000000000e+03;7.646153846153854101e+04;-2.557102361359954988e-04;-5.705978304819706129e-05
7.500000000000000000e+03;7.651048951048958406e+04;-2.508073305004388919e-04;7.529884973059068306e-05
7.500000000000000000e+03;7.655944055944064166e+04;-1.796956189015063853e-04;1.927283096588537907e-04
7.500000000000000000e+03;7.660839160839168471e+04;-6.030532936793415750e-05;2.547726706085709047e-04
7.500000000000000000e+03;7.665734265734274231e+04;7.562577653490854110e-05;2.521475752529672059e-04
7.500000000000000000e+03;7.670629370629378536e+04;1.899768333915335028e-04;1.800179443661805594e-04
7.500000000000000000e+03;7.675524475524484296e+04;2.557465259858407664e-04;6.188382690228709829e-05
7.500000000000000000e+03;7.680419580419585691e+04;2.513602423897921085e-04;-7.457155261663891976e-05
7.500000000000000000e+03;7.685314685314694361e+04;1.812252527374426554e-04;-1.906326595806655711e-04
7.500000000000000000e+03;7.690209790209798666e+04;6.080052551919939914e-05;-2.542223790600081743e-04
7.500000000000000000e+03;7.695104895104902971e+04;-7.390449361359239947e-05;-2.527467278146082593e-04
7.500000000000000000e+03;7.700000000000008731e+04;-1.910414857074323658e-04;-1.797679740082606308e-04
7.500000000000000000e+03;7.704895104895115946e+04;-2.554349101538097079e-04;-6.177516280134584721e-05
7.500000000000000000e+03;7.709790209790217341e+04;-2.517036094567037308e-04;7.649587555604559874e-05
7.500000000000000000e+03;7.714685314685323101e+04;-1.801329569343277065e-04;1.898070226476013310e-04
7.500000000000000000e+03;7.719580419580427406e+04;-5.978507154779036793e-05;2.573473089366112659e-04
7.500000000000000000e+03;7.724475524475533166e+04;7.638903597051197275e-05;2.502183663102820971e-04
7.500000000000000000e+03;7.729370629370637471e+04;1.931131424038412341e-04;1.793989753484326809e-04
7.500000000000000000e+03;7.734265734265743231e+04;2.556036241829528544e-04;5.727281737415657536e-05
7.500000000000000000e+03;7.739160839160848991e+04;2.515276440549409770e-04;-7.852782101486830270e-05
7.500000000000000000e+03;7.744055944055953296e+04;1.762225170976946544e-04;-1.948063419281857755e-04
7.500000000000000000e+03;7.748951048951057601e+04;5.599807623430833021e-05;-2.571263964121808495e-04
7.500000000000000000e+03;7.753846153846161906e+04;-8.255082579967872080e-05;-2.494571346316335533e-04
7.500000000000000000e+03;7.758741258741267666e+04;-1.958690604035459256e-04;-1.753437678594274411e-04
7.500000000000000000e+03;7.763636363636373426e+04;-2.583110258288702932e-04;-5.061867750716275336e-05
7.500000000000000000e+03;7.768531468531477731e+04;-2.480742989748662233e-04;8.460427533107222340e-05
7.500000000000000000e+03;7.773426573426579125e+04;-1.720395037714984724e-04;2.005090191598307052e-04
7.500000000000000000e+03;7.778321678321684885e+04;-4.688010639683113604e-05;2.579921560301807115e-04
7.500000000000000000e+03;7.783216783216792101e+04;8.978929759236346179e-05;2.480944326768026709e-04
7.500000000000000000e+03;7.788111888111897861e+04;2.024057576471804379e-04;1.670865759549203320e-04
7.500000000000000000e+03;7.793006993007000710e+04;2.599943435422355574e-04;4.296006996116423070e-05
7.500000000000000000e+03;7.797902097902106470e+04;2.452138007163265072e-04;-9.589829587425579606e-05
7.500000000000000000e+03;7.802797202797213686e+04;1.635021251534334822e-04;-2.063700348835775984e-04
7.500000000000000000e+03;7.807692307692316535e+04;3.647256115667420743e-05;-2.608179258248752535e-04
7.500000000000000000e+03;7.812587412587420840e+04;-1.007379548026392907e-04;-2.442938785838982612e-04
7.500000000000000000e+03;7.817482517482525145e+04;-2.104744561063198586e-04;-1.580867879628599087e-04
7.500000000000000000e+03;7.822377622377630905e+04;-2.614476649188977658e-04;-3.069163265152531221e-05
7.500000000000000000e+03;7.827272727272736665e+04;-2.406391469035686125e-04;1.078907795562287044e-04
7.500000000000000000e+03;7.832167832167839515e+04;-1.530699046090846962e-04;2.138218260095998014e-04
7.500000000000000000e+03;7.837062937062949641e+04;-2.191267847302744092e-05;2.638905848008718676e-04
7.500000000000000000e+03;7.841958041958049580e+04;1.134824866317135313e-04;2.364855567047584469e-04
7.500000000000000000e+03;7.846853146853155340e+04;2.194194791712468918e-04;1.475190307352890781e-04
7.500000000000000000e+03;7.851748251748261100e+04;2.626603373847263942e-04;1.362543087074122708e-05
7.500000000000000000e+03;7.856643356643365405e+04;2.336127753843896557e-04;-1.214305586681700965e-04
7.500000000000000000e+03;7.861538461538471165e+04;1.379612061340382268e-04;-2.242473689117556457e-04
7.500000000000000000e+03;7.866433566433575470e+04;5.595604683820555113e-06;-2.635194659179613120e-04
7.500000000000000000e+03;7.871328671328676865e+04;-1.307230192946396048e-04;-2.292947418687566971e-04
7.500000000000000000e+03;7.876223776223782625e+04;-2.289642827196122462e-04;-1.307491905463568688e-04
7.500000000000000000e+03;7.881118881118889840e+04;-2.631874922552989815e-04;5.390723719987727737e-06
7.500000000000000000e+03;7.886013986013995600e+04;-2.237912535556803165e-04;1.384863934709163597e-04
7.500000000000000000e+03;7.890909090909099905e+04;-1.213421945614005646e-04;2.352471077263463227e-04
7.500000000000000000e+03;7.895804195804204210e+04;1.586754150587971679e-05;2.630095238044221750e-04
7.500000000000000000e+03;7.900699300699311425e+04;1.485774870501936032e-04;2.191640380422925870e-04
7.500000000000000000e+03;7.905594405594414275e+04;2.384245036988213605e-04;1.113024306089752206e-04
7.500000000000000000e+03;7.910489510489518580e+04;2.622553477004775429e-04;-2.616299691028463702e-05
7.500000000000000000e+03;7.915384615384622884e+04;2.110188766548175233e-04;-1.580577664683419960e-04
7.500000000000000000e+03;7.920279720279728645e+04;9.928984006598593544e-05;-2.435400924744609121e-04
7.500000000000000000e+03;7.925174825174832949e+04;-3.948501838754999251e-05;-2.607569456387928111e-04
7.500000000000000000e+03;7.930069930069938709e+04;-1.682591073007769905e-04;-2.036324956895054243e-04
7.500000000000000000e+03;7.934965034965040104e+04;-2.484197331175493008e-04;-8.792943161364366101e-05
7.500000000000000000e+03;7.939860139860148774e+04;-2.589252376988006570e-04;5.228895884462174810e-05
7.500000000000000000e+03;7.944755244755253079e+04;-1.934595998826304055e-04;1.783494830518817886e-04
7.500000000000000000e+03;7.949650349650358839e+04;-7.564401433904557198e-05;2.529911658134138255e-04
7.500000000000000000e+03;7.954545454545463144e+04;6.723922088045452237e-05;2.558255631653188469e-04
7.500000000000000000e+03;7.959440559440568904e+04;1.878962524234351864e-04;1.848404059491650969e-04
7.500000000000000000e+03;7.964335664335673209e+04;2.569883111569419955e-04;6.122788327230771336e-05
7.500000000000000000e+03;7.969230769230776059e+04;2.507907356636587641e-04;-8.024539189654721148e-05
7.500000000000000000e+03;7.974125874125884729e+04;1.733735042010119912e-04;-1.990259739224595247e-04
7.500000000000000000e+03;7.979020979020989034e+04;4.521195619447251673e-05;-2.594864146036736201e-04
7.500000000000000000e+03;7.983916083916094794e+04;-9.558147453753463858e-05;-2.468635428971281296e-04
7.500000000000000000e+03;7.988811188811199099e+04;-2.085430899106914125e-04;-1.610023800146706519e-04
7.500000000000000000e+03;7.993706293706306315e+04;-2.629422103268194417e-04;-3.001224469527770866e-05
7.500000000000000000e+03;7.998601398601409164e+04;-2.383020637215827213e-04;1.106972407907533853e-04
7.500000000000000000e+03;8.003496503496512014e+04;-1.480076081498595670e-04;2.186924697537477407e-04
7.500000000000000000e+03;8.008391608391616319e+04;-1.134339792261313536e-05;2.644725902605601811e-04
7.500000000000000000e+03;8.013286713286722079e+04;1.255412973927660491e-04;2.319704692916862033e-04
7.500000000000000000e+03;8.018181818181827839e+04;2.292789098455200745e-04;1.330184251251708175e-04
7.500000000000000000e+03;8.023076923076933599e+04;2.629688421263740397e-04;-4.473999525877591922e-06
7.500000000000000000e+03;8.027972027972037904e+04;2.228161543334032917e-04;-1.422728394496051063e-04
7.500000000000000000e+03;8.032867132867146574e+04;1.155477595863260584e-04;-2.366438471775377883e-04
7.500000000000000000e+03;8.037762237762246514e+04;-2.440907573878719651e-05;-2.633323937800618000e-04
7.500000000000000000e+03;8.042657342657352274e+04;-1.578214815831365881e-04;-2.120674034055720230e-04
7.500000000000000000e+03;8.047552447552458034e+04;-2.453888598016846318e-04;-9.950266700481617680e-05
7.500000000000000000e+03;8.052447552447562339e+04;-2.595517156038126523e-04;4.380572435031791789e-05
7.500000000000000000e+03;8.057342657342666644e+04;-1.997998170534372934e-04;1.724703569199137162e-04
7.500000000000000000e+03;8.062237762237770949e+04;-7.835502682937616826e-05;2.519637173355546308e-04
7.500000000000000000e+03;8.067132867132873798e+04;6.339521969707213813e-05;2.567410352811574990e-04
7.500000000000000000e+03;8.072027972027982469e+04;1.895924013761180892e-04;1.851442730652583810e-04
7.500000000000000000e+03;8.076923076923086774e+04;2.566658702662153162e-04;6.029149718837969595e-05
7.500000000000000000e+03;8.081818181818192534e+04;2.511723718023543394e-04;-8.439471648179116539e-05
7.500000000000000000e+03;8.086713286713295383e+04;1.684827774607636187e-04;-2.023426210735754845e-04
7.500000000000000000e+03;8.091608391608404054e+04;3.800117059594052232e-05;-2.620553292906633918e-04
7.500000000000000000e+03;8.096503496503506904e+04;-1.054293854774182652e-04;-2.423039658581148154e-04
7.500000000000000000e+03;8.101398601398609753e+04;-2.166517399905758105e-04;-1.529687814765110692e-04
7.500000000000000000e+03;8.106293706293714058e+04;-2.637187627517338152e-04;-1.491455623409118284e-05
7.500000000000000000e+03;8.111188811188819818e+04;-2.326683985399464626e-04;1.244935202800345384e-04
7.500000000000000000e+03;8.116083916083924123e+04;-1.315124190095113025e-04;2.285959964559438023e-04
7.500000000000000000e+03;8.120979020979031338e+04;8.208979572195504204e-06;2.644343950920412462e-04
7.500000000000000000e+03;8.125874125874134188e+04;1.466959329574556116e-04;2.201546983181042899e-04
7.500000000000000000e+03;8.130769230769242859e+04;2.394279188935228057e-04;1.106322317440517716e-04
7.500000000000000000e+03;8.135664335664344253e+04;2.627050560309476899e-04;-3.246659654817698321e-05
7.500000000000000000e+03;8.140559440559448558e+04;2.053671761848950160e-04;-1.650459243162305729e-04
7.500000000000000000e+03;8.145454545454555773e+04;8.695531617058273994e-05;-2.506846670256730183e-04
7.500000000000000000e+03;8.150349650349660078e+04;-5.803685426574966264e-05;-2.567562480391503824e-04
7.500000000000000000e+03;8.155244755244764383e+04;-1.848179785974141923e-04;-1.900378398678084617e-04
7.500000000000000000e+03;8.160139860139868688e+04;-2.573248535861334348e-04;-6.191997822142348911e-05
7.500000000000000000e+03;8.165034965034970082e+04;-2.512819376194386418e-04;8.167800977596616902e-05
7.500000000000000000e+03;8.169930069930078753e+04;-1.688833965857049657e-04;2.039290266877311455e-04
7.500000000000000000e+03;8.174825174825183058e+04;-3.647543265302322942e-05;2.610962523041748893e-04
7.500000000000000000e+03;8.179720279720288818e+04;1.080261681313260532e-04;2.425389521338856380e-04
7.500000000000000000e+03;8.184615384615393123e+04;2.195042985282302708e-04;1.473724645218990256e-04
7.500000000000000000e+03;8.189510489510500338e+04;2.647059135125410644e-04;9.639988393106560728e-06
7.500000000000000000e+03;8.194405594405604643e+04;2.284011124272232766e-04;-1.327344585575128638e-04
7.500000000000000000e+03;8.199300699300707493e+04;1.239809756375095180e-04;-2.341290138471066693e-04
7.500000000000000000e+03;8.204195804195811797e+04;-1.966796590681763686e-05;-2.639916884854378101e-04
7.500000000000000000e+03;8.209090909090917557e+04;-1.564695736722829180e-04;-2.143775886334777869e-04
7.500000000000000000e+03;8.213986013986021862e+04;-2.463965268948357761e-04;-9.772902417375639291e-05
7.500000000000000000e+03;8.218881118881127622e+04;-2.598624117734767256e-04;4.696604814493660914e-05
7.500000000000000000e+03;8.223776223776233383e+04;-1.948674373829461484e-04;1.794840381614622356e-04
7.500000000000000000e+03;8.228671328671340598e+04;-6.915701600530846306e-05;2.541941741098337139e-04
7.500000000000000000e+03;8.233566433566441992e+04;7.752405380284451580e-05;2.540868963165794354e-04
7.500000000000000000e+03;8.238461538461546297e+04;2.004383658029412903e-04;1.718228316770536372e-04
7.500000000000000000e+03;8.243356643356650602e+04;2.620915847923735919e-04;4.090181490377435650e-05
7.500000000000000000e+03;8.248251748251757817e+04;2.424293861833578406e-04;-1.071622542779054687e-04
7.500000000000000000e+03;8.253146853146862122e+04;1.487276599982799332e-04;-2.183047774480642079e-04
7.500000000000000000e+03;8.258041958041966427e+04;8.072324182562452363e-06;-2.652687275777882011e-04
7.500000000000000000e+03;8.262937062937067822e+04;-1.336366221000275445e-04;-2.272733411901960003e-04
7.500000000000000000e+03;8.267832167832175037e+04;-2.362069498428341413e-04;-1.218155364324249000e-04
7.500000000000000000e+03;8.272727272727280797e+04;-2.626842174168182264e-04;2.477382181846221490e-05
7.500000000000000000e+03;8.277622377622385102e+04;-2.102928322325719448e-04;1.609697297373413648e-04
7.500000000000000000e+03;8.282517482517490862e+04;-9.031309746340429134e-05;2.488568150468129089e-04
7.500000000000000000e+03;8.287412587412598077e+04;5.643343896779223708e-05;2.589992800911409187e-04
7.500000000000000000e+03;8.292307692307699472e+04;1.870496561315888168e-04;1.879255632822426274e-04
7.500000000000000000e+03;8.297202797202805232e+04;2.580769908707167357e-04;5.875569247847633721e-05
7.500000000000000000e+03;8.302097902097909537e+04;2.496627228147955350e-04;-8.963478979386450721e-05
7.500000000000000000e+03;8.306993006993015297e+04;1.628700180638278222e-04;-2.090536194617559579e-04
7.500000000000000000e+03;8.311888111888119602e+04;2.433018288900052990e-05;-2.648676177759885244e-04
7.500000000000000000e+03;8.316783216783223907e+04;-1.201685854725196596e-04;-2.355476039398381757e-04
7.500000000000000000e+03;8.321678321678325301e+04;-2.295925754422764370e-04;-1.347470941027959521e-04
7.500000000000000000e+03;8.326573426573433971e+04;-2.639015223559216259e-04;1.079332117178976028e-05
7.500000000000000000e+03;8.331468531468539732e+04;-2.181892234957641126e-04;1.507666405991062175e-04
7.500000000000000000e+03;8.336363636363644036e+04;-1.011440060238882221e-04;2.451093627334610258e-04
7.500000000000000000e+03;8.341258741258748341e+04;4.557701627954497368e-05;2.608734414355064288e-04
7.500000000000000000e+03;8.346153846153855557e+04;1.803938658439515144e-04;1.951707836076513585e-04
7.500000000000000000e+03;8.351048951048959862e+04;2.559485920136054388e-04;6.689416716494540622e-05
7.500000000000000000e+03;8.355944055944061256e+04;2.521892606692434000e-04;-8.185294382575751375e-05
7.500000000000000000e+03;8.360839160839165561e+04;1.685313872679884326e-04;-2.052674670313281598e-04
7.500000000000000000e+03;8.365734265734272776e+04;3.001556262499348258e-05;-2.636905941094296935e-04
7.500000000000000000e+03;8.370629370629377081e+04;-1.157735108459545992e-04;-2.380689935296372212e-04
7.500000000000000000e+03;8.375524475524482841e+04;-2.275251215537971530e-04;-1.368412566414554151e-04
7.500000000000000000e+03;8.380419580419588601e+04;-2.634801501828564038e-04;7.532597919939746911e-06
7.500000000000000000e+03;8.385314685314695816e+04;-2.197373768493477212e-04;1.502993533712344875e-04
7.500000000000000000e+03;8.390209790209797211e+04;-1.012867748817566254e-04;2.446778034956747822e-04
7.500000000000000000e+03;8.395104895104901516e+04;4.537511985060153495e-05;2.613151276347293111e-04
7.500000000000000000e+03;8.400000000000007276e+04;1.810665880466843624e-04;1.935570914907378817e-04
7.500000000000000000e+03;8.404895104895111581e+04;2.557184364560507106e-04;6.536991298738617636e-05
7.500000000000000000e+03;8.409790209790217341e+04;2.511522778133123230e-04;-8.586318655653245736e-05
7.500000000000000000e+03;8.414685314685321646e+04;1.644079009345522896e-04;-2.082334968367076497e-04
7.500000000000000000e+03;8.419580419580423040e+04;2.448918107067169314e-05;-2.645652915488363685e-04
7.500000000000000000e+03;8.424475524475531711e+04;-1.213138090108413595e-04;-2.355998403047975518e-04
7.500000000000000000e+03;8.429370629370636016e+04;-2.310243493132496878e-04;-1.313482598029633666e-04
7.500000000000000000e+03;8.434265734265741776e+04;-2.630472880644646200e-04;1.562930213186077501e-05
7.500000000000000000e+03;8.439160839160846081e+04;-2.141637571227005693e-04;1.579906909468258198e-04
7.500000000000000000e+03;8.444055944055953296e+04;-9.096852008423354677e-05;2.478729668612798418e-04
7.500000000000000000e+03;8.448951048951057601e+04;5.602716652519644806e-05;2.599485901600673797e-04
7.500000000000000000e+03;8.453846153846160450e+04;1.902192754442647439e-04;1.854648003479260202e-04
7.500000000000000000e+03;8.458741258741263300e+04;2.586606278071020069e-04;5.346752401415180798e-05
7.500000000000000000e+03;8.463636363636370515e+04;2.466150935936072528e-04;-9.882647349465944781e-05
7.500000000000000000e+03;8.468531468531474820e+04;1.514770764618775061e-04;-2.157504684063830296e-04
7.500000000000000000e+03;8.473426573426580580e+04;9.220290399473244988e-06;-2.657436445530710523e-04
7.500000000000000000e+03;8.478321678321683430e+04;-1.369029637048972128e-04;-2.267241052227583558e-04
7.500000000000000000e+03;8.483216783216793556e+04;-2.394514237954391527e-04;-1.156851604802130632e-04
7.500000000000000000e+03;8.488111888111894950e+04;-2.620054058815617548e-04;3.457935139322900365e-05
7.500000000000000000e+03;8.493006993006999255e+04;-2.015129364555782478e-04;1.725120592658849694e-04
7.500000000000000000e+03;8.497902097902103560e+04;-7.241561276462010874e-05;2.544888183052124164e-04
7.500000000000000000e+03;8.502797202797209320e+04;7.727350497941730780e-05;2.539162810808193995e-04
7.500000000000000000e+03;8.507692307692313625e+04;2.050706217933345808e-04;1.685331478435877215e-04
7.500000000000000000e+03;8.512587412587419385e+04;2.625772732711156464e-04;2.998506515550407119e-05
7.500000000000000000e+03;8.517482517482520780e+04;2.363946692253243676e-04;-1.206023815234279033e-04
7.500000000000000000e+03;8.522377622377627995e+04;1.307083941554149000e-04;-2.295705436847818325e-04
7.500000000000000000e+03;8.527272727272732300e+04;-1.699435095093133097e-05;-2.650876587382716720e-04
7.500000000000000000e+03;8.532167832167838060e+04;-1.592268521030724244e-04;-2.112686953504907530e-04
7.500000000000000000e+03;8.537062937062943820e+04;-2.502135814738850445e-04;-8.973677490980086014e-05
7.500000000000000000e+03;8.541958041958051035e+04;-2.566347232472371612e-04;6.295055488685872289e-05
7.500000000000000000e+03;8.546853146853155340e+04;-1.807748158998189532e-04;1.942930436314740353e-04
7.500000000000000000e+03;8.551748251748256735e+04;-4.242754431292161140e-05;2.609954804452994611e-04
7.500000000000000000e+03;8.556643356643361039e+04;1.070363489949188165e-04;2.426643653442195781e-04
7.500000000000000000e+03;8.561538461538468255e+04;2.246085505530918871e-04;1.422454886331697786e-04
7.500000000000000000e+03;8.566433566433571104e+04;2.642845542615856222e-04;-3.782063014187613616e-06
7.500000000000000000e+03;8.571328671328676865e+04;2.191669496535337029e-04;-1.503543966317896720e-04
7.500000000000000000e+03;8.576223776223781169e+04;9.924168590679100768e-05;-2.449148856057768568e-04
7.500000000000000000e+03;8.581118881118885474e+04;-5.247637924634367671e-05;-2.608990886354449956e-04
7.500000000000000000e+03;8.586013986013991234e+04;-1.877564232353347957e-04;-1.871449685148790097e-04
7.500000000000000000e+03;8.590909090909096994e+04;-2.600298121767673546e-04;-5.338776746378202833e-05
7.500000000000000000e+03;8.595804195804201299e+04;-2.453726065108438755e-04;9.950795037635394330e-05
7.500000000000000000e+03;8.600699300699307059e+04;-1.500947894052496133e-04;2.187087627230724384e-04
7.500000000000000000e+03;8.605594405594411364e+04;-2.600851608503568878e-06;2.650767155374897138e-04
7.500000000000000000e+03;8.610489510489514214e+04;1.436583113780789327e-04;2.225839779450465236e-04
7.500000000000000000e+03;8.615384615384618519e+04;2.438185680454057190e-04;1.055775555627184108e-04
7.500000000000000000e+03;8.620279720279725734e+04;2.606043264932713841e-04;-4.623745893583803375e-05
7.500000000000000000e+03;8.625174825174830039e+04;1.918322402828547999e-04;-1.839102384115665501e-04
7.500000000000000000e+03;8.630069930069934344e+04;5.660487934014155016e-05;-2.578664181708451605e-04
7.500000000000000000e+03;8.634965034965040104e+04;-9.561858607164420965e-05;-2.472419354348353725e-04
7.500000000000000000e+03;8.639860139860148774e+04;-2.172544425189797156e-04;-1.514703075346847687e-04
7.500000000000000000e+03;8.644755244755253079e+04;-2.650206943603840575e-04;-6.131412636682995656e-06
7.500000000000000000e+03;8.649650349650354474e+04;-2.233848924200422710e-04;1.426970659179472407e-04
7.500000000000000000e+03;8.654545454545458779e+04;-1.067873008765554606e-04;2.420953844159820436e-04
7.500000000000000000e+03;8.659440559440564539e+04;4.621757082019719594e-05;2.614046257846344722e-04
7.500000000000000000e+03;8.664335664335670299e+04;1.835842022654147945e-04;1.908350634495406095e-04
7.500000000000000000e+03;8.669230769230774604e+04;2.590745303416345743e-04;5.686542997308623431e-05
7.500000000000000000e+03;8.674125874125878909e+04;2.460095197849516209e-04;-9.699772304170351564e-05
7.500000000000000000e+03;8.679020979020983214e+04;1.510087618393570364e-04;-2.178218237076254239e-04
7.500000000000000000e+03;8.683916083916087518e+04;3.189892885852895760e-06;-2.649557703477847890e-04
7.500000000000000000e+03;8.688811188811194734e+04;-1.448707216252695092e-04;-2.220916701358340841e-04
7.500000000000000000e+03;8.693706293706299039e+04;-2.439286486637210166e-04;-1.036350857471749783e-04
7.500000000000000000e+03;8.698601398601404799e+04;-2.601334690625708057e-04;4.964216028359284567e-05
7.500000000000000000e+03;8.703496503496509104e+04;-1.879168406207180756e-04;1.866864641267333106e-04
7.500000000000000000e+03;8.708391608391611953e+04;-5.129519680364221965e-05;2.593358998664390368e-04
7.500000000000000000e+03;8.713286713286716258e+04;1.028724158432998314e-04;2.448100003987549586e-04
7.500000000000000000e+03;8.718181818181823473e+04;2.214085522753893526e-04;1.449527843293516873e-04
7.500000000000000000e+03;8.723076923076927778e+04;2.655426904779948890e-04;-2.546689971470163686e-06
7.500000000000000000e+03;8.727972027972032083e+04;2.175008108001420608e-04;-1.506734950102039819e-04
7.500000000000000000e+03;8.732867132867136388e+04;9.660453700769400785e-05;-2.464692669466420115e-04
7.500000000000000000e+03;8.737762237762246514e+04;-5.903839596908553645e-05;-2.588593750592455521e-04
7.500000000000000000e+03;8.742657342657347908e+04;-1.928891153931360349e-04;-1.810746285964852289e-04
7.500000000000000000e+03;8.747552447552452213e+04;-2.620180321954021442e-04;-4.281096637017588251e-05
7.500000000000000000e+03;8.752447552447556518e+04;-2.398831712576017213e-04;1.107046959961939758e-04
7.500000000000000000e+03;8.757342657342660823e+04;-1.367928118538766610e-04;2.273594849910296530e-04
7.500000000000000000e+03;8.762237762237765128e+04;1.503970793722105492e-05;2.638347582347009461e-04
7.500000000000000000e+03;8.767132867132870888e+04;1.604385089128409299e-04;2.115150576474001288e-04
7.500000000000000000e+03;8.772027972027973738e+04;2.510833506002946541e-04;8.486958933674409555e-05
7.500000000000000000e+03;8.776923076923080953e+04;2.557708761395306621e-04;-6.890088677165180371e-05
7.500000000000000000e+03;8.781818181818185258e+04;1.713815470752768895e-04;-2.022374580456072707e-04
7.500000000000000000e+03;8.786713286713291018e+04;2.850963515128733972e-05;-2.613541023181063989e-04
7.500000000000000000e+03;8.791608391608393868e+04;-1.247232712491198230e-04;-2.345166200230764080e-04
7.500000000000000000e+03;8.796503496503502538e+04;-2.339608410482537900e-04;-1.231036334263178574e-04
7.500000000000000000e+03;8.801398601398606843e+04;-2.639849139209894907e-04;2.831458049743746606e-05
7.500000000000000000e+03;8.806293706293709693e+04;-2.003263525854599258e-04;1.719121212570135209e-04
7.500000000000000000e+03;8.811188811188813997e+04;-6.942651243215036477e-05;2.542719411138202618e-04
7.500000000000000000e+03;8.816083916083918302e+04;8.705319674142631358e-05;2.496216479631240752e-04
7.500000000000000000e+03;8.820979020979024062e+04;2.125937872791906671e-04;1.576894892232820575e-04
7.500000000000000000e+03;8.825874125874129822e+04;2.645903250730952724e-04;1.041765555019116615e-05
7.500000000000000000e+03;8.830769230769234127e+04;2.244162895250420846e-04;-1.388539867095943815e-04
7.500000000000000000e+03;8.835664335664341343e+04;1.063299080585215284e-04;-2.428422134986351157e-04
7.500000000000000000e+03;8.840559440559442737e+04;-4.880006344879060117e-05;-2.591910170551393975e-04
7.500000000000000000e+03;8.845454545454548497e+04;-1.877405850798041190e-04;-1.882570596491040665e-04
7.500000000000000000e+03;8.850349650349654257e+04;-2.597329754160239792e-04;-4.932028805017942095e-05
7.500000000000000000e+03;8.855244755244758562e+04;-2.434835757173628207e-04;1.045743750979408589e-04
7.500000000000000000e+03;8.860139860139862867e+04;-1.400822517685023727e-04;2.243903948025602845e-04
7.500000000000000000e+03;8.865034965034967172e+04;1.067282275493352758e-05;2.639540154174552906e-04
7.500000000000000000e+03;8.869930069930070022e+04;1.587132133832149840e-04;2.126321905564032100e-04
7.500000000000000000e+03;8.874825174825177237e+04;2.505402281614928965e-04;8.689000870796020524e-05
7.500000000000000000e+03;8.879720279720282997e+04;2.558200936160109126e-04;-6.982448136248871546e-05
7.500000000000000000e+03;8.884615384615387302e+04;1.707938536878622930e-04;-2.006225494377175634e-04
7.500000000000000000e+03;8.889510489510491607e+04;2.615732840588120127e-05;-2.630188209666601672e-04
7.500000000000000000e+03;8.894405594405600277e+04;-1.267272799326074032e-04;-2.311123144782360197e-04
7.500000000000000000e+03;8.899300699300704582e+04;-2.365901219836762082e-04;-1.198170072110082610e-04
7.500000000000000000e+03;8.904195804195807432e+04;-2.617586097629939052e-04;3.477277230164749780e-05
7.500000000000000000e+03;8.909090909090911737e+04;-1.967143206066490450e-04;1.762025288016870949e-04
7.500000000000000000e+03;8.913986013986017497e+04;-6.061328873791796483e-05;2.567549494045684054e-04
7.500000000000000000e+03;8.918881118881121802e+04;9.479241953898562040e-05;2.464667112722011659e-04
7.500000000000000000e+03;8.923776223776227562e+04;2.186403308927764024e-04;1.490474319710751187e-04
7.500000000000000000e+03;8.928671328671331867e+04;2.643832613951931760e-04;8.342399613237921102e-07
7.500000000000000000e+03;8.933566433566436172e+04;2.179292107172874841e-04;-1.501381234055511229e-04
7.500000000000000000e+03;8.938461538461540476e+04;9.395693298872830068e-05;-2.457632370719494449e-04
7.500000000000000000e+03;8.943356643356646236e+04;-6.245456928623833027e-05;-2.570961318853718248e-04
7.500000000000000000e+03;8.948251748251750541e+04;-1.969558776837310188e-04;-1.756226537129070822e-04
7.500000000000000000e+03;8.953146853146856301e+04;-2.626592549033915738e-04;-3.410932794848840836e-05
7.500000000000000000e+03;8.958041958041960606e+04;-2.345219444332014708e-04;1.210121113273622046e-04
7.500000000000000000e+03;8.962937062937066366e+04;-1.247290744317153667e-04;2.326032527561804964e-04
7.500000000000000000e+03;8.967832167832167761e+04;2.968709062477935056e-05;2.621824036562774756e-04
7.500000000000000000e+03;8.972727272727274976e+04;1.733093120334023348e-04;1.999058406434988538e-04
7.500000000000000000e+03;8.977622377622380736e+04;2.555284019466225621e-04;6.520992601858511411e-05
7.500000000000000000e+03;8.982517482517485041e+04;2.474196838700550645e-04;-8.983778931999358971e-05
7.500000000000000000e+03;8.987412587412589346e+04;1.513093905820315588e-04;-2.163890998569083777e-04
7.500000000000000000e+03;8.992307692307698017e+04;2.441383946765985482e-06;-2.628338420427481594e-04
7.500000000000000000e+03;8.997202797202802321e+04;-1.486567529438516302e-04;-2.196250635625220115e-04
7.500000000000000000e+03;9.002097902097903716e+04;-2.450630515001760937e-04;-9.544609639223441174e-05
7.500000000000000000e+03;9.006993006993009476e+04;-2.567367249735036773e-04;5.984725932635560100e-05
7.500000000000000000e+03;9.011888111888115236e+04;-1.750634176972886639e-04;1.957942929627337191e-04
7.500000000000000000e+03;9.016783216783219541e+04;-3.318176241988566764e-05;2.609910131524788030e-04
7.500000000000000000e+03;9.021678321678323846e+04;1.220768227723220494e-04;2.340631629709050122e-04
7.500000000000000000e+03;9.026573426573429606e+04;2.328306001964602185e-04;1.241557089699323556e-04
7.500000000000000000e+03;9.031468531468533911e+04;2.614193300894249086e-04;-3.105136254161775731e-05
7.500000000000000000e+03;9.036363636363638216e+04;1.970837044726672909e-04;-1.729150307494145642e-04
7.500000000000000000e+03;9.041258741258743976e+04;6.209921217982483329e-05;-2.560895073687841192e-04
7.500000000000000000e+03;9.046153846153848281e+04;-9.391292329929639793e-05;-2.453513767210612363e-04
7.500000000000000000e+03;9.051048951048954041e+04;-2.180975737675776348e-04;-1.495762697327087764e-04
7.500000000000000000e+03;9.055944055944058346e+04;-2.624636788248657280e-04;1.400555312951980413e-06
7.500000000000000000e+03;9.060839160839161195e+04;-2.159959286731614504e-04;1.503427584596396082e-04
7.500000000000000000e+03;9.065734265734265500e+04;-9.003945736313889432e-05;2.467094796299790834e-04
7.500000000000000000e+03;9.070629370629371260e+04;6.568243742866220663e-05;2.549556252681551920e-04
7.500000000000000000e+03;9.075524475524478476e+04;1.995594019175540661e-04;1.717689222235014624e-04
7.500000000000000000e+03;9.080419580419581325e+04;2.610382190087337322e-04;2.859285029727424797e-05
7.500000000000000000e+03;9.085314685314687085e+04;2.298574797464350203e-04;-1.267259368680610527e-04
7.500000000000000000e+03;9.090209790209795756e+04;1.167432013147405568e-04;-2.341092098599454252e-04
7.500000000000000000e+03;9.095104895104897150e+04;-3.892258397199585264e-05;-2.609606124950286220e-04
7.500000000000000000e+03;9.100000000000002910e+04;-1.792069041760859503e-04;-1.918296675737685044e-04
7.500000000000000000e+03;9.104895104895107215e+04;-2.575643230352327347e-04;-5.644328468462747649e-05
7.500000000000000000e+03;9.109790209790211520e+04;-2.413402032542141492e-04;1.007529644312065543e-04
7.500000000000000000e+03;9.114685314685317280e+04;-1.418620715178174434e-04;2.207091197349144243e-04
7.500000000000000000e+03;9.119580419580421585e+04;1.121818946983783103e-05;2.622836776528220224e-04
7.500000000000000000e+03;9.124475524475527345e+04;1.577220057544690367e-04;2.104541650628804930e-04
7.500000000000000000e+03;9.129370629370630195e+04;2.496607594148374568e-04;8.228183533339201007e-05
7.500000000000000000e+03;9.134265734265734500e+04;2.511820134996719969e-04;-7.372527496487956300e-05
7.500000000000000000e+03;9.139160839160840260e+04;1.633176209259863091e-04;-2.052349279819710179e-04
7.500000000000000000e+03;9.144055944055946020e+04;1.741466676192911247e-05;-2.606885168324332637e-04
7.500000000000000000e+03;9.148951048951051780e+04;-1.356260772790563829e-04;-2.260552010248070875e-04
7.500000000000000000e+03;9.153846153846156085e+04;-2.382966853112141728e-04;-1.073635815012728153e-04
7.500000000000000000e+03;9.158741258741258935e+04;-2.580077133517721683e-04;4.734132936119830090e-05
7.500000000000000000e+03;9.163636363636363239e+04;-1.821563709072071243e-04;1.863338332747770663e-04
7.500000000000000000e+03;9.168531468531469000e+04;-4.459954828805081636e-05;2.576314708440239536e-04
7.500000000000000000e+03;9.173426573426574760e+04;1.121932983230793758e-04;2.373674584821383962e-04
7.500000000000000000e+03;9.178321678321679065e+04;2.260944196433331381e-04;1.315527679701934097e-04
7.500000000000000000e+03;9.183216783216784825e+04;2.608461033085478762e-04;-2.164141451163573108e-05
7.500000000000000000e+03;9.188111888111892040e+04;2.005913298624961141e-04;-1.658194796446771585e-04
7.500000000000000000e+03;9.193006993006993434e+04;6.952365302920616823e-05;-2.520643668008503585e-04
7.500000000000000000e+03;9.197902097902099194e+04;-8.672532087910594055e-05;-2.460497240645311261e-04
7.500000000000000000e+03;9.202797202797203499e+04;-2.126550153897513115e-04;-1.536945543453318002e-04
7.500000000000000000e+03;9.207692307692309259e+04;-2.604444222326743092e-04;-3.926695031493908621e-06
7.500000000000000000e+03;9.212587412587413564e+04;-2.172012754318216471e-04;1.450658707470403293e-04
7.500000000000000000e+03;9.217482517482517869e+04;-9.340763498444135224e-05;2.436896913026543666e-04
7.500000000000000000e+03;9.222377622377619264e+04;6.109483507180382895e-05;2.537830373609113407e-04
7.500000000000000000e+03;9.227272727272726479e+04;1.965094079591326334e-04;1.738350965450784148e-04
7.500000000000000000e+03;9.232167832167832239e+04;2.588659043476829440e-04;3.004185472004687095e-05
7.500000000000000000e+03;9.237062937062936544e+04;2.304739133521937632e-04;-1.228287192506518591e-04
7.500000000000000000e+03;9.241958041958042304e+04;1.178198873029014733e-04;-2.331166324752333553e-04
7.500000000000000000e+03;9.246853146853149519e+04;-3.581149260409221473e-05;-2.590822984673252336e-04
7.500000000000000000e+03;9.251748251748253824e+04;-1.771710972847190463e-04;-1.925114941751029658e-04
7.500000000000000000e+03;9.256643356643356674e+04;-2.551567002960070910e-04;-5.641412017415004904e-05
7.500000000000000000e+03;9.261538461538460979e+04;-2.405682451940240247e-04;9.884612537496969219e-05
7.500000000000000000e+03;9.266433566433566739e+04;-1.408225762236259445e-04;2.198637489555852864e-04
7.500000000000000000e+03;9.271328671328671044e+04;1.032435942048889509e-05;2.610462646609378805e-04
7.500000000000000000e+03;9.276223776223775349e+04;1.571530076729760151e-04;2.091805017031435202e-04
7.500000000000000000e+03;9.281118881118881109e+04;2.484917671681186263e-04;8.227369928539201909e-05
7.500000000000000000e+03;9.286013986013985414e+04;2.498127203740000617e-04;-7.407216100396548167e-05
7.500000000000000000e+03;9.290909090909089718e+04;1.621156124100567775e-04;-2.032936219283153049e-04
7.500000000000000000e+03;9.295804195804195479e+04;1.693642616003694185e-05;-2.603433260332947198e-04
7.500000000000000000e+03;9.300699300699299783e+04;-1.357103968838373046e-04;-2.225969816501712601e-04
7.500000000000000000e+03;9.305594405594406999e+04;-2.379926453034292841e-04;-1.066960846443666124e-04
7.500000000000000000e+03;9.310489510489511304e+04;-2.564309767571662881e-04;4.929981931256749423e-05
7.500000000000000000e+03;9.315384615384615608e+04;-1.816988547130233330e-04;1.854038737823919818e-04
7.500000000000000000e+03;9.320279720279717003e+04;-4.358931873135233167e-05;2.575640051636506511e-04
7.500000000000000000e+03;9.325174825174824218e+04;1.118450777808895010e-04;2.345856722595775321e-04
7.500000000000000000e+03;9.330069930069929978e+04;2.254516912664071462e-04;1.302595439572071863e-04
7.500000000000000000e+03;9.334965034965034283e+04;2.590660046356858402e-04;-2.279261038333841780e-05
7.500000000000000000e+03;9.339860139860138588e+04;1.999307259065236846e-04;-1.659593371495501955e-04
7.500000000000000000e+03;9.344755244755247259e+04;6.840518915403521506e-05;-2.506996627299247645e-04
7.500000000000000000e+03;9.349650349650348653e+04;-8.615626939773158687e-05;-2.448308305372263668e-04
7.500000000000000000e+03;9.354545454545454413e+04;-2.115322421150052704e-04;-1.515178925781082600e-04
7.500000000000000000e+03;9.359440559440558718e+04;-2.590923842246597845e-04;-4.282404202897413264e-06
7.500000000000000000e+03;9.364335664335664478e+04;-2.161220184497190358e-04;1.450877542444818007e-04
7.500000000000000000e+03;9.369230769230768783e+04;-9.361140435656196881e-05;2.414677751963846878e-04
7.500000000000000000e+03;9.374125874125874543e+04;6.006562914467369733e-05;2.526695508291189329e-04
7.500000000000000000e+03;9.379020979020978848e+04;1.941646051732282680e-04;1.718532319712420971e-04
7.500000000000000000e+03;9.383916083916083153e+04;2.572112841889019857e-04;3.128438096493225615e-05
7.500000000000000000e+03;9.388811188811187458e+04;2.290229986180495302e-04;-1.217383918970531585e-04
7.500000000000000000e+03;9.393706293706293218e+04;1.192794186712828851e-04;-2.306006310129554238e-04
7.500000000000000000e+03;9.398601398601397523e+04;-3.417858082758687698e-05;-2.570853912338105351e-04
7.500000000000000000e+03;9.403496503496504738e+04;-1.735379895892012758e-04;-1.920646197139847552e-04
7.500000000000000000e+03;9.408391608391609043e+04;-2.527365462160589154e-04;-5.826807221185696233e-05
7.500000000000000000e+03;9.413286713286713348e+04;-2.397807891309384489e-04;9.563103990164850655e-05
7.500000000000000000e+03;9.418181818181814742e+04;-1.431978957081368839e-04;2.161530655293336298e-04
7.500000000000000000e+03;9.423076923076923413e+04;6.661126337497895057e-06;2.579430428595046892e-04
7.500000000000000000e+03;9.427972027972027718e+04;1.517387656414953296e-04;2.094193908790674711e-04
7.500000000000000000e+03;9.432867132867132023e+04;2.443965707038665120e-04;8.452023693969915410e-05
7.500000000000000000e+03;9.437762237762237783e+04;2.493972399804106495e-04;-6.916446286517633976e-05
7.500000000000000000e+03;9.442657342657344998e+04;1.647967876903896249e-04;-1.987961182466366564e-04
7.500000000000000000e+03;9.447552447552446392e+04;2.311088413390828108e-05;-2.574183557784194554e-04
7.500000000000000000e+03;9.452447552447552152e+04;-1.285316674371026087e-04;-2.242426642179599428e-04
7.500000000000000000e+03;9.457342657342656457e+04;-2.322118624129486885e-04;-1.116150917266197837e-04
7.500000000000000000e+03;9.462237762237760762e+04;-2.560481564078322548e-04;4.109410400550700951e-05
7.500000000000000000e+03;9.467132867132866522e+04;-1.854803054827045005e-04;1.779630655908405695e-04
7.500000000000000000e+03;9.472027972027970827e+04;-5.263462805111671289e-05;2.531533236203804870e-04
7.500000000000000000e+03;9.476923076923076587e+04;1.017872344488077998e-04;2.361953979971311262e-04
7.500000000000000000e+03;9.481818181818180892e+04;2.175873568038377121e-04;1.373109683741221805e-04
7.500000000000000000e+03;9.486713286713286652e+04;2.576243068875391155e-04;-1.173153860462858749e-05
7.500000000000000000e+03;9.491608391608390957e+04;2.054920655721174147e-04;-1.553387201334041981e-04
7.500000000000000000e+03;9.496503496503495262e+04;8.026856578943681101e-05;-2.448808724752024905e-04
7.500000000000000000e+03;9.501398601398602477e+04;-7.177620033257428556e-05;-2.464528455712000046e-04
7.500000000000000000e+03;9.506293706293706782e+04;-2.006128522587320078e-04;-1.614451856740043258e-04
7.500000000000000000e+03;9.511188811188808177e+04;-2.550267706015956577e-04;-1.942622597615902263e-05
7.500000000000000000e+03;9.516083916083912482e+04;-2.229106393167703322e-04;1.299607583887184249e-04
7.500000000000000000e+03;9.520979020979021152e+04;-1.075243819425639299e-04;2.323083293550364881e-04
7.500000000000000000e+03;9.525874125874124002e+04;4.117232694572010875e-05;2.532021449811107275e-04
7.500000000000000000e+03;9.530769230769231217e+04;1.795431493421983558e-04;1.836600890482597464e-04
7.500000000000000000e+03;9.535664335664335522e+04;2.504931617880199542e-04;5.044594811987387358e-05
7.500000000000000000e+03;9.540559440559442737e+04;2.360565184029324564e-04;-1.018431753906763414e-04
7.500000000000000000e+03;9.545454545454544132e+04;1.359188514509011131e-04;-2.168402972711495815e-04
7.500000000000000000e+03;9.550349650349648437e+04;-1.084930400788428489e-05;-2.562896177631647184e-04
7.500000000000000000e+03;9.555244755244754197e+04;-1.537119462505532881e-04;-2.047506653978833208e-04
7.500000000000000000e+03;9.560139860139858501e+04;-2.434795548412878818e-04;-8.169749872990513938e-05
7.500000000000000000e+03;9.565034965034964262e+04;-2.454175653170030604e-04;7.004137272147991657e-05
7.500000000000000000e+03;9.569930069930068566e+04;-1.638717394741629504e-04;1.970506864410125308e-04
7.500000000000000000e+03;9.574825174825171416e+04;-2.103847438959221197e-05;2.543457018115597183e-04
7.500000000000000000e+03;9.579720279720278631e+04;1.246858713968809795e-04;2.222061663121237610e-04
7.500000000000000000e+03;9.584615384615384392e+04;2.311594776226181733e-04;1.119809601716237503e-04
7.500000000000000000e+03;9.589510489510488696e+04;2.522145222051214381e-04;-3.707662815471206535e-05
7.500000000000000000e+03;9.594405594405593001e+04;1.886530991741113580e-04;-1.738314286665084817e-04
7.500000000000000000e+03;9.599300699300700217e+04;5.581853595747934528e-05;-2.487312121842553828e-04
7.500000000000000000e+03;9.604195804195804521e+04;-9.346627550568788678e-05;-2.367710151365466523e-04
7.500000000000000000e+03;9.609090909090905916e+04;-2.119778025109309385e-04;-1.421964500895444975e-04
7.500000000000000000e+03;9.613986013986010221e+04;-2.550366308215227737e-04;2.203982694397355542e-06
7.500000000000000000e+03;9.618881118881117436e+04;-2.089730064193469805e-04;1.458030674777418590e-04
7.500000000000000000e+03;9.623776223776223196e+04;-9.077326629353769656e-05;2.378838525129104028e-04
7.500000000000000000e+03;9.628671328671327501e+04;6.024359294505092071e-05;2.471579803096000624e-04
7.500000000000000000e+03;9.633566433566431806e+04;1.884270223808804236e-04;1.701436976447044983e-04
7.500000000000000000e+03;9.638461538461539021e+04;2.525500318675745915e-04;3.389010239254712774e-05
7.500000000000000000e+03;9.643356643356641871e+04;2.267175988582092560e-04;-1.140438733126071047e-04
7.500000000000000000e+03;9.648251748251747631e+04;1.239241915312842965e-04;-2.219792266749748212e-04
7.500000000000000000e+03;9.653146853146851936e+04;-2.348344540366577464e-05;-2.529277407418665125e-04
7.500000000000000000e+03;9.658041958041956241e+04;-1.612499417134553175e-04;-1.954735129229513355e-04
7.500000000000000000e+03;9.662937062937062001e+04;-2.435877003179591656e-04;-7.090211132349356156e-05
7.500000000000000000e+03;9.667832167832166306e+04;-2.409284842718761345e-04;7.865519334369245415e-05
7.500000000000000000e+03;9.672727272727267700e+04;-1.547006950199469421e-04;2.004678537435853117e-04
7.500000000000000000e+03;9.677622377622376371e+04;-1.549384133586203085e-05;2.528535513377966923e-04
7.500000000000000000e+03;9.682517482517480676e+04;1.296639507275352675e-04;2.173980449343309630e-04
7.500000000000000000e+03;9.687412587412586436e+04;2.289373711746321477e-04;1.074045502812228005e-04
7.500000000000000000e+03;9.692307692307690741e+04;2.491425017964445598e-04;-4.009594962279030959e-05
7.500000000000000000e+03;9.697202797202797956e+04;1.835597046964687357e-04;-1.731693990928322765e-04
7.500000000000000000e+03;9.702097902097902261e+04;5.410198898204928607e-05;-2.464174890878462545e-04
7.500000000000000000e+03;9.706993006993003655e+04;-9.344192188307714824e-05;-2.344881263664711152e-04
7.500000000000000000e+03;9.711888111888107960e+04;-2.092094492627762006e-04;-1.421735082933689247e-04
7.500000000000000000e+03;9.716783216783215175e+04;-2.514913180129267644e-04;-5.007787341403104535e-07
7.500000000000000000e+03;9.721678321678319480e+04;-2.096627257148622541e-04;1.405164302488893396e-04
7.500000000000000000e+03;9.726573426573423785e+04;-9.292651363944263532e-05;2.336099677632496024e-04
7.500000000000000000e+03;9.731468531468528090e+04;5.295581687231206536e-05;2.459880778618911325e-04
7.500000000000000000e+03;9.736363636363633850e+04;1.822398819231857675e-04;1.743160997611895870e-04
7.500000000000000000e+03;9.741258741258738155e+04;2.478704686244929132e-04;4.274290932524609459e-05
7.500000000000000000e+03;9.746153846153843915e+04;2.292045351588999926e-04;-1.030219575439466555e-04
7.500000000000000000e+03;9.751048951048948220e+04;1.319300858832290146e-04;-2.134498788729160624e-04
7.500000000000000000e+03;9.755944055944053980e+04;-1.055678223691333765e-05;-2.510773930287275055e-04
7.500000000000000000e+03;9.760839160839159740e+04;-1.481171280737159307e-04;-2.022036006973953646e-04
7.500000000000000000e+03;9.765734265734264045e+04;-2.371301355247220071e-04;-8.562873254248135979e-05
7.500000000000000000e+03;9.770629370629365440e+04;-2.419037824640806887e-04;6.151712325893817239e-05
7.500000000000000000e+03;9.775524475524472655e+04;-1.686003964033228237e-04;1.855823014024900425e-04
7.500000000000000000e+03;9.780419580419578415e+04;-3.363781038187018015e-05;2.487598200723960392e-04
7.500000000000000000e+03;9.785314685314682720e+04;1.085129166822605830e-04;2.248125277473049380e-04
7.500000000000000000e+03;9.790209790209788480e+04;2.168682274910154438e-04;1.270505917584361961e-04
7.500000000000000000e+03;9.795104895104895695e+04;2.486277222405299317e-04;-1.572374880481798852e-05
7.500000000000000000e+03;9.800000000000000000e+04;1.986957296889824761e-04;-1.509693514140270933e-04
7.500000000000000000e+03;9.804895104895102850e+04;7.956352955265632036e-05;-2.369770944043873883e-04
7.500000000000000000e+03;9.809790209790205699e+04;-6.542739957129439560e-05;-2.409101774254591402e-04
7.500000000000000000e+03;9.814685314685312915e+04;-1.876030598625767277e-04;-1.645468016511145019e-04
7.500000000000000000e+03;9.819580419580418675e+04;-2.479375321870804774e-04;-3.299565630731335125e-05
7.500000000000000000e+03;9.824475524475522980e+04;-2.222516056972928013e-04;1.107307955548060519e-04
7.500000000000000000e+03;9.829370629370628740e+04;-1.247221350530837230e-04;2.152271851510068762e-04
7.500000000000000000e+03;9.834265734265735955e+04;1.786513167468521977e-05;2.490660032393125626e-04
7.500000000000000000e+03;9.839160839160837349e+04;1.508937120963458180e-04;1.972399762580664528e-04
7.500000000000000000e+03;9.844055944055943110e+04;2.360540792004218557e-04;8.161042144358086599e-05
7.500000000000000000e+03;9.848951048951047414e+04;2.394063747705357358e-04;-6.368277837580409639e-05
7.500000000000000000e+03;9.853846153846151719e+04;1.645834184369506902e-04;-1.848920935332421097e-04
7.500000000000000000e+03;9.858741258741256024e+04;3.356407995705973726e-05;-2.462207099019838338e-04
7.500000000000000000e+03;9.863636363636361784e+04;-1.082517771926122730e-04;-2.235569699666761778e-04
7.500000000000000000e+03;9.868531468531464634e+04;-2.127907669174858166e-04;-1.269769378836197241e-04
7.500000000000000000e+03;9.873426573426573304e+04;-2.477367272454687893e-04;1.142891727823120374e-05
7.500000000000000000e+03;9.878321678321677609e+04;-1.984130878353834292e-04;1.474083401825509337e-04
7.500000000000000000e+03;9.883216783216781914e+04;-8.475918890584263491e-05;2.320638983678525926e-04
7.500000000000000000e+03;9.888111888111886219e+04;5.881024173596058883e-05;2.419675699373020742e-04
7.500000000000000000e+03;9.893006993006993434e+04;1.805748915889221538e-04;1.692312501946678736e-04
7.500000000000000000e+03;9.897902097902097739e+04;2.442525394610587015e-04;4.333533487738169522e-05
7.500000000000000000e+03;9.902797202797200589e+04;2.261679546180168693e-04;-9.970870786728409094e-05
7.500000000000000000e+03;9.907692307692303439e+04;1.327663715786674484e-04;-2.064649886455954104e-04
7.500000000000000000e+03;9.912587412587410654e+04;-2.455462910116242527e-06;-2.470258455584447687e-04
7.500000000000000000e+03;9.917482517482516414e+04;-1.391214597591796461e-04;-2.049934866363474506e-04
7.500000000000000000e+03;9.922377622377622174e+04;-2.269986564664913935e-04;-9.533059100553167441e-05
7.500000000000000000e+03;9.927272727272729389e+04;-2.430132720289696210e-04;4.465653002878685230e-05
7.500000000000000000e+03;9.932167832167830784e+04;-1.757603365514248694e-04;1.713947630598548918e-04
7.500000000000000000e+03;9.937062937062936544e+04;-5.464910463510846419e-05;2.392083656975366559e-04
7.500000000000000000e+03;9.941958041958040849e+04;8.778316368423612402e-05;2.319023660656985633e-04
7.500000000000000000e+03;9.946853146853145154e+04;1.982577992439350009e-04;1.447388715511989095e-04
7.500000000000000000e+03;9.951748251748250914e+04;2.458081298441084218e-04;1.460089339804692671e-05
7.500000000000000000e+03;9.956643356643356674e+04;2.120538867689780965e-04;-1.240647187128364340e-04
7.500000000000000000e+03;9.961538461538460979e+04;1.090892625111523678e-04;-2.185135705127415275e-04
7.500000000000000000e+03;9.966433566433565284e+04;-2.767916408965551256e-05;-2.440703566207642092e-04
7.500000000000000000e+03;9.971328671328669589e+04;-1.575916901360503340e-04;-1.888236744786014605e-04
7.500000000000000000e+03;9.976223776223775349e+04;-2.328574520278431587e-04;-7.291076343909348278e-05
7.500000000000000000e+03;9.981118881118879654e+04;-2.356388208285457950e-04;6.661586330883901977e-05
7.500000000000000000e+03;9.986013986013986869e+04;-1.584457759485498037e-04;1.847177931600232968e-04
7.500000000000000000e+03;9.990909090909091174e+04;-3.385680361412069856e-05;2.406539421115314623e-04
7.500000000000000000e+03;9.995804195804195479e+04;1.050785537897581636e-04;2.224829080843843284e-04
7.500000000000000000e+03;1.000069930069929833e+05;2.068867084316210756e-04;1.279295371259006294e-04
7.500000000000000000e+03;1.000559440559440409e+05;2.435892883054188197e-04;-4.166311053216001446e-06
7.500000000000000000e+03;1.001048951048950839e+05;2.006044770625139560e-04;-1.370727311344274333e-04
7.500000000000000000e+03;1.001538461538461415e+05;9.356150637801104988e-05;-2.232523309768950166e-04
7.500000000000000000e+03;1.002027972027971991e+05;-4.276839984692981856e-05;-2.406738753033692052e-04
7.500000000000000000e+03;1.002517482517482713e+05;-1.672193229960013366e-04;-1.778755747289874648e-04
7.500000000000000000e+03;1.003006993006992852e+05;-2.347681740156052558e-04;-5.928272103677130440e-05
7.500000000000000000e+03;1.003496503496503283e+05;-2.300663289669294511e-04;7.706016472571926843e-05
7.500000000000000000e+03;1.003986013986013713e+05;-1.493455089213421893e-04;1.900126286119826536e-04
7.500000000000000000e+03;1.004475524475524289e+05;-2.351781715802117598e-05;2.411207154414361786e-04
7.500000000000000000e+03;1.004965034965034865e+05;1.126066835998675345e-04;2.160758271956788506e-04
7.500000000000000000e+03;1.005454545454545296e+05;2.097528041441942197e-04;1.200639145147446452e-04
7.500000000000000000e+03;1.005944055944055435e+05;2.418970269406727337e-04;-1.090212585734066084e-05
7.500000000000000000e+03;1.006433566433565866e+05;1.967692351248611900e-04;-1.407969227398692396e-04
7.500000000000000000e+03;1.006923076923076878e+05;8.942630892378651574e-05;-2.249950930918534497e-04
7.500000000000000000e+03;1.007412587412587309e+05;-4.622820995013671505e-05;-2.379596777945658511e-04
7.500000000000000000e+03;1.007902097902097739e+05;-1.673631581529658652e-04;-1.754928484104524805e-04
7.500000000000000000e+03;1.008391608391608170e+05;-2.338592114391850065e-04;-5.768494670975215561e-05
7.500000000000000000e+03;1.008881118881118891e+05;-2.289326178853494083e-04;7.631602808173254256e-05
7.500000000000000000e+03;1.009370629370629176e+05;-1.503693137295579268e-04;1.894599715755948554e-04
7.500000000000000000e+03;1.009860139860139607e+05;-2.535736813385066165e-05;2.394057432767101071e-04
7.500000000000000000e+03;1.010349650349650328e+05;1.080579997416758096e-04;2.165277447640724033e-04
7.500000000000000000e+03;1.010839160839160759e+05;2.056542374186017799e-04;1.235201339613910352e-04
7.500000000000000000e+03;1.011328671328671189e+05;2.401677889375204082e-04;-4.031212156036365761e-06
7.500000000000000000e+03;1.011818181818181620e+05;1.997103231000116406e-04;-1.351288486819442853e-04
7.500000000000000000e+03;1.012307692307692487e+05;9.537235719040630232e-05;-2.195154289456989624e-04
7.500000000000000000e+03;1.012797202797203063e+05;-3.760175138369396738e-05;-2.372279795502582459e-04
7.500000000000000000e+03;1.013286713286713202e+05;-1.581243166504363328e-04;-1.801215832469490205e-04
7.500000000000000000e+03;1.013776223776223633e+05;-2.299257931904506497e-04;-6.842359132951285404e-05
7.500000000000000000e+03;1.014265734265734209e+05;-2.318139007242356602e-04;6.635753777031139721e-05
7.500000000000000000e+03;1.014755244755244639e+05;-1.590832732833669322e-04;1.794798449250191853e-04
7.500000000000000000e+03;1.015244755244755070e+05;-3.921300564052676785e-05;2.364767977309962003e-04
7.500000000000000000e+03;1.015734265734265791e+05;9.226753597463160949e-05;2.212494454916771262e-04
7.500000000000000000e+03;1.016223776223776222e+05;1.956113328452344687e-04;1.378559201442639383e-04
7.500000000000000000e+03;1.016713286713286652e+05;2.397200629094148891e-04;1.224807831070018113e-05
7.500000000000000000e+03;1.017202797202797083e+05;2.076337461421971092e-04;-1.182675398185175345e-04
7.500000000000000000e+03;1.017692307692307659e+05;1.134048408862148262e-04;-2.096069019472234906e-04
7.500000000000000000e+03;1.018181818181818235e+05;-1.533310282226894573e-05;-2.384789083520547906e-04
7.500000000000000000e+03;1.018671328671328665e+05;-1.387965071176710478e-04;-1.938697329784660865e-04
7.500000000000000000e+03;1.019160839160838950e+05;-2.221146193553092893e-04;-9.049727019203364787e-05
7.500000000000000000e+03;1.019650349650349381e+05;-2.340579720210286612e-04;4.249380101842423278e-05
7.500000000000000000e+03;1.020139860139860102e+05;-1.767977336501163200e-04;1.586258179120044484e-04
7.500000000000000000e+03;1.020629370629370533e+05;-6.587793551855463824e-05;2.291252156391524754e-04
7.500000000000000000e+03;1.021118881118881109e+05;6.446726861296107522e-05;2.287859711469884686e-04
7.500000000000000000e+03;1.021608391608391685e+05;1.772114355498604276e-04;1.601691013124879306e-04
7.500000000000000000e+03;1.022097902097902406e+05;2.330034073530841171e-04;3.991402017384720278e-05
7.500000000000000000e+03;1.022587412587412546e+05;2.195541567299956053e-04;-8.749739988509383482e-05
7.500000000000000000e+03;1.023076923076923122e+05;1.408110793204023149e-04;-1.916883229752572955e-04
7.500000000000000000e+03;1.023566433566433407e+05;1.859257978623311683e-05;-2.374525144860998303e-04
7.500000000000000000e+03;1.024055944055943983e+05;-1.090173175449270834e-04;-2.111696802235960208e-04
7.500000000000000000e+03;1.024545454545454559e+05;-2.035664362185429723e-04;-1.208536674702834879e-04
7.500000000000000000e+03;1.025034965034965135e+05;-2.350922854926526084e-04;3.515693754981745560e-06
7.500000000000000000e+03;1.025524475524475565e+05;-1.997087165453920242e-04;1.273311044531907845e-04
7.500000000000000000e+03;1.026013986013985996e+05;-1.022752441321251660e-04;2.145881496715954428e-04
7.500000000000000000e+03;1.026503496503496426e+05;2.538210143864487665e-05;2.347426137717253350e-04
7.500000000000000000e+03;1.026993006993007002e+05;1.442325914247285785e-04;1.871021583787428177e-04
7.500000000000000000e+03;1.027482517482517578e+05;2.193161656389480045e-04;8.218059066260074194e-05
7.500000000000000000e+03;1.027972027972028009e+05;2.308478895011236169e-04;-4.374437041457748294e-05
7.500000000000000000e+03;1.028461538461538439e+05;1.735479601347839312e-04;-1.608062151903541070e-04
7.500000000000000000e+03;1.028951048951048724e+05;6.218979484197847366e-05;-2.271211129655462016e-04
7.500000000000000000e+03;1.029440559440559155e+05;-6.328984144693763653e-05;-2.255700398091362903e-04
7.500000000000000000e+03;1.029930069930070022e+05;-1.727625699863351186e-04;-1.599380657932237464e-04
7.500000000000000000e+03;1.030419580419580452e+05;-2.295731162246107248e-04;-4.645329336939789074e-05
7.500000000000000000e+03;1.030909090909090883e+05;-2.216961435702665014e-04;8.141928163741065944e-05
7.500000000000000000e+03;1.031398601398601313e+05;-1.440042125280696454e-04;1.855368682478964653e-04
7.500000000000000000e+03;1.031888111888112035e+05;-2.871239760839454155e-05;2.301040968117760890e-04
7.500000000000000000e+03;1.032377622377622611e+05;9.543356571955730571e-05;2.150423147818125193e-04
7.500000000000000000e+03;1.032867132867132896e+05;1.935789140939134592e-04;1.303413889228161439e-04
7.500000000000000000e+03;1.033356643356643326e+05;2.329568083362154108e-04;1.199878099476685163e-05
7.500000000000000000e+03;1.033846153846153757e+05;2.046243034573076605e-04;-1.135023284479832600e-04
7.500000000000000000e+03;1.034335664335664187e+05;1.160077385343129041e-04;-2.003183986328246143e-04
7.500000000000000000e+03;1.034825174825174763e+05;-1.956072471573262564e-06;-2.342453309915863843e-04
7.500000000000000000e+03;1.035314685314685339e+05;-1.262411064333819101e-04;-1.980627002178933136e-04
7.500000000000000000e+03;1.035804195804195770e+05;-2.070625867454548659e-04;-1.036825832261427832e-04
7.500000000000000000e+03;1.036293706293706200e+05;-2.331207584645798696e-04;1.896254831111557568e-05
7.500000000000000000e+03;1.036783216783216631e+05;-1.870500103865377058e-04;1.362155931483474919e-04
7.500000000000000000e+03;1.037272727272727207e+05;-9.375384309444348353e-05;2.120342788194874868e-04
7.500000000000000000e+03;1.037762237762237783e+05;3.154613416476119555e-05;2.329553226392418153e-04
7.500000000000000000e+03;1.038251748251748213e+05;1.460832058449928290e-04;1.776359213661361802e-04
7.500000000000000000e+03;1.038741258741258498e+05;2.155563994467290243e-04;7.962798040421686441e-05
7.500000000000000000e+03;1.039230769230768929e+05;2.260117903708559501e-04;-4.638152459359918715e-05
7.500000000000000000e+03;1.039720279720279650e+05;1.713176205396755929e-04;-1.536215218312004280e-04
7.500000000000000000e+03;1.040209790209790081e+05;6.835940544004836985e-05;-2.248435104083613436e-04
7.500000000000000000e+03;1.040699300699300657e+05;-5.888847715752305005e-05;-2.239016257944904291e-04
7.500000000000000000e+03;1.041188811188811233e+05;-1.592326181620149937e-04;-1.637797713599033244e-04
7.500000000000000000e+03;1.041678321678321954e+05;-2.254647967715126542e-04;-5.777902774362502793e-05
7.500000000000000000e+03;1.042167832167832094e+05;-2.188012679214359536e-04;6.528098024101544519e-05
7.500000000000000000e+03;1.042657342657342524e+05;-1.574785483624052196e-04;1.704003932257569097e-04
7.500000000000000000e+03;1.043146853146853100e+05;-4.490904073072101473e-05;2.269568881021496553e-04
7.500000000000000000e+03;1.043636363636363676e+05;7.341539245984972145e-05;2.156839703738042471e-04
7.500000000000000000e+03;1.044125874125874107e+05;1.749971651971122882e-04;1.509527665981315325e-04
7.500000000000000000e+03;1.044615384615384537e+05;2.252505636732233044e-04;3.787183611676201182e-05
7.500000000000000000e+03;1.045104895104894822e+05;2.147492920468720102e-04;-8.252822280189384379e-05
7.500000000000000000e+03;1.045594405594405544e+05;1.401754256959137734e-04;-1.832205475990124918e-04
7.500000000000000000e+03;1.046083916083916120e+05;2.929661365312081600e-05;-2.251653597152015714e-04
7.500000000000000000e+03;1.046573426573426550e+05;-8.640541884787579963e-05;-2.133907836764690298e-04
7.500000000000000000e+03;1.047062937062937126e+05;-1.853350700107986044e-04;-1.386306252474388853e-04
7.500000000000000000e+03;1.047552447552447557e+05;-2.274348972087536806e-04;-2.270705703084306885e-05
7.500000000000000000e+03;1.048041958041957987e+05;-2.052568212982914077e-04;9.435243104419836172e-05
7.500000000000000000e+03;1.048531468531468272e+05;-1.287111605135340725e-04;1.825049255581639648e-04
7.500000000000000000e+03;1.049020979020979139e+05;-2.033619430153993499e-05;2.267908998295289111e-04
7.500000000000000000e+03;1.049510489510489570e+05;9.968544247876576388e-05;2.048006888496005612e-04
7.500000000000000000e+03;1.050000000000000000e+05;1.925964046449470362e-04;1.233490983813782945e-04
7.500000000000000000e+03;1.051958041958042013e+05;1.012467439770352948e-05;-2.276627321763457872e-04
7.500000000000000000e+03;1.052447552447552443e+05;-1.046748586955353259e-04;-2.003145131157553905e-04
7.500000000000000000e+03;1.050489510489510430e+05;2.260772311002924779e-04;1.518558645378911010e-05
7.500000000000000000e+03;1.050979020979021298e+05;2.008461391716101030e-04;-1.032051630955803205e-04
7.500000000000000000e+03;1.051468531468531728e+05;1.204963909390305304e-04;-1.908677475187591324e-04
7.500000000000000000e+03;1.053916083916083880e+05;-1.980389929575031576e-04;1.078536555578247391e-04
7.500000000000000000e+03;1.054405594405594311e+05;-1.178364802970701970e-04;1.925398747103841831e-04
7.500000000000000000e+03;1.053426573426573450e+05;-2.251738308953131452e-04;-6.456960843167053232e-06
7.500000000000000000e+03;1.052937062937062874e+05;-1.945258493609382700e-04;-1.221740942449098765e-04
7.500000000000000000e+03;1.054895104895105178e+05;-4.529090724029166089e-06;2.252470617397593893e-04
7.500000000000000000e+03;1.055384615384615317e+05;1.101063945622287341e-04;1.975176619219828282e-04
7.500000000000000000e+03;1.055874125874125893e+05;1.924527821155996811e-04;1.164053569139062339e-04
7.500000000000000000e+03;1.056363636363636324e+05;2.252075918131572643e-04;4.173085441202345087e-06
7.500000000000000000e+03;1.056853146853146900e+05;1.969484271978942864e-04;-1.091670248090315722e-04
7.500000000000000000e+03;1.057342657342657330e+05;1.144539141755634927e-04;-1.922877392675647506e-04
7.500000000000000000e+03;1.057832167832167761e+05;4.452758773794713640e-06;-2.234121543779045654e-04
7.500000000000000000e+03;1.060279720279720204e+05;-1.179550788301701796e-04;1.902265740980826490e-04
7.500000000000000000e+03;1.060769230769231071e+05;-5.652256727054437447e-06;2.242721699033519095e-04
7.500000000000000000e+03;1.059790209790209774e+05;-1.963769202647032322e-04;1.072209643605860901e-04
7.500000000000000000e+03;1.058321678321678046e+05;-1.095379664169749746e-04;-1.975499065939128858e-04
7.500000000000000000e+03;1.059300699300699343e+05;-2.242416976117873168e-04;-5.484430728645948209e-06
7.500000000000000000e+03;1.058811188811188767e+05;-1.917976721047033063e-04;-1.148336441943498986e-04
7.500000000000000000e+03;1.061258741258741502e+05;1.040266874282963304e-04;1.963723721990396785e-04
7.500000000000000000e+03;1.061748251748251787e+05;1.889664081131410935e-04;1.202856950378537455e-04
7.500000000000000000e+03;1.062237762237762217e+05;2.233116794775327416e-04;9.551552360290103001e-06
7.500000000000000000e+03;1.062727272727272793e+05;1.979965041272836799e-04;-1.012954599483908416e-04
7.500000000000000000e+03;1.063216783216783224e+05;1.217096272921206282e-04;-1.861509907139690583e-04
7.500000000000000000e+03;1.063706293706293800e+05;1.408029323451579343e-05;-2.225494075997889629e-04
7.500000000000000000e+03;1.064195804195804230e+05;-9.793637831952340571e-05;-1.997265227247183332e-04
7.500000000000000000e+03;1.064685314685315097e+05;-1.835934288616112783e-04;-1.259614346202348844e-04
7.500000000000000000e+03;1.065174825174825237e+05;-2.210928786044893913e-04;-1.917650510698531172e-05
7.500000000000000000e+03;1.065664335664335813e+05;-2.019290059197894228e-04;9.194131827468856591e-05
7.500000000000000000e+03;1.066153846153846243e+05;-1.291490114166028041e-04;1.802000618530147781e-04
7.500000000000000000e+03;1.066643356643356819e+05;-2.520011703437825113e-05;2.186169294048153787e-04
7.500000000000000000e+03;1.067132867132867250e+05;8.722910196726940029e-05;2.047466037324828243e-04
7.500000000000000000e+03;1.067622377622377826e+05;1.755674208237022280e-04;1.338789214847637191e-04
7.500000000000000000e+03;1.068111888111887965e+05;2.182313186624867702e-04;3.171959071280620396e-05
7.500000000000000000e+03;1.068601398601398687e+05;2.055337128914402282e-04;-8.009502800401337218e-05
7.500000000000000000e+03;1.069090909090909117e+05;1.407294606024390841e-04;-1.697836043393203241e-04
7.500000000000000000e+03;1.069580419580419693e+05;3.727955863241561485e-05;-2.176205115062949957e-04
7.500000000000000000e+03;1.070069930069930124e+05;-7.195260708188892817e-05;-2.075440588408176523e-04
7.500000000000000000e+03;1.070559440559440845e+05;-1.646418691037717904e-04;-1.466268671082661455e-04
7.500000000000000000e+03;1.071048951048951276e+05;-2.155294214378318193e-04;-4.742670054756365367e-05
7.500000000000000000e+03;1.071538461538461561e+05;-2.102734304399952222e-04;6.376695382837081847e-05
7.500000000000000000e+03;1.072027972027971991e+05;-1.521298672887657407e-04;1.569552890796430805e-04
7.500000000000000000e+03;1.072517482517482713e+05;-5.683010416078435734e-05;2.129895138446094029e-04
7.500000000000000000e+03;1.073006993006993143e+05;5.453092802750118102e-05;2.117703086304313653e-04
7.500000000000000000e+03;1.073496503496503574e+05;1.505189678568534572e-04;1.602091647150905495e-04
7.500000000000000000e+03;1.073986013986014150e+05;2.084539911467824230e-04;6.614962051808669498e-05
7.500000000000000000e+03;1.074475524475524871e+05;2.152026487557254957e-04;-4.210272961967465927e-05
7.500000000000000000e+03;1.074965034965035156e+05;1.656658681265656228e-04;-1.427848847124374725e-04
7.500000000000000000e+03;1.075454545454545587e+05;7.733358402237795715e-05;-2.026760651159385698e-04
7.500000000000000000e+03;1.075944055944056017e+05;-3.208938476986788763e-05;-2.172108216221818730e-04
7.500000000000000000e+03;1.076433566433566593e+05;-1.323006427632385392e-04;-1.732874269562942630e-04
7.500000000000000000e+03;1.076923076923077024e+05;-2.001857871775099111e-04;-8.844911808590920788e-05
7.500000000000000000e+03;1.077412587412587454e+05;-2.161755189577535161e-04;1.875904123176225135e-05
7.500000000000000000e+03;1.077902097902097739e+05;-1.825538297845105652e-04;1.205758712635091642e-04
7.500000000000000000e+03;1.078391608391608461e+05;-9.883985705981056626e-05;1.934631889415391458e-04
7.500000000000000000e+03;1.078881118881118891e+05;4.796121399818620003e-06;2.171150072921946910e-04
7.500000000000000000e+03;1.079370629370629467e+05;1.095807461761654568e-04;1.874463337197801026e-04
7.500000000000000000e+03;1.079860139860139898e+05;1.856030606524082852e-04;1.129522566913352462e-04
7.500000000000000000e+03;1.080349650349650619e+05;2.176030672311961387e-04;8.261075700123299973e-06
7.500000000000000000e+03;1.080839160839161050e+05;1.936446623511896064e-04;-9.494224426855675698e-05
7.500000000000000000e+03;1.081328671328671335e+05;1.250395844472771073e-04;-1.783063379182312760e-04
7.500000000000000000e+03;1.081818181818181765e+05;2.390678778274107707e-05;-2.144625822557254128e-04
7.500000000000000000e+03;1.082307692307692341e+05;-8.158567738521576229e-05;-2.014297951660067552e-04
7.500000000000000000e+03;1.082797202797202917e+05;-1.675161961637545245e-04;-1.367391556034115642e-04
7.500000000000000000e+03;1.083286713286713348e+05;-2.128636768860622678e-04;-4.164221695037425631e-05
7.500000000000000000e+03;1.083776223776223778e+05;-2.053478117604314273e-04;6.634373975204756679e-05
7.500000000000000000e+03;1.084265734265734354e+05;-1.499161891003582758e-04;1.545495827943570177e-04
7.500000000000000000e+03;1.084755244755244785e+05;-5.689551776844695581e-05;2.083705745420960946e-04
7.500000000000000000e+03;1.085244755244755361e+05;4.877317805333686068e-05;2.098323567282229629e-04
7.500000000000000000e+03;1.085734265734265791e+05;1.430793989712683526e-04;1.612783833259872951e-04
7.500000000000000000e+03;1.086223776223776367e+05;2.013727408192749120e-04;7.453743032964669439e-05
7.500000000000000000e+03;1.086713286713286798e+05;2.137936885385491109e-04;-3.048737100690249134e-05
7.500000000000000000e+03;1.087202797202796937e+05;1.721044741401249391e-04;-1.276128268955073453e-04
7.500000000000000000e+03;1.087692307692307513e+05;9.145697170283778122e-05;-1.944128670469524726e-04
7.500000000000000000e+03;1.088181818181818235e+05;-1.158007839567585349e-05;-2.138522397885430780e-04
7.500000000000000000e+03;1.088671328671328665e+05;-1.115855244050523241e-04;-1.839110458511900405e-04
7.500000000000000000e+03;1.089160839160839241e+05;-1.850148387768881973e-04;-1.081840251810090313e-04
7.500000000000000000e+03;1.089650349650349672e+05;-2.138531123053551066e-04;-9.351376366326490520e-06
7.500000000000000000e+03;1.090139860139860393e+05;-1.925539897555691266e-04;9.372336708714300128e-05
7.500000000000000000e+03;1.090629370629370824e+05;-1.257383405057613040e-04;1.726880163915976035e-04
7.500000000000000000e+03;1.091118881118881109e+05;-2.886183774297010118e-05;2.119222417777614619e-04
7.500000000000000000e+03;1.091608391608391830e+05;7.355143920446174108e-05;2.005210436232826663e-04
7.500000000000000000e+03;1.092097902097902261e+05;1.597515659248494859e-04;1.426136188089880850e-04
7.500000000000000000e+03;1.092587412587412837e+05;2.069717934882298689e-04;5.070533204807502669e-05
7.500000000000000000e+03;1.093076923076923267e+05;2.067178804732160439e-04;-5.214517383060343836e-05
7.500000000000000000e+03;1.093566433566434134e+05;1.573814871299158080e-04;-1.429148636819322954e-04
7.500000000000000000e+03;1.094055944055944565e+05;7.207231676061514420e-05;-2.005642986447431306e-04
7.500000000000000000e+03;1.094545454545454704e+05;-3.065177088159055805e-05;-2.103898456062132329e-04
7.500000000000000000e+03;1.095034965034965280e+05;-1.250964997014590812e-04;-1.724542893285087417e-04
7.500000000000000000e+03;1.095524475524475711e+05;-1.910216405602442374e-04;-9.380309908579577112e-05
7.500000000000000000e+03;1.096013986013986287e+05;-2.125577499476039543e-04;5.905167576764767339e-06
7.500000000000000000e+03;1.096503496503496717e+05;-1.844402476858348846e-04;1.045652570161835764e-04
7.500000000000000000e+03;1.096993006993007148e+05;-1.143198986540521476e-04;1.781696648149660393e-04
7.500000000000000000e+03;1.097482517482517724e+05;-1.774494585121384757e-05;2.113532735570480879e-04
7.500000000000000000e+03;1.097972027972028154e+05;8.237566950766550382e-05;1.957008224423611900e-04
7.500000000000000000e+03;1.098461538461538730e+05;1.645015377563233605e-04;1.348988747041594946e-04
7.500000000000000000e+03;1.098951048951049161e+05;2.071884464066382943e-04;4.392711099534147299e-05
7.500000000000000000e+03;1.099440559440559882e+05;2.041501140067271023e-04;-5.718160510519412814e-05
7.500000000000000000e+03;1.099930069930070313e+05;1.536321391340001472e-04;-1.447632134576589476e-04
7.500000000000000000e+03;1.100419580419580743e+05;6.908055490957503244e-05;-1.997655257015332718e-04
7.500000000000000000e+03;1.100909090909091028e+05;-3.180976448616585928e-05;-2.079314137766253613e-04
7.500000000000000000e+03;1.101398601398601750e+05;-1.235693215610276108e-04;-1.708182815219366931e-04
7.500000000000000000e+03;1.101888111888112326e+05;-1.890114946528570017e-04;-9.378225662242950110e-05
7.500000000000000000e+03;1.102377622377622756e+05;-2.108540229491251959e-04;3.280947167798031987e-06
7.500000000000000000e+03;1.102867132867133187e+05;-1.852698827660184374e-04;1.000138734907287963e-04
7.500000000000000000e+03;1.103356643356643908e+05;-1.185628044207181277e-04;1.731935956422952865e-04
7.500000000000000000e+03;1.103846153846154339e+05;-2.550273687460629299e-05;2.087586058270443157e-04
7.500000000000000000e+03;1.104335664335664624e+05;7.316949353254477808e-05;1.962240542495743935e-04
7.500000000000000000e+03;1.104825174825175054e+05;1.554505007465022983e-04;1.408331944297962495e-04
7.500000000000000000e+03;1.105314685314685630e+05;2.020986831775691786e-04;5.410329595759917382e-05
7.500000000000000000e+03;1.105804195804196352e+05;2.050148068079426654e-04;-4.479022462958942786e-05
7.500000000000000000e+03;1.106293706293706782e+05;1.611343543419536527e-04;-1.330635632115324482e-04
7.500000000000000000e+03;1.106783216783217213e+05;8.308543003168832703e-05;-1.919997677220536703e-04
7.500000000000000000e+03;1.107272727272728080e+05;-1.461520626473836721e-05;-2.081620686892682933e-04
7.500000000000000000e+03;1.107762237762238074e+05;-1.070882400082893813e-04;-1.786604915967271120e-04
7.500000000000000000e+03;1.108251748251748795e+05;-1.775827770315763384e-04;-1.093922414207312648e-04
7.500000000000000000e+03;1.108741258741259226e+05;-2.072548510719687364e-04;-1.723975751706518727e-05
7.500000000000000000e+03;1.109230769230769802e+05;-1.928153882768684102e-04;7.995295969857148992e-05
7.500000000000000000e+03;1.109720279720280232e+05;-1.350187569768760798e-04;1.578272213025028311e-04
7.500000000000000000e+03;1.110209790209790808e+05;-4.912459230040634560e-05;2.022036011781036655e-04
7.500000000000000000e+03;1.110699300699301675e+05;4.845922945869305851e-05;2.020178057284927151e-04
7.500000000000000000e+03;1.111188811188811960e+05;1.342749432246352875e-04;1.579781823328940606e-04
7.500000000000000000e+03;1.111678321678322391e+05;1.910980834101636287e-04;7.912042371185679405e-05
7.500000000000000000e+03;1.112167832167832821e+05;2.066365511623056875e-04;-1.517770841306872433e-05
7.500000000000000000e+03;1.112657342657343397e+05;1.767466890930137480e-04;-1.077584858792040115e-04
7.500000000000000000e+03;1.113146853146853973e+05;1.094443933553492605e-04;-1.758905300997854631e-04
7.500000000000000000e+03;1.113636363636364404e+05;1.818643151221889620e-05;-2.057003247061657493e-04
7.500000000000000000e+03;1.114125874125874543e+05;-7.595031106343503636e-05;-1.919605495268936874e-04
7.500000000000000000e+03;1.114615384615385410e+05;-1.550204122501405084e-04;-1.369472269357985511e-04
7.500000000000000000e+03;1.115104895104895841e+05;-1.984707483469445681e-04;-5.176764158251540086e-05
7.500000000000000000e+03;1.115594405594406417e+05;-2.015479099522386947e-04;4.303631226335514657e-05
7.500000000000000000e+03;1.116083916083916847e+05;-1.599132992038274027e-04;1.288566910330656771e-04
7.500000000000000000e+03;1.116573426573427423e+05;-8.538575632885647389e-05;1.877741133468868707e-04
7.500000000000000000e+03;1.117062937062937854e+05;8.355781628144565189e-06;2.053357202310309684e-04
7.500000000000000000e+03;1.117552447552448139e+05;9.830043893583807920e-05;1.801327939436149560e-04
7.500000000000000000e+03;1.118041958041958569e+05;1.692060626004920703e-04;1.167956398682581059e-04
7.500000000000000000e+03;1.118531468531469436e+05;2.027060253284281098e-04;2.855095693096569394e-05
7.500000000000000000e+03;1.119020979020979867e+05;1.935729121228689975e-04;-6.541164712798918984e-05
7.500000000000000000e+03;1.119510489510490443e+05;1.440640484772776205e-04;-1.446134264879774542e-04
7.500000000000000000e+03;1.120000000000000873e+05;6.389822593435799116e-05;-1.945654742981276332e-04
7.500000000000000000e+03;1.120489510489511595e+05;-2.952476411017195302e-05;-2.019455883989754901e-04
7.500000000000000000e+03;1.120979020979022025e+05;-1.166325038530958736e-04;-1.679667691332657818e-04
7.500000000000000000e+03;1.121468531468532310e+05;-1.783834463032355551e-04;-9.865448811614988347e-05
7.500000000000000000e+03;1.121958041958042741e+05;-2.045132723011123751e-04;-8.646670096910424568e-06
7.500000000000000000e+03;1.122447552447553317e+05;-1.856551022549309058e-04;8.311556628859645239e-05
7.500000000000000000e+03;1.122937062937063747e+05;-1.304302523661582814e-04;1.563917972817666763e-04
7.500000000000000000e+03;1.123426573426574323e+05;-4.644608352181475816e-05;1.985214884239038121e-04
7.500000000000000000e+03;1.123916083916084754e+05;4.536800112841124451e-05;1.983797176675211604e-04
7.500000000000000000e+03;1.124405594405595330e+05;1.293252803865159114e-04;1.570457018659250506e-04
7.500000000000000000e+03;1.124895104895105760e+05;1.842240352769409042e-04;8.431211556668052182e-05
7.500000000000000000e+03;1.125384615384616191e+05;2.032829063978825541e-04;-6.415127642128780244e-06
7.500000000000000000e+03;1.125874125874126767e+05;1.783223673677052307e-04;-9.558385896130313644e-05
7.500000000000000000e+03;1.126363636363637197e+05;1.183489335222739268e-04;-1.645760018221920735e-04
7.500000000000000000e+03;1.126853146853147773e+05;3.314422771613274740e-05;-1.994186227415901545e-04
7.500000000000000000e+03;1.127342657342657913e+05;-5.787031127420693072e-05;-1.944738524906862985e-04
7.500000000000000000e+03;1.127832167832168343e+05;-1.375794679382359622e-04;-1.482122684314215641e-04
7.500000000000000000e+03;1.128321678321679210e+05;-1.883281400607278574e-04;-7.314087611534392285e-05
7.500000000000000000e+03;1.128811188811189641e+05;-2.010390730314265796e-04;1.756576060177681491e-05
7.500000000000000000e+03;1.129300699300700217e+05;-1.727846075516113603e-04;1.035594642929480304e-04
7.500000000000000000e+03;1.129790209790210647e+05;-1.091822556159154913e-04;1.695415278844959305e-04
7.500000000000000000e+03;1.130279720279721369e+05;-2.406187772247493756e-05;1.996143094777518326e-04
7.500000000000000000e+03;1.130769230769231654e+05;6.621869356063320926e-05;1.903641935684254169e-04
7.500000000000000000e+03;1.131258741258742084e+05;1.423706751190638236e-04;1.418813402110827542e-04
7.500000000000000000e+03;1.131748251748252515e+05;1.903772243055643944e-04;6.556947412444278582e-05
7.500000000000000000e+03;1.132237762237763091e+05;1.990999042757271868e-04;-2.447235101717870466e-05
7.500000000000000000e+03;1.132727272727273521e+05;1.685468111255287993e-04;-1.087751785909095453e-04
7.500000000000000000e+03;1.133216783216784097e+05;1.037496417787574015e-04;-1.712754783267309011e-04
7.500000000000000000e+03;1.133706293706294964e+05;1.866442418385932226e-05;-1.995512066553561991e-04
7.500000000000000000e+03;1.134195804195805104e+05;-7.035128594604092502e-05;-1.873351328573054332e-04
7.500000000000000000e+03;1.134685314685315534e+05;-1.446764897313532845e-04;-1.383855152965009010e-04
7.500000000000000000e+03;1.135174825174825964e+05;-1.903394176747227244e-04;-6.115392270550845059e-05
7.500000000000000000e+03;1.135664335664336541e+05;-1.980571130526126997e-04;2.705016439348768061e-05
7.500000000000000000e+03;1.136153846153846971e+05;-1.661337956574783286e-04;1.109445697871698662e-04
7.500000000000000000e+03;1.136643356643357547e+05;-1.017640718201762406e-04;1.713502689754423602e-04
7.500000000000000000e+03;1.137132867132867686e+05;-1.696879672572672795e-05;1.991654711672086642e-04
7.500000000000000000e+03;1.137622377622378117e+05;7.045200997544223437e-05;1.859555565882662709e-04
7.500000000000000000e+03;1.138111888111888984e+05;1.445257076646108327e-04;1.379587088593173911e-04
7.500000000000000000e+03;1.138601398601399414e+05;1.892115129391835882e-04;6.111089711246516865e-05
7.500000000000000000e+03;1.139090909090909990e+05;1.972778457278440004e-04;-2.606376629250645998e-05
7.500000000000000000e+03;1.139580419580420421e+05;1.660710551523485656e-04;-1.091096229578087122e-04
7.500000000000000000e+03;1.140069930069931142e+05;1.031949967413303161e-04;-1.695273715897694169e-04
7.500000000000000000e+03;1.140559440559441282e+05;1.915019194893161433e-05;-1.978131425852497848e-04
7.500000000000000000e+03;1.141048951048951858e+05;-6.723626383682940958e-05;-1.862907608186075575e-04
7.500000000000000000e+03;1.141538461538462288e+05;-1.410509740558898062e-04;-1.393595512056139266e-04
7.500000000000000000e+03;1.142027972027972864e+05;-1.871512744349958983e-04;-6.497530976284885567e-05
7.500000000000000000e+03;1.142517482517483295e+05;-1.967569773613138677e-04;2.180675988855025412e-05
7.500000000000000000e+03;1.143006993006993725e+05;-1.677148059028027579e-04;1.039665571579955080e-04
7.500000000000000000e+03;1.143496503496504010e+05;-1.072746160550383255e-04;1.662357216773164680e-04
7.500000000000000000e+03;1.143986013986014877e+05;-2.531619140404904969e-05;1.956698413132290843e-04
7.500000000000000000e+03;1.144475524475525308e+05;6.126393031392027321e-05;1.879726149825963776e-04
7.500000000000000000e+03;1.144965034965036029e+05;1.352425311150291169e-04;1.433312798173857203e-04
7.500000000000000000e+03;1.145454545454546169e+05;1.836735584712380061e-04;7.212870281442025253e-05
7.500000000000000000e+03;1.145944055944056890e+05;1.968252870362866393e-04;-1.396292700279630169e-05
7.500000000000000000e+03;1.146433566433567321e+05;1.716318587467391345e-04;-9.576764674708071511e-05
7.500000000000000000e+03;1.146923076923077606e+05;1.140382633700557258e-04;-1.605194921538155030e-04
7.500000000000000000e+03;1.147412587412588473e+05;3.506296211185413856e-05;-1.932975305741419024e-04
7.500000000000000000e+03;1.147902097902098903e+05;-5.117829665072562136e-05;-1.900625713957819918e-04
7.500000000000000000e+03;1.148391608391609334e+05;-1.270443806388484422e-04;-1.498018101390724425e-04
7.500000000000000000e+03;1.148881118881119764e+05;-1.785506067730462804e-04;-8.204495509783423825e-05
7.500000000000000000e+03;1.149370629370630631e+05;-1.964983554849366546e-04;1.975541149643059002e-06
7.500000000000000000e+03;1.149860139860140916e+05;-1.769907050994013083e-04;8.493280909052907789e-05
7.500000000000000000e+03;1.150349650349651201e+05;-1.239926329627597760e-04;1.518502193955697502e-04
7.500000000000000000e+03;1.150839160839161632e+05;-4.780403991779371889e-05;1.899947070740152209e-04
7.500000000000000000e+03;1.151328671328672208e+05;3.705670406265558758e-05;1.920920476392523688e-04
7.500000000000000000e+03;1.151818181818182784e+05;1.152539858479257711e-04;1.584458466014995216e-04
7.500000000000000000e+03;1.152307692307693360e+05;1.711581595628127817e-04;9.424230197992864908e-05
7.500000000000000000e+03;1.152797202797203790e+05;1.952706494479883000e-04;1.363882197199722369e-05
7.500000000000000000e+03;1.153286713286714512e+05;1.824482731128734478e-04;-7.060192580948140254e-05
7.500000000000000000e+03;1.153776223776224651e+05;1.361145518335347103e-04;-1.404535343640757664e-04
7.500000000000000000e+03;1.154265734265735227e+05;6.378937691139964213e-05;-1.850923583336388937e-04
7.500000000000000000e+03;1.154755244755245803e+05;-1.947259845053840867e-05;-1.937478049615772664e-04
7.500000000000000000e+03;1.155244755244756234e+05;-9.950642703379652693e-05;-1.682281741719934267e-04
7.500000000000000000e+03;1.155734265734266664e+05;-1.604529883130519769e-04;-1.096588742762290893e-04
7.500000000000000000e+03;1.156223776223777095e+05;-1.918689405765378118e-04;-3.240877518954808975e-05
7.500000000000000000e+03;1.156713286713287380e+05;-1.871808392879120979e-04;5.176982120000070566e-05
7.500000000000000000e+03;1.157202797202798247e+05;-1.485286992332353437e-04;1.252560245236126275e-04
7.500000000000000000e+03;1.157692307692308677e+05;-8.192420317547977396e-05;1.766028981242069096e-04
7.500000000000000000e+03;1.158181818181819108e+05;-7.105962682612129290e-07;1.941826623114804992e-04
7.500000000000000000e+03;1.158671328671329538e+05;8.052010111385701459e-05;1.769405583459872258e-04
7.500000000000000000e+03;1.159160839160840405e+05;1.469439078164770131e-04;1.268671272155409886e-04
7.500000000000000000e+03;1.159650349650350690e+05;1.862293267921595445e-04;5.368717768875862076e-05
7.500000000000000000e+03;1.160139860139860975e+05;1.912441019419237615e-04;-2.895251417685245900e-05
7.500000000000000000e+03;1.160629370629371406e+05;1.614594620166364563e-04;-1.063861348366332808e-04
7.500000000000000000e+03;1.161118881118881982e+05;1.023047735828849124e-04;-1.637615888176307546e-04
7.500000000000000000e+03;1.161608391608392558e+05;2.428295781929513914e-05;-1.918961673849002049e-04
7.500000000000000000e+03;1.162097902097903134e+05;-5.747924201080941272e-05;-1.840850033553874843e-04
7.500000000000000000e+03;1.162587412587413564e+05;-1.291114895130018609e-04;-1.439658795358681495e-04
7.500000000000000000e+03;1.163076923076924286e+05;-1.769659325152428506e-04;-7.661837756913557449e-05
7.500000000000000000e+03;1.163566433566434425e+05;-1.928027214873356430e-04;3.196096151866323169e-06
7.500000000000000000e+03;1.164055944055944856e+05;-1.736564950213358583e-04;8.361815137407737405e-05
7.500000000000000000e+03;1.164545454545455577e+05;-1.234802384980054196e-04;1.474427707728786163e-04
7.500000000000000000e+03;1.165034965034966008e+05;-5.086743173392182599e-05;1.859047934640833922e-04
7.500000000000000000e+03;1.165524475524476438e+05;3.051423723384115270e-05;1.896143077154550905e-04
7.500000000000000000e+03;1.166013986013986869e+05;1.063156472963586315e-04;1.604065999224145163e-04
7.500000000000000000e+03;1.166503496503497008e+05;1.629604695246395982e-04;1.015549766477965953e-04
7.500000000000000000e+03;1.166993006993007875e+05;1.902083185506064987e-04;2.539901551434710266e-05
7.500000000000000000e+03;1.167482517482518451e+05;1.835683257486826682e-04;-5.573628606909477332e-05
7.500000000000000000e+03;1.167972027972028882e+05;1.439886017167044889e-04;-1.262109467324232779e-04
7.500000000000000000e+03;1.168461538461539312e+05;7.914625806342028740e-05;-1.745186204367202276e-04
7.500000000000000000e+03;1.168951048951050034e+05;5.943608419496491920e-08;-1.914563935073244406e-04
7.500000000000000000e+03;1.169440559440560464e+05;-7.857544266188094513e-05;-1.742184057197425427e-04
7.500000000000000000e+03;1.169930069930070749e+05;-1.432837518873625554e-04;-1.265580317085934368e-04
7.500000000000000000e+03;1.170419580419581180e+05;-1.822633030165735025e-04;-5.614485323786323984e-05
7.500000000000000000e+03;1.170909090909091756e+05;-1.892487992765078412e-04;2.370292667922489275e-05
7.500000000000000000e+03;1.171398601398602186e+05;-1.623147228248748429e-04;9.950051759221558085e-05
7.500000000000000000e+03;1.171888111888112762e+05;-1.072722301839322708e-04;1.570132480423974762e-04
7.500000000000000000e+03;1.172377622377623338e+05;-3.329016843646894332e-05;1.876373428254454604e-04
7.500000000000000000e+03;1.172867132867134060e+05;4.656711241869851929e-05;1.842497129043336199e-04
7.500000000000000000e+03;1.173356643356644199e+05;1.177855700820154463e-04;1.492868238943331760e-04
7.500000000000000000e+03;1.173846153846154630e+05;1.682624439776114257e-04;8.767896858801245842e-05
7.500000000000000000e+03;1.174335664335665206e+05;1.894706435017102922e-04;1.147634758120214213e-05
7.500000000000000000e+03;1.174825174825175782e+05;1.772278971736935345e-04;-6.741704705878748521e-05
7.500000000000000000e+03;1.175314685314686212e+05;1.339767629258694856e-04;-1.334652507266287868e-04
7.500000000000000000e+03;1.175804195804196643e+05;6.809551876786563767e-05;-1.768158827784551063e-04
7.500000000000000000e+03;1.176293706293706782e+05;-1.022058139353480366e-05;-1.889202824249436210e-04
7.500000000000000000e+03;1.176783216783217649e+05;-8.625613986582369801e-05;-1.686110062253951610e-04
7.500000000000000000e+03;1.177272727272728225e+05;-1.470494745241672280e-04;-1.183960943987491895e-04
7.500000000000000000e+03;1.177762237762238656e+05;-1.824662388121271349e-04;-4.871806511682711538e-05
7.500000000000000000e+03;1.178251748251748941e+05;-1.864286009539143285e-04;2.996468839550807064e-05
7.500000000000000000e+03;1.178741258741259808e+05;-1.576608831092814536e-04;1.029985884497260860e-04
7.500000000000000000e+03;1.179230769230769947e+05;-1.023083199677749693e-04;1.582272517281961099e-04
7.500000000000000000e+03;1.179720279720280523e+05;-2.935732335737847469e-05;1.857299007920262942e-04
7.500000000000000000e+03;1.180209790209790954e+05;4.875835488082831307e-05;1.820845250239320990e-04
7.500000000000000000e+03;1.180699300699301384e+05;1.180084378470626420e-04;1.462261795168007359e-04
7.500000000000000000e+03;1.181188811188811960e+05;1.669913185744710982e-04;8.603631755052689031e-05
7.500000000000000000e+03;1.181678321678322391e+05;1.873374373730232550e-04;1.110002992960212360e-05
7.500000000000000000e+03;1.182167832167832530e+05;1.757059395286114710e-04;-6.559401836005336866e-05
7.500000000000000000e+03;1.182657342657343397e+05;1.337689032548658517e-04;-1.311205363631906290e-04
7.500000000000000000e+03;1.183146853146853973e+05;6.962844295656174824e-05;-1.736035364067699250e-04
7.500000000000000000e+03;1.183636363636364404e+05;-6.658921962872624079e-06;-1.871045598582170267e-04
7.500000000000000000e+03;1.184125874125874834e+05;-8.138032822617815350e-05;-1.683749146701027041e-04
7.500000000000000000e+03;1.184615384615385556e+05;-1.423825794066419751e-04;-1.210221785417970095e-04
7.500000000000000000e+03;1.185104895104895986e+05;-1.787904509097562437e-04;-5.369233217400749125e-05
7.500000000000000000e+03;1.185594405594406126e+05;-1.853664271454751186e-04;2.317330989792210243e-05
7.500000000000000000e+03;1.186083916083916556e+05;-1.601446576059167458e-04;9.563730495214728053e-05
7.500000000000000000e+03;1.186573426573427278e+05;-1.082336032250374042e-04;1.519780492068344222e-04
7.500000000000000000e+03;1.187062937062937708e+05;-3.815825085139448942e-05;1.825426404514018746e-04
7.500000000000000000e+03;1.187552447552448284e+05;3.830007452991020012e-05;1.828980657297224152e-04
7.500000000000000000e+03;1.188041958041958860e+05;1.081911914608392700e-04;1.514409845592260581e-04
7.500000000000000000e+03;1.188531468531469582e+05;1.596576877127617983e-04;9.613603519121784863e-05
7.500000000000000000e+03;1.189020979020979721e+05;1.844896112593969416e-04;2.363753379824497659e-05
7.500000000000000000e+03;1.189510489510490152e+05;1.785341990382925974e-04;-5.204933602467620599e-05
7.500000000000000000e+03;1.190000000000000728e+05;1.422980594073335839e-04;-1.192064225560969483e-04
7.500000000000000000e+03;1.190489510489511304e+05;8.314341216229509770e-05;-1.657769855895122589e-04
7.500000000000000000e+03;1.190979020979021734e+05;9.654058260317910337e-06;-1.859055382837088285e-04
7.500000000000000000e+03;1.191468531468532165e+05;-6.500854569678684192e-05;-1.736656733281836127e-04
7.500000000000000000e+03;1.191958041958042304e+05;-1.289413559282170051e-04;-1.336012606693888082e-04
7.500000000000000000e+03;1.192447552447553171e+05;-1.709513066082512091e-04;-7.135996223111514588e-05
7.500000000000000000e+03;1.192937062937063456e+05;-1.854941164423793624e-04;2.881565155707162385e-06
7.500000000000000000e+03;1.193426573426574178e+05;-1.682797663397146606e-04;7.638839495589217041e-05
7.500000000000000000e+03;1.193916083916084608e+05;-1.242780777196913241e-04;1.368803427837081877e-04
7.500000000000000000e+03;1.194405594405595330e+05;-5.926703357687865698e-05;1.749782449103087258e-04
7.500000000000000000e+03;1.194895104895105760e+05;1.486716134539807626e-05;1.845609901921642197e-04
7.500000000000000000e+03;1.195384615384616045e+05;8.707888786855494498e-05;1.628461722649039668e-04
7.500000000000000000e+03;1.195874125874126330e+05;1.440148791317777182e-04;1.157425811659507629e-04
7.500000000000000000e+03;1.196363636363637052e+05;1.781819992752196663e-04;4.870667047615033219e-05
7.500000000000000000e+03;1.196853146853147482e+05;1.823369938437748657e-04;-2.523926242272507054e-05
7.500000000000000000e+03;1.197342657342658058e+05;1.574435368122294101e-04;-9.587446852532092729e-05
7.500000000000000000e+03;1.197832167832168489e+05;1.062332381502296502e-04;-1.494425795797568648e-04
7.500000000000000000e+03;1.198321678321679356e+05;3.846208063964537763e-05;-1.800264148807587496e-04
7.500000000000000000e+03;1.198811188811189495e+05;-3.590786661777199690e-05;-1.798038094142382162e-04
7.500000000000000000e+03;1.199300699300699926e+05;-1.039483452419729916e-04;-1.516290524281753752e-04
7.500000000000000000e+03;1.199790209790210502e+05;-1.554165736707387516e-04;-9.781456186011970480e-05
7.500000000000000000e+03;1.200279720279720932e+05;-1.810125201629668521e-04;-2.922040654667505268e-05
7.500000000000000000e+03;1.200769230769231363e+05;-1.779365208890835873e-04;4.485323805584720991e-05
7.500000000000000000e+03;1.201258741258741939e+05;-1.457493435588656859e-04;1.107955149641782865e-04
7.500000000000000000e+03;1.201748251748252078e+05;-9.008726477359667686e-05;1.593609315380870300e-04
7.500000000000000000e+03;1.202237762237762799e+05;-2.021757257790030468e-05;1.817620656512578122e-04
7.500000000000000000e+03;1.202727272727273230e+05;5.278642302817994884e-05;1.750352265473450455e-04
7.500000000000000000e+03;1.203216783216783806e+05;1.174949461553924341e-04;1.403517882516544448e-04
7.500000000000000000e+03;1.203706293706294382e+05;1.629042261303494826e-04;8.289575466167788706e-05
7.500000000000000000e+03;1.204195804195805104e+05;1.822020432011582148e-04;1.262135029964497006e-05
7.500000000000000000e+03;1.204685314685315534e+05;1.726347273622611477e-04;-5.990810111695683821e-05
7.500000000000000000e+03;1.205174825174825673e+05;1.351495416293580800e-04;-1.222353492025732139e-04
7.500000000000000000e+03;1.205664335664336104e+05;7.636091706225251960e-05;-1.657620294847624942e-04
7.500000000000000000e+03;1.206153846153846825e+05;5.538845502139975912e-06;-1.818022177572677621e-04
7.500000000000000000e+03;1.206643356643357256e+05;-6.607995112214315068e-05;-1.698340827750514893e-04
7.500000000000000000e+03;1.207132867132867686e+05;-1.271424764663610591e-04;-1.302697894813987080e-04
7.500000000000000000e+03;1.207622377622378117e+05;-1.678560637562590615e-04;-7.055188827142699003e-05
7.500000000000000000e+03;1.208111888111888693e+05;-1.819634548139330353e-04;7.727234390503123090e-07
7.500000000000000000e+03;1.208601398601399123e+05;-1.672748643799886988e-04;7.112362680615442806e-05
7.500000000000000000e+03;1.209090909090909699e+05;-1.262627273553346857e-04;1.308769654941513557e-04
7.500000000000000000e+03;1.209580419580420130e+05;-6.539516050302163306e-05;1.694976114437942035e-04
7.500000000000000000e+03;1.210069930069930706e+05;5.824845096744806038e-06;1.813280474829490193e-04
7.500000000000000000e+03;1.210559440559441136e+05;7.556797139205644975e-05;1.649083046023132489e-04
7.500000000000000000e+03;1.211048951048951421e+05;1.337791034217160097e-04;1.224178535863093456e-04
7.500000000000000000e+03;1.211538461538461852e+05;1.706734848457403355e-04;6.090082805345072801e-05
7.500000000000000000e+03;1.212027972027972573e+05;1.807477792997216328e-04;-1.022898081934613727e-05
7.500000000000000000e+03;1.212517482517483004e+05;1.624765288517473279e-04;-7.916688763493993626e-05
7.500000000000000000e+03;1.213006993006993434e+05;1.192591454638798241e-04;-1.363826322549055448e-04
7.500000000000000000e+03;1.213496503496504010e+05;5.684879015081177297e-05;-1.714039903128967220e-04
7.500000000000000000e+03;1.213986013986014732e+05;-1.382938307947636648e-05;-1.804652811618241703e-04
7.500000000000000000e+03;1.214475524475525308e+05;-8.231167996380351606e-05;-1.607490023259528953e-04
7.500000000000000000e+03;1.214965034965035447e+05;-1.380965876276522538e-04;-1.168361653375708955e-04
7.500000000000000000e+03;1.215454545454545878e+05;-1.723330583918513228e-04;-5.417155093036254233e-05
7.500000000000000000e+03;1.215944055944056454e+05;-1.796267856500456759e-04;1.605433482445193938e-05
7.500000000000000000e+03;1.216433566433566884e+05;-1.593072999950532109e-04;8.431377840113435189e-05
7.500000000000000000e+03;1.216923076923077460e+05;-1.146516288397606426e-04;1.387648196112960296e-04
7.500000000000000000e+03;1.217412587412587891e+05;-5.181728104238546507e-05;1.723343593977218766e-04
7.500000000000000000e+03;1.217902097902098321e+05;1.828382557600414008e-05;1.787561120559034772e-04
7.500000000000000000e+03;1.218391608391608897e+05;8.583153875542877723e-05;1.579766725004177325e-04
7.500000000000000000e+03;1.218881118881119328e+05;1.396873227769230479e-04;1.128289608288599949e-04
7.500000000000000000e+03;1.219370629370629904e+05;1.727442477557294639e-04;5.051860733979031637e-05
7.500000000000000000e+03;1.219860139860140480e+05;1.781566283709320629e-04;-1.958348281631180820e-05
7.500000000000000000e+03;1.220349650349650910e+05;1.574385230873525190e-04;-8.634999624223090508e-05
7.500000000000000000e+03;1.220839160839161195e+05;1.118769774845997702e-04;-1.399372051118107270e-04
7.500000000000000000e+03;1.221328671328671626e+05;4.992524316705992054e-05;-1.721508066289463730e-04
7.500000000000000000e+03;1.221818181818182347e+05;-2.032302150334613645e-05;-1.778255746953343161e-04
7.500000000000000000e+03;1.222307692307692778e+05;-8.616155301427070603e-05;-1.566865477390147726e-04
7.500000000000000000e+03;1.222797202797203354e+05;-1.401066132074959333e-04;-1.116211379072678883e-04
7.500000000000000000e+03;1.223286713286713784e+05;-1.717131372712907300e-04;-4.971267861692092515e-05
7.500000000000000000e+03;1.223776223776224506e+05;-1.777687886901986765e-04;1.961662992643347744e-05
7.500000000000000000e+03;1.224265734265734791e+05;-1.565109478291785104e-04;8.580236150688183268e-05
7.500000000000000000e+03;1.224755244755245221e+05;-1.122379874978861862e-04;1.390539296994478642e-04
7.500000000000000000e+03;1.225244755244755652e+05;-5.033224271702964667e-05;1.710228309587540931e-04
7.500000000000000000e+03;1.225734265734266082e+05;1.844718152216944540e-05;1.773104219331300311e-04
7.500000000000000000e+03;1.226223776223776513e+05;8.455121743754429910e-05;1.568602940373259942e-04
7.500000000000000000e+03;1.226713286713287089e+05;1.378342987991730485e-04;1.127620248136076189e-04
7.500000000000000000e+03;1.227202797202797810e+05;1.703177642170208448e-04;5.197551105388873154e-05
7.500000000000000000e+03;1.227692307692308095e+05;1.771636745219809517e-04;-1.658358851195219406e-05
7.500000000000000000e+03;1.228181818181818526e+05;1.573780550763765479e-04;-8.255364546760461132e-05
7.500000000000000000e+03;1.228671328671328956e+05;1.143848742277626317e-04;-1.359604592522826528e-04
7.500000000000000000e+03;1.229160839160839387e+05;5.404993189754162740e-05;-1.689544199256545200e-04
7.500000000000000000e+03;1.229650349650350108e+05;-1.401924360312183664e-05;-1.768113897098627944e-04
7.500000000000000000e+03;1.230139860139860539e+05;-8.000349647415872672e-05;-1.580707332909782954e-04
7.500000000000000000e+03;1.230629370629370969e+05;-1.336438193901438919e-04;-1.160153589843537921e-04
7.500000000000000000e+03;1.231118881118881400e+05;-1.678541177372992895e-04;-5.671343736348632644e-05
7.500000000000000000e+03;1.231608391608391830e+05;-1.765399098807558884e-04;1.089716882135415963e-05
7.500000000000000000e+03;1.232097902097902552e+05;-1.592572434433880307e-04;7.679689701708061083e-05
7.500000000000000000e+03;1.232587412587412982e+05;-1.184989377484179285e-04;1.311265081884821992e-04
7.500000000000000000e+03;1.233076923076923413e+05;-6.022073950893676916e-05;1.660977598140040107e-04
7.500000000000000000e+03;1.233566433566433698e+05;7.022145993063180552e-06;1.763129354510506615e-04
7.500000000000000000e+03;1.234055944055944128e+05;7.278569418368322169e-05;1.607082181860365871e-04
7.500000000000000000e+03;1.234545454545455141e+05;1.278312383631384074e-04;1.212600805742949315e-04
7.500000000000000000e+03;1.235034965034965571e+05;1.641504949997740315e-04;6.418537334772374519e-05
7.500000000000000000e+03;1.235524475524475856e+05;1.759373969882497613e-04;-2.242915668546123465e-06
7.500000000000000000e+03;1.236013986013986287e+05;1.621026536615246074e-04;-6.817214558645994470e-05
7.500000000000000000e+03;1.236503496503496717e+05;1.244253621506259233e-04;-1.241631574884218231e-04
7.500000000000000000e+03;1.236993006993007293e+05;6.871525624902079048e-05;-1.614749974718739166e-04
7.500000000000000000e+03;1.237482517482517724e+05;2.828856294291559531e-06;-1.755078289921875438e-04
7.500000000000000000e+03;1.237972027972028154e+05;-6.314180978129003486e-05;-1.636344833493238483e-04
7.500000000000000000e+03;1.238461538461538876e+05;-1.198726145388390131e-04;-1.279160894024953621e-04
7.500000000000000000e+03;1.238951048951049306e+05;-1.590104193439615028e-04;-7.360270167706518352e-05
7.500000000000000000e+03;1.239440559440559737e+05;-1.750766182700036640e-04;-8.888373845607272847e-06
7.500000000000000000e+03;1.239930069930070458e+05;-1.654384172697395781e-04;5.744121055276297003e-05
7.500000000000000000e+03;1.240419580419580743e+05;-1.318846656038626618e-04;1.149362473979696222e-04
7.500000000000000000e+03;1.240909090909091174e+05;-7.952290705322066203e-05;1.558278456702630755e-04
7.500000000000000000e+03;1.241398601398601604e+05;-1.525077978349030311e-05;1.741127100898576848e-04
7.500000000000000000e+03;1.241888111888112180e+05;5.076993821600723919e-05;1.672023677927138763e-04
7.500000000000000000e+03;1.242377622377622611e+05;1.094152024782393297e-04;1.359790987273315065e-04
7.500000000000000000e+03;1.242867132867133332e+05;1.522230573073798661e-04;8.539139102665882963e-05
7.500000000000000000e+03;1.243356643356643617e+05;1.732864209005805097e-04;2.248494491079986352e-05
7.500000000000000000e+03;1.243846153846154048e+05;1.687511936409401671e-04;-4.361326407963226384e-05
7.500000000000000000e+03;1.244335664335664769e+05;1.407514515718851313e-04;-1.033340154845338994e-04
7.500000000000000000e+03;1.244825174825175200e+05;9.207484600503548951e-05;-1.480781800230479832e-04
7.500000000000000000e+03;1.245314685314685630e+05;3.045497240018113847e-05;-1.716134649010601790e-04
7.500000000000000000e+03;1.245804195804196061e+05;-3.546352100629614597e-05;-1.706389054128499476e-04
7.500000000000000000e+03;1.246293706293706637e+05;-9.601190053977728327e-05;-1.451031874471556398e-04
7.500000000000000000e+03;1.246783216783216922e+05;-1.432152448784847351e-04;-9.900741544245444080e-05
7.500000000000000000e+03;1.247272727272727352e+05;-1.693818677716402404e-04;-3.895381890004983265e-05
7.500000000000000000e+03;1.247762237762238074e+05;-1.717557919842895356e-04;2.670343726940918678e-05
7.500000000000000000e+03;1.248251748251748504e+05;-1.496907488096624274e-04;8.842916829489481478e-05
7.500000000000000000e+03;1.248741258741258935e+05;-1.061262550272950108e-04;1.373612902726464836e-04
7.500000000000000000e+03;1.249230769230769656e+05;-4.789985697645206492e-05;1.668833537273005645e-04
7.500000000000000000e+03;1.249720279720279650e+05;1.710764691923447053e-05;1.727078834686955784e-04
7.500000000000000000e+03;1.250209790209790081e+05;7.971753515845919624e-05;1.539789728328763035e-04
7.500000000000000000e+03;1.250699300699300948e+05;1.308627735247818336e-04;1.136246102597322826e-04
7.500000000000000000e+03;1.251188811188811378e+05;1.631060126778283983e-04;5.725648877789566875e-05
7.500000000000000000e+03;1.251678321678321809e+05;1.730576137673217499e-04;-7.049776115647353933e-06
7.500000000000000000e+03;1.252167832167832530e+05;1.577593024410649952e-04;-7.030449026757471648e-05
7.500000000000000000e+03;1.252657342657342961e+05;1.207204966586014079e-04;-1.236057772639486720e-04
7.500000000000000000e+03;1.253146853146853246e+05;6.671231095683190606e-05;-1.592631172256418553e-04
7.500000000000000000e+03;1.253636363636363676e+05;3.492083354400348809e-06;-1.727108237316318329e-04
7.500000000000000000e+03;1.254125874125874398e+05;-6.075577066873443958e-05;-1.619412324528057021e-04
7.500000000000000000e+03;1.254615384615384828e+05;-1.153875893183819475e-04;-1.282920574108445898e-04
7.500000000000000000e+03;1.255104895104895259e+05;-1.547456547248931939e-04;-7.683706313301245895e-05
7.500000000000000000e+03;1.255594405594405835e+05;-1.721116951231905817e-04;-1.508735145400155011e-05
7.500000000000000000e+03;1.256083916083916120e+05;-1.654026614987309676e-04;4.939392033945593077e-05
7.500000000000000000e+03;1.256573426573426550e+05;-1.355815917383524521e-04;1.063663841846465704e-04
7.500000000000000000e+03;1.257062937062936981e+05;-8.752573985482462165e-05;1.484993460358990881e-04
7.500000000000000000e+03;1.257552447552447702e+05;-2.656101475637374402e-05;1.701856026343641479e-04
7.500000000000000000e+03;1.258041958041957841e+05;3.750267476875037044e-05;1.683223517923078687e-04
7.500000000000000000e+03;1.258531468531468854e+05;9.628074197268711378e-05;1.424215123476036305e-04
7.500000000000000000e+03;1.259020979020979285e+05;1.419480352851074675e-04;9.779310712353629577e-05
7.500000000000000000e+03;1.259510489510489570e+05;1.678305832947316859e-04;3.913465811841429970e-05
7.500000000000000000e+03;1.260000000000000291e+05;1.704031344141948502e-04;-2.486834297599031717e-05
7.500000000000000000e+03;1.260489510489510722e+05;1.496759516587207865e-04;-8.522650568262932907e-05
7.500000000000000000e+03;1.260979020979021152e+05;1.084512235830822061e-04;-1.335348962440183033e-04
7.500000000000000000e+03;1.261468531468531437e+05;5.207282110213951336e-05;-1.641058541027744287e-04
7.500000000000000000e+03;1.261958041958042159e+05;-1.085416737387266194e-05;-1.714851048133339854e-04
7.500000000000000000e+03;1.262447552447552443e+05;-7.274569198367186978e-05;-1.555732640158825029e-04
7.500000000000000000e+03;1.262937062937062874e+05;-1.239788035194282515e-04;-1.184977720250624233e-04
7.500000000000000000e+03;1.263426573426573595e+05;-1.586771382898129223e-04;-6.525126034373366149e-05
7.500000000000000000e+03;1.263916083916084026e+05;-1.712068350216885406e-04;-2.982083684345251796e-06
7.500000000000000000e+03;1.264405594405594748e+05;-1.607627790711747904e-04;5.930814903752852277e-05
7.500000000000000000e+03;1.264895104895104887e+05;-1.277603334889460766e-04;1.134830201799177522e-04
7.500000000000000000e+03;1.265384615384615608e+05;-7.839713370740253274e-05;1.522086766360229585e-04
7.500000000000000000e+03;1.265874125874126039e+05;-1.735904464648842853e-05;1.700817253915181608e-04
7.500000000000000000e+03;1.266363636363636469e+05;4.512220619425155266e-05;1.647740518478583278e-04
7.500000000000000000e+03;1.266853146853146900e+05;1.017616401333815135e-04;1.371812384894048468e-04
7.500000000000000000e+03;1.267342657342657621e+05;1.442668045148756348e-04;9.110111806788460530e-05
7.500000000000000000e+03;1.267832167832168052e+05;1.677033708771326381e-04;3.263908221776904827e-05
7.500000000000000000e+03;1.268321678321678482e+05;1.674991991927445370e-04;-3.005808321732452356e-05
7.500000000000000000e+03;1.268811188811188767e+05;1.456290162464167937e-04;-8.854628238685307976e-05
7.500000000000000000e+03;1.269300699300699198e+05;1.036145173447961676e-04;-1.350110631945965407e-04
7.500000000000000000e+03;1.269790209790209919e+05;4.773286187223367327e-05;-1.632422479973092864e-04
7.500000000000000000e+03;1.270279720279720350e+05;-1.429743919336535314e-05;-1.693963424421721824e-04
7.500000000000000000e+03;1.270769230769230926e+05;-7.430471758759965085e-05;-1.527084753432951232e-04
7.500000000000000000e+03;1.271258741258741356e+05;-1.244773106177835095e-04;-1.156447235031915813e-04
7.500000000000000000e+03;1.271748251748251787e+05;-1.576009174069564550e-04;-6.314090102813623893e-05
7.500000000000000000e+03;1.272237762237762508e+05;-1.695751402436629710e-04;-2.099248673303406366e-06
7.500000000000000000e+03;1.272727272727272502e+05;-1.591934333864128491e-04;5.896693195920356650e-05
7.500000000000000000e+03;1.273216783216783224e+05;-1.269514009714654064e-04;1.119888400526881364e-04
7.500000000000000000e+03;1.273706293706293945e+05;-7.850952013536461899e-05;1.501576007628134307e-04
7.500000000000000000e+03;1.274195804195804376e+05;-1.916979986475405686e-05;1.682024567422018126e-04
7.500000000000000000e+03;1.274685314685314806e+05;4.228487847944458746e-05;1.635229363808261599e-04
7.500000000000000000e+03;1.275174825174825237e+05;9.818320021278046880e-05;1.375457966771629996e-04
7.500000000000000000e+03;1.275664335664335667e+05;1.405431984549914803e-04;9.306081794803931718e-05
7.500000000000000000e+03;1.276153846153846098e+05;1.648392913796492348e-04;3.632825414771699958e-05
7.500000000000000000e+03;1.276643356643356528e+05;1.663129413453159086e-04;-2.508674071466251865e-05
7.500000000000000000e+03;1.277132867132866959e+05;1.464521766251455936e-04;-8.286301740035917135e-05
7.500000000000000000e+03;1.277622377622377680e+05;1.069450614609500312e-04;-1.299769052126805737e-04
7.500000000000000000e+03;1.278111888111888111e+05;5.333319654207817090e-05;-1.594020953203390001e-04
7.500000000000000000e+03;1.278601398601398396e+05;-7.285476709765850835e-06;-1.679799261565949775e-04
7.500000000000000000e+03;1.279090909090908826e+05;-6.648649120698860431e-05;-1.542530746187836474e-04
7.500000000000000000e+03;1.279580419580419548e+05;-1.173252064314462835e-04;-1.203285923660502043e-04
7.500000000000000000e+03;1.280069930069929978e+05;-1.523454001112730988e-04;-7.058122437789158610e-05
7.500000000000000000e+03;1.280559440559440409e+05;-1.672124908449053272e-04;-1.157379071264540207e-05
7.500000000000000000e+03;1.281048951048951130e+05;-1.603118752913253718e-04;4.868623151124539677e-05
7.500000000000000000e+03;1.281538461538461706e+05;-1.322782110734294558e-04;1.025605217742739140e-04
7.500000000000000000e+03;1.282027972027971991e+05;-8.690584430777841787e-05;1.428428187239396763e-04
7.500000000000000000e+03;1.282517482517482422e+05;-3.027068495812908485e-05;1.645830319457749840e-04
7.500000000000000000e+03;1.283006993006992852e+05;3.019412832898315087e-05;1.641383768299258309e-04
7.500000000000000000e+03;1.283496503496503574e+05;8.665252423498060374e-05;1.432100819754169121e-04
7.500000000000000000e+03;1.283986013986014004e+05;1.318843821928254018e-04;1.027265445776911476e-04
7.500000000000000000e+03;1.284475524475524435e+05;1.595696588112138108e-04;4.953488183566645667e-05
7.500000000000000000e+03;1.284965034965034720e+05;1.667392831546251849e-04;-1.048195796267840430e-05
7.500000000000000000e+03;1.285454545454545441e+05;1.520619031295169924e-04;-6.830312218520428265e-05
7.500000000000000000e+03;1.285944055944056017e+05;1.179182099775346866e-04;-1.183299417805283983e-04
7.500000000000000000e+03;1.286433566433566448e+05;6.800310402298638415e-05;-1.515834558817662854e-04
7.500000000000000000e+03;1.286923076923076878e+05;1.028119838756450098e-05;-1.662302042962383864e-04
7.500000000000000000e+03;1.287412587412587600e+05;-4.972449679918342969e-05;-1.586318959210927728e-04
7.500000000000000000e+03;1.287902097902098030e+05;-1.022550841054632650e-04;-1.311039788610331722e-04
7.500000000000000000e+03;1.288391608391608315e+05;-1.422417329827264172e-04;-8.599775458509397754e-05
7.500000000000000000e+03;1.288881118881118746e+05;-1.630855484918882078e-04;-3.068295225071055073e-05
7.500000000000000000e+03;1.289370629370629467e+05;-1.638107247374153905e-04;2.919237123289496067e-05
7.500000000000000000e+03;1.289860139860139898e+05;-1.422240621968169096e-04;8.478636840654135503e-05
7.500000000000000000e+03;1.290349650349650328e+05;-1.037878897049124055e-04;1.295864195501715435e-04
7.500000000000000000e+03;1.290839160839160904e+05;-5.077758927077320733e-05;1.576062160388284775e-04
7.500000000000000000e+03;1.291328671328671335e+05;7.694878340257840641e-06;1.652873991925226434e-04
7.500000000000000000e+03;1.291818181818181911e+05;6.568791155690586873e-05;1.520400358114530745e-04
7.500000000000000000e+03;1.292307692307692341e+05;1.147165631658591113e-04;1.189270873691506867e-04
7.500000000000000000e+03;1.292797202797202772e+05;1.496633629261821287e-04;7.110154374411202819e-05
7.500000000000000000e+03;1.293286713286713493e+05;1.645103717198236591e-04;1.382018747935666635e-05
7.500000000000000000e+03;1.293776223776223924e+05;1.592419742106416169e-04;-4.458112788283814765e-05
7.500000000000000000e+03;1.294265734265734063e+05;1.332791033394301755e-04;-9.803714248937596713e-05
7.500000000000000000e+03;1.294755244755244639e+05;9.019183522357266769e-05;-1.379566122783983161e-04
7.500000000000000000e+03;1.295244755244755215e+05;3.614016145626643671e-05;-1.611942785080423682e-04
7.500000000000000000e+03;1.295734265734265646e+05;-2.263040173165487148e-05;-1.632559677492045652e-04
7.500000000000000000e+03;1.296223776223776076e+05;-7.857679630727023299e-05;-1.451443589886131601e-04
7.500000000000000000e+03;1.296713286713286507e+05;-1.244050738706205706e-04;-1.080775409320658523e-04
7.500000000000000000e+03;1.297202797202797228e+05;-1.540811498862167236e-04;-5.809072558273023897e-05
7.500000000000000000e+03;1.297692307692307659e+05;-1.649653748924386160e-04;-1.704371810542498936e-07
7.500000000000000000e+03;1.298181818181818235e+05;-1.543071181789050419e-04;5.725519474830971620e-05
7.500000000000000000e+03;1.298671328671328665e+05;-1.245892820149484585e-04;1.075561920573900093e-04
7.500000000000000000e+03;1.299160839160839096e+05;-7.900450880846805973e-05;1.442210946192154443e-04
7.500000000000000000e+03;1.299650349650349817e+05;-2.385443667407682725e-05;1.626325982038508047e-04
7.500000000000000000e+03;1.300139860139859957e+05;3.465240070588913721e-05;1.606683898963306761e-04
7.500000000000000000e+03;1.300629370629370678e+05;8.847622422240333762e-05;1.384000819234013882e-04
7.500000000000000000e+03;1.301118881118880818e+05;1.310373504984981171e-04;9.899012250215849507e-05
7.500000000000000000e+03;1.301608391608391248e+05;1.573826620267931322e-04;4.691926894221463821e-05
7.500000000000000000e+03;1.302097902097901970e+05;1.639219694790086874e-04;-1.043664289775145314e-05
7.500000000000000000e+03;1.302587412587412400e+05;1.498998289087296828e-04;-6.708131385799425816e-05
7.500000000000000000e+03;1.303076923076923122e+05;1.170222453790462568e-04;-1.146950500019047015e-04
7.500000000000000000e+03;1.303566433566433552e+05;7.029613312114958051e-05;-1.482277398939993288e-04
7.500000000000000000e+03;1.304055944055943983e+05;1.388005428937970961e-05;-1.631727966297658993e-04
7.500000000000000000e+03;1.304545454545454268e+05;-4.337308228746610661e-05;-1.580274211730055799e-04
7.500000000000000000e+03;1.305034965034964989e+05;-9.553722613968582470e-05;-1.326859074644255515e-04
7.500000000000000000e+03;1.305524475524475565e+05;-1.355037033341391188e-04;-9.153378108300732035e-05
7.500000000000000000e+03;1.306013986013985850e+05;-1.591709998640722975e-04;-3.891598008436428848e-05
7.500000000000000000e+03;1.306503496503496426e+05;-1.622034095326782826e-04;1.884028148567610627e-05
7.500000000000000000e+03;1.306993006993007148e+05;-1.460041127681750673e-04;7.367383619579925965e-05
7.500000000000000000e+03;1.307482517482517578e+05;-1.113195484491082273e-04;1.193993368177714273e-04
7.500000000000000000e+03;1.307972027972027863e+05;-6.312400941943822549e-05;1.506305581782279625e-04
7.500000000000000000e+03;1.308461538461538294e+05;-7.106446710736265265e-06;1.631483571425353031e-04
7.500000000000000000e+03;1.308951048951049015e+05;4.956720126228301158e-05;1.550020185273834621e-04
7.500000000000000000e+03;1.309440559440559446e+05;9.998946558288093148e-05;1.287011758179509098e-04
7.500000000000000000e+03;1.309930069930069876e+05;1.383343792003819989e-04;8.610626575354211616e-05
7.500000000000000000e+03;1.310419580419580307e+05;1.592476118502616470e-04;3.290899450412499740e-05
7.500000000000000000e+03;1.310909090909090883e+05;1.608479058598202198e-04;-2.397778571616611127e-05
7.500000000000000000e+03;1.311398601398601313e+05;1.424340569798706495e-04;-7.759624167187391278e-05
7.500000000000000000e+03;1.311888111888111744e+05;1.072675246286650157e-04;-1.222343599375077053e-04
7.500000000000000000e+03;1.312377622377622465e+05;5.797451845073840618e-05;-1.515226687201519427e-04
7.500000000000000000e+03;1.312867132867132605e+05;2.742523866869073133e-06;-1.618156712069551912e-04
7.500000000000000000e+03;1.313356643356643326e+05;-5.334163930923078805e-05;-1.531311081022040629e-04
7.500000000000000000e+03;1.313846153846153757e+05;-1.026086447832010652e-04;-1.253464267571180631e-04
7.500000000000000000e+03;1.314335664335664478e+05;-1.396155072844408509e-04;-8.230741410587972390e-05
7.500000000000000000e+03;1.314825174825174909e+05;-1.588227107003180457e-04;-2.919242071289625062e-05
7.500000000000000000e+03;1.315314685314685339e+05;-1.595813774638907398e-04;2.647106298799142094e-05
7.500000000000000000e+03;1.315804195804195479e+05;-1.405013209237751732e-04;8.025472252986405825e-05
7.500000000000000000e+03;1.316293706293705909e+05;-1.042457687174426083e-04;1.230647106688353705e-04
7.500000000000000000e+03;1.316783216783216631e+05;-5.583911365275593324e-05;1.513366281229952830e-04
7.500000000000000000e+03;1.317272727272727061e+05;-5.129604436574565721e-07;1.609698794562756366e-04
7.500000000000000000e+03;1.317762237762237783e+05;5.467518628591404311e-05;1.519468421245258728e-04
7.500000000000000000e+03;1.318251748251748213e+05;1.035407014156193947e-04;1.231460732457072998e-04
7.500000000000000000e+03;1.318741258741258644e+05;1.389809469404886422e-04;8.083366571926548362e-05
7.500000000000000000e+03;1.319230769230769074e+05;1.586828338679016994e-04;2.829449876465206043e-05
7.500000000000000000e+03;1.319720279720279796e+05;1.583003872161293580e-04;-2.755291440690740441e-05
7.500000000000000000e+03;1.320209790209790226e+05;1.397173495528529214e-04;-8.016310702754912058e-05
7.500000000000000000e+03;1.320699300699300657e+05;1.033561554674660403e-04;-1.224269996160786832e-04
7.500000000000000000e+03;1.321188811188811087e+05;5.599253920121615590e-05;-1.505493630737676498e-04
7.500000000000000000e+03;1.321678321678321518e+05;6.687889122280096946e-07;-1.605050153909387903e-04
7.500000000000000000e+03;1.322167832167831948e+05;-5.361902673485849081e-05;-1.507342160670272770e-04
7.500000000000000000e+03;1.322657342657342379e+05;-1.021177530102504113e-04;-1.234738831759815139e-04
7.500000000000000000e+03;1.323146853146853100e+05;-1.374878981234478386e-04;-8.122028308893511784e-05
7.500000000000000000e+03;1.323636363636363531e+05;-1.573979776281553072e-04;-2.964369162555443901e-05
7.500000000000000000e+03;1.324125874125873670e+05;-1.575620624413363966e-04;2.604922646582933605e-05
7.500000000000000000e+03;1.324615384615384683e+05;-1.393661846038266982e-04;7.752682251273111799e-05
7.500000000000000000e+03;1.325104895104895113e+05;-1.045929415862486043e-04;1.205727780514470653e-04
7.500000000000000000e+03;1.325594405594405544e+05;-5.747193830602488423e-05;1.485570371990990062e-04
7.500000000000000000e+03;1.326083916083915974e+05;-3.349547342586754406e-06;1.594660482911165289e-04
7.500000000000000000e+03;1.326573426573426405e+05;5.090115190043994575e-05;1.504249682845681892e-04
7.500000000000000000e+03;1.327062937062936835e+05;9.862761238219789164e-05;1.247105445606671659e-04
7.500000000000000000e+03;1.327552447552447265e+05;1.354229880413347891e-04;8.339691762338669880e-05
7.500000000000000000e+03;1.328041958041957114e+05;1.552992747138647663e-04;3.264966047415201247e-05
7.500000000000000000e+03;1.328531468531468709e+05;1.571383055942855527e-04;-2.214580147389778330e-05
7.500000000000000000e+03;1.329020979020978848e+05;1.401446612020893693e-04;-7.361417851578379681e-05
7.500000000000000000e+03;1.329510489510489278e+05;1.072701848264626009e-04;-1.171377443407368334e-04
7.500000000000000000e+03;1.329999999999999709e+05;6.062515976311165847e-05;-1.462592264172814726e-04
7.500000000000000000e+03;1.330489510489510139e+05;8.064664740009193321e-06;-1.579838125504061050e-04
7.500000000000000000e+03;1.330979020979020861e+05;-4.600014964129733251e-05;-1.514276770144364135e-04
7.500000000000000000e+03;1.331468531468531291e+05;-9.435855471748945183e-05;-1.270405488400193068e-04
7.500000000000000000e+03;1.331958041958042595e+05;-1.318564181087236611e-04;-8.743371094746690093e-05
7.500000000000000000e+03;1.332447552447552443e+05;-1.531251386330238925e-04;-3.778087881492914077e-05
7.500000000000000000e+03;1.332937062937062874e+05;-1.571367995554974614e-04;1.585474944880793880e-05
7.500000000000000000e+03;1.333426573426573304e+05;-1.423739436201765989e-04;6.819387369241634985e-05
7.500000000000000000e+03;1.333916083916083735e+05;-1.108858518946897120e-04;1.121186062035017702e-04
7.500000000000000000e+03;1.334405594405594456e+05;-6.654557656665117374e-05;1.428187869876785707e-04
7.500000000000000000e+03;1.334895104895104596e+05;-1.462555167992141254e-05;1.568258555715075790e-04
7.500000000000000000e+03;1.335384615384615026e+05;3.908316122272781367e-05;1.528517630779055415e-04
7.500000000000000000e+03;1.335874125874125457e+05;8.838454609314159928e-05;1.305762669580535140e-04
7.500000000000000000e+03;1.336363636363636178e+05;1.268520511070520462e-04;9.327379510205914309e-05
7.500000000000000000e+03;1.336853146853146900e+05;1.508564916666741914e-04;4.544690605933432925e-05
7.500000000000000000e+03;1.337342657342657330e+05;1.573533356692274898e-04;-7.821827677001463394e-06
7.500000000000000000e+03;1.337832167832167761e+05;1.454728498202295737e-04;-6.029776307319192999e-05
7.500000000000000000e+03;1.338321678321678191e+05;1.164824505224317257e-04;-1.053772510706314796e-04
7.500000000000000000e+03;1.338811188811188622e+05;7.466418741778794261e-05;-1.380570855767271517e-04
7.500000000000000000e+03;1.339300699300699052e+05;2.380346324910774007e-05;-1.554303522195231001e-04
7.500000000000000000e+03;1.339790209790209483e+05;-2.981451621827962582e-05;-1.540973957807631283e-04
7.500000000000000000e+03;1.340279720279720204e+05;-7.950079999486833174e-05;-1.350782703994865574e-04
7.500000000000000000e+03;1.340769230769230635e+05;-1.201663502682910302e-04;-1.008512747465965272e-04
7.500000000000000000e+03;1.341258741258741065e+05;-1.471107983022926983e-04;-5.498555471768355388e-05
7.500000000000000000e+03;1.341748251748251787e+05;-1.568231102903085963e-04;-2.199319381275950795e-06
7.500000000000000000e+03;1.342237762237762217e+05;-1.484082563964824613e-04;4.980339302482948244e-05
7.500000000000000000e+03;1.342727272727272357e+05;-1.233840589491178681e-04;9.650757910678198096e-05
7.500000000000000000e+03;1.343216783216783078e+05;-8.379289675376777342e-05;1.322469681610848654e-04
7.500000000000000000e+03;1.343706293706293509e+05;-3.488157112516823607e-05;1.524216954605489820e-04
7.500000000000000000e+03;1.344195804195804230e+05;1.805767231325059360e-05;1.550056228558737001e-04
7.500000000000000000e+03;1.344685314685314661e+05;6.869339758610335054e-05;1.403647416165989419e-04
7.500000000000000000e+03;1.345174825174824800e+05;1.115828769047186417e-04;1.092162387456023547e-04
7.500000000000000000e+03;1.345664335664335522e+05;1.415647988379479139e-04;6.570742917046985950e-05
7.500000000000000000e+03;1.346153846153845952e+05;1.553632547573038990e-04;1.491884882356396806e-05
7.500000000000000000e+03;1.346643356643356674e+05;1.513130326250186597e-04;-3.760628856354747250e-05
7.500000000000000000e+03;1.347132867132866813e+05;1.301888999986479487e-04;-8.582220080936875958e-05
7.500000000000000000e+03;1.347622377622377826e+05;9.430482388977984222e-05;-1.241714678809151240e-04
7.500000000000000000e+03;1.348111888111888256e+05;4.731202224178925855e-05;-1.483601064299479668e-04
7.500000000000000000e+03;1.348601398601398396e+05;-4.446505541847938632e-06;-1.555712195409159559e-04
7.500000000000000000e+03;1.349090909090909117e+05;-5.591909635645407698e-05;-1.453412944286709002e-04
7.500000000000000000e+03;1.349580419580419548e+05;-1.010630324786087827e-04;-1.185006592771298983e-04
7.500000000000000000e+03;1.350069930069929978e+05;-1.348176919583596366e-04;-7.819439351750686001e-05
7.500000000000000000e+03;1.350559440559440409e+05;-1.526125494494038845e-04;-2.920268282028442084e-05
7.500000000000000000e+03;1.351048951048950548e+05;-1.541751764518140640e-04;2.286952913394103314e-05
7.500000000000000000e+03;1.351538461538462143e+05;-1.376822726298885006e-04;7.276462740090982673e-05
7.500000000000000000e+03;1.352027972027971991e+05;-1.056917516039623242e-04;1.140471434357826343e-04
7.500000000000000000e+03;1.352517482517482422e+05;-6.197293835409625686e-05;1.424510041309769279e-04
7.500000000000000000e+03;1.353006993006992852e+05;-1.179867652199510962e-05;1.548730264619475481e-04
7.500000000000000000e+03;1.353496503496503283e+05;4.068143394008420240e-05;1.502388095491777418e-04
7.500000000000000000e+03;1.353986013986014004e+05;8.770627043317581588e-05;1.280224057659361660e-04
7.500000000000000000e+03;1.354475524475524144e+05;1.248527350749461195e-04;9.195432308550043174e-05
7.500000000000000000e+03;1.354965034965034574e+05;1.484093374290994542e-04;4.590485073732298828e-05
7.500000000000000000e+03;1.355454545454545296e+05;1.553150591539804331e-04;-5.717589669250768139e-06
7.500000000000000000e+03;1.355944055944055726e+05;1.441978997135657365e-04;-5.681489064533540501e-05
7.500000000000000000e+03;1.356433566433566448e+05;1.176545110595805549e-04;-1.003612823136192561e-04
7.500000000000000000e+03;1.356923076923076878e+05;7.811962082647946036e-05;-1.336884987829611935e-04
7.500000000000000000e+03;1.357412587412587309e+05;2.932759740382781145e-05;-1.522008079911848501e-04
7.500000000000000000e+03;1.357902097902097739e+05;-2.237600903295801997e-05;-1.525414862233803401e-04
7.500000000000000000e+03;1.358391608391608170e+05;-7.103914363684072514e-05;-1.366795058795092189e-04
7.500000000000000000e+03;1.358881118881118891e+05;-1.122394751009325611e-04;-1.063789906303520990e-04
7.500000000000000000e+03;1.359370629370629322e+05;-1.411860420013001292e-04;-6.264768888385872827e-05
7.500000000000000000e+03;1.359860139860139752e+05;-1.534823024435389143e-04;-1.292616624946036143e-05
7.500000000000000000e+03;1.360349650349650474e+05;-1.492611814351483244e-04;3.743745557686732877e-05
7.500000000000000000e+03;1.360839160839160904e+05;-1.290599628915254098e-04;8.489101627374962510e-05
7.500000000000000000e+03;1.361328671328671335e+05;-9.372304835234632084e-05;1.226572861328881095e-04
7.500000000000000000e+03;1.361818181818181765e+05;-4.807358919671591749e-05;1.454598870447765984e-04
7.500000000000000000e+03;1.362307692307692196e+05;1.605239675617447981e-06;1.538365015663793810e-04
7.500000000000000000e+03;1.362797202797202626e+05;5.220452229855107189e-05;1.446152979378545467e-04
7.500000000000000000e+03;1.363286713286713348e+05;9.695987703349517612e-05;1.190289804906259592e-04
7.500000000000000000e+03;1.363776223776223778e+05;1.299093654307704885e-04;8.060918458971723670e-05
7.500000000000000000e+03;1.364265734265734209e+05;1.490898882735485560e-04;3.428232583785485445e-05
7.500000000000000000e+03;1.364755244755244639e+05;1.526134972555686004e-04;-1.732232475335839875e-05
7.500000000000000000e+03;1.365244755244755070e+05;1.377080759572874740e-04;-6.569290746367391430e-05
7.500000000000000000e+03;1.365734265734265791e+05;1.087758790380307755e-04;-1.072866392304355543e-04
7.500000000000000000e+03;1.366223776223776222e+05;6.795625987865307313e-05;-1.365620942266465706e-04
7.500000000000000000e+03;1.366713286713286652e+05;1.939751780877780707e-05;-1.519004023692713712e-04
7.500000000000000000e+03;1.367202797202797374e+05;-3.165484493328802083e-05;-1.490591810159132204e-04
7.500000000000000000e+03;1.367692307692307804e+05;-7.783915150041003414e-05;-1.311280277705453260e-04
7.500000000000000000e+03;1.368181818181818235e+05;-1.169771317370398169e-04;-9.825526287949257491e-05
7.500000000000000000e+03;1.368671328671328665e+05;-1.422004467213165008e-04;-5.519292106107222289e-05
7.500000000000000000e+03;1.369160839160839096e+05;-1.527482807762465676e-04;-5.319561629627202807e-06
7.500000000000000000e+03;1.369650349650349526e+05;-1.455901867479814115e-04;4.391868954855513178e-05
7.500000000000000000e+03;1.370139860139860248e+05;-1.239005808088345425e-04;8.924103519294506988e-05
7.500000000000000000e+03;1.370629370629370096e+05;-8.760052972972395466e-05;1.242578883166568727e-04
7.500000000000000000e+03;1.371118881118881109e+05;-4.292067100234163738e-05;1.460036218354798278e-04
7.500000000000000000e+03;1.371608391608391539e+05;7.645413822877285631e-06;1.516873315348653565e-04
7.500000000000000000e+03;1.372097902097901970e+05;5.553485166786569405e-05;1.408091652408093302e-04
7.500000000000000000e+03;1.372587412587412400e+05;9.897077977883920596e-05;1.151195365210732626e-04
7.500000000000000000e+03;1.373076923076923122e+05;1.306444564082261724e-04;7.670463046730701263e-05
7.500000000000000000e+03;1.373566433566433552e+05;1.485082154576002154e-04;2.977886444154530425e-05
7.500000000000000000e+03;1.374055944055943692e+05;1.495919668892791430e-04;-1.973689756260627921e-05
7.500000000000000000e+03;1.374545454545454122e+05;1.359504346137092499e-04;-6.670318309899335256e-05
7.500000000000000000e+03;1.375034965034965135e+05;1.061425884961997708e-04;-1.081704230282688165e-04
7.500000000000000000e+03;1.375524475524475565e+05;6.546807479034141809e-05;-1.355788244396986613e-04
7.500000000000000000e+03;1.376013986013985996e+05;1.831152553884396079e-05;-1.493359572162411184e-04
7.500000000000000000e+03;1.376503496503496426e+05;-3.103842858149337067e-05;-1.479015984418742677e-04
7.500000000000000000e+03;1.376993006993006857e+05;-7.779653727448703794e-05;-1.291985203013190837e-04
7.500000000000000000e+03;1.377482517482517578e+05;-1.147428033181909049e-04;-9.617502398592771198e-05
7.500000000000000000e+03;1.377972027972028009e+05;-1.395023161538855490e-04;-5.556314498364350217e-05
7.500000000000000000e+03;1.378461538461538439e+05;-1.507694773094788397e-04;-6.146414451193830088e-06
7.500000000000000000e+03;1.378951048951048870e+05;-1.439786745807127238e-04;4.321350476733874091e-05
7.500000000000000000e+03;1.379440559440559591e+05;-1.219251560878833367e-04;8.600276876502407290e-05
7.500000000000000000e+03;1.379930069930069731e+05;-8.853005198039963389e-05;1.216822399234054208e-04
7.500000000000000000e+03;1.380419580419580452e+05;-4.417315144878009031e-05;1.441759073413005849e-04
7.500000000000000000e+03;1.380909090909090883e+05;5.562175151712424212e-06;1.492482383534011624e-04
7.500000000000000000e+03;1.381398601398601313e+05;5.204250033422605016e-05;1.403565417678311273e-04
7.500000000000000000e+03;1.381888111888112035e+05;9.492718760264112548e-05;1.164958952553293983e-04
7.500000000000000000e+03;1.382377622377622174e+05;1.283212856663722915e-04;7.828088308926388079e-05
7.500000000000000000e+03;1.382867132867132896e+05;1.451835064501661831e-04;3.402306158709997200e-05
7.500000000000000000e+03;1.383356643356643326e+05;1.490905590380407102e-04;-1.479074703401028451e-05
7.500000000000000000e+03;1.383846153846153757e+05;1.368814404862868427e-04;-6.243707025559387593e-05
7.500000000000000000e+03;1.384335664335664478e+05;1.086430637504732941e-04;-1.024851366015465946e-04
7.500000000000000000e+03;1.384825174825174909e+05;7.002287043960461895e-05;-1.319341972838152075e-04
7.500000000000000000e+03;1.385314685314685339e+05;2.511953991784486335e-05;-1.481138728655243084e-04
7.500000000000000000e+03;1.385804195804195770e+05;-2.576589876105353093e-05;-1.471393392899581778e-04
7.500000000000000000e+03;1.386293706293706200e+05;-6.975733686679990667e-05;-1.318987520271956465e-04
7.500000000000000000e+03;1.386783216783217213e+05;-1.094050540895863529e-04;-1.025637253415432714e-04
7.500000000000000000e+03;1.387272727272727352e+05;-1.364274960017658911e-04;-6.120797333522441576e-05
7.500000000000000000e+03;1.387762237762237783e+05;-1.486675396525412188e-04;-1.518086054644175862e-05
7.500000000000000000e+03;1.388251748251748213e+05;-1.451704751333890886e-04;3.326936758750143562e-05
7.500000000000000000e+03;1.388741258741258644e+05;-1.289351189338414517e-04;7.867859645696753765e-05
7.500000000000000000e+03;1.389230769230769365e+05;-9.395554035206129054e-05;1.151691713057139527e-04
7.500000000000000000e+03;1.389720279720279796e+05;-5.486966827434820498e-05;1.384134136556822083e-04
7.500000000000000000e+03;1.390209790209789644e+05;-7.056335412981037604e-06;1.503175364910874941e-04
7.500000000000000000e+03;1.390699300699300657e+05;4.220233575032673136e-05;1.431151125941192777e-04
7.500000000000000000e+03;1.391188811188811087e+05;8.485476761536055504e-05;1.223325461918328173e-04
7.500000000000000000e+03;1.391678321678321518e+05;1.181012165954598833e-04;8.918399798400900708e-05
7.500000000000000000e+03;1.392167832167832239e+05;1.435227167062743108e-04;4.727941699613453450e-05
7.500000000000000000e+03;1.392657342657342670e+05;1.480642674060221814e-04;-3.079199375054529917e-06
7.500000000000000000e+03;1.393146853146853391e+05;1.398528213215662747e-04;-4.755785694688506756e-05
7.500000000000000000e+03;1.393636363636363239e+05;1.191273713606620833e-04;-9.085332722597711484e-05
7.500000000000000000e+03;1.394125874125873670e+05;8.215196951661372666e-05;-1.245749718548231158e-04
7.500000000000000000e+03;1.394615384615384683e+05;3.806111671107809206e-05;-1.435707338337143988e-04
7.500000000000000000e+03;1.395104895104895113e+05;-7.684872283442885829e-06;-1.470093797403000245e-04
7.500000000000000000e+03;1.395594405594405835e+05;-5.541190191630727924e-05;-1.398040408964762471e-04
7.500000000000000000e+03;1.396083916083915974e+05;-9.722274783305276532e-05;-1.123777734285148755e-04
7.500000000000000000e+03;1.396573426573426405e+05;-1.260063431452990265e-04;-7.548525750839150885e-05
7.500000000000000000e+03;1.397062937062937126e+05;-1.442980744422441778e-04;-3.352327601419328291e-05
7.500000000000000000e+03;1.397552447552447557e+05;-1.476741435107391904e-04;1.617857100295852540e-05
7.500000000000000000e+03;1.398041958041957987e+05;-1.339572432382632764e-04;6.250035952201513307e-05
7.500000000000000000e+03;1.398531468531468417e+05;-1.067510064685914045e-04;9.984185170735737310e-05
7.500000000000000000e+03;1.399020979020979139e+05;-7.072471425654221276e-05;1.303316827481601416e-04
7.500000000000000000e+03;1.399510489510489570e+05;-2.497001512504851500e-05;1.461290783131842486e-04
7.500000000000000000e+03;1.400000000000000000e+05;2.296873258164886146e-05;1.453333110280568652e-04
